ISO-10303-21;
HEADER;
FILE_DESCRIPTION (( 'STEP AP214' ),
    '1' );
FILE_NAME ('QRE1113GR.STEP',
    '2020-08-27T11:32:13',
    ( '' ),
    ( '' ),
    'SwSTEP 2.0',
    'SolidWorks 2019',
    '' );
FILE_SCHEMA (( 'AUTOMOTIVE_DESIGN' ));
ENDSEC;

DATA;
#1 = ORIENTED_EDGE ( 'NONE', *, *, #1414, .T. ) ;
#2 = FILL_AREA_STYLE_COLOUR ( '', #4422 ) ;
#3 = FACE_OUTER_BOUND ( 'NONE', #1804, .T. ) ;
#4 =( NAMED_UNIT ( * ) SI_UNIT ( $, .STERADIAN. ) SOLID_ANGLE_UNIT ( ) );
#5 = ADVANCED_FACE ( 'NONE', ( #4262 ), #2095, .F. ) ;
#6 = DIRECTION ( 'NONE',  ( -8.474091755303839943E-32, -1.000000000000000000, -0.000000000000000000 ) ) ;
#7 = VECTOR ( 'NONE', #3120, 1000.000000000000000 ) ;
#8 = CARTESIAN_POINT ( 'NONE',  ( 0.2303869885571692422, 0.02170879169809038917, 3.750000000001600942 ) ) ;
#9 = UNCERTAINTY_MEASURE_WITH_UNIT (LENGTH_MEASURE( 1.000000000000000082E-05 ), #2622, 'distance_accuracy_value', 'NONE');
#10 = ADVANCED_FACE ( 'NONE', ( #3896 ), #25, .T. ) ;
#11 = EDGE_LOOP ( 'NONE', ( #703, #4326, #599, #1698 ) ) ;
#12 = ORIENTED_EDGE ( 'NONE', *, *, #4308, .F. ) ;
#13 = CARTESIAN_POINT ( 'NONE',  ( -1.666059620849556167, 1.591708791698089875, 3.450000000001601119 ) ) ;
#14 = EDGE_CURVE ( 'NONE', #826, #1480, #1382, .T. ) ;
#15 = VECTOR ( 'NONE', #2451, 1000.000000000000000 ) ;
#16 = DIRECTION ( 'NONE',  ( -1.000000000000000000, -1.571307496355803202E-16, 0.000000000000000000 ) ) ;
#17 = ORIENTED_EDGE ( 'NONE', *, *, #1525, .F. ) ;
#18 = LINE ( 'NONE', #3867, #118 ) ;
#19 = COLOUR_RGB ( '',0.7921568627450980005, 0.8196078431372548767, 0.9333333333333333481 ) ;
#20 = FILL_AREA_STYLE ('',( #105 ) ) ;
#21 = AXIS2_PLACEMENT_3D ( 'NONE', #3221, #1120, #2532 ) ;
#22 = CARTESIAN_POINT ( 'NONE',  ( -1.919613011442830253, 0.2117087916980894546, 3.900000000001600853 ) ) ;
#23 = ORIENTED_EDGE ( 'NONE', *, *, #938, .F. ) ;
#24 = SURFACE_STYLE_USAGE ( .BOTH. , #4260 ) ;
#25 = PLANE ( 'NONE',  #2093 ) ;
#26 = SURFACE_STYLE_FILL_AREA ( #3465 ) ;
#27 = LINE ( 'NONE', #3182, #3483 ) ;
#28 = ORIENTED_EDGE ( 'NONE', *, *, #1185, .T. ) ;
#29 = SURFACE_SIDE_STYLE ('',( #384 ) ) ;
#30 =( NAMED_UNIT ( * ) PLANE_ANGLE_UNIT ( ) SI_UNIT ( $, .RADIAN. ) );
#31 = LINE ( 'NONE', #2422, #2690 ) ;
#32 = CARTESIAN_POINT ( 'NONE',  ( -2.602925838464816621, 0.7917087916980900530, 4.742564309982864934 ) ) ;
#33 = FILL_AREA_STYLE ('',( #346 ) ) ;
#34 = EDGE_LOOP ( 'NONE', ( #2289, #3622, #1047, #1951 ) ) ;
#35 = VERTEX_POINT ( 'NONE', #1195 ) ;
#36 = VECTOR ( 'NONE', #3594, 1000.000000000000000 ) ;
#37 = SHAPE_DEFINITION_REPRESENTATION ( #1215, #4638 ) ;
#38 = VECTOR ( 'NONE', #3436, 1000.000000000000000 ) ;
#39 = CYLINDRICAL_SURFACE ( 'NONE', #2437, 0.09999999999999982514 ) ;
#40 = PRESENTATION_LAYER_ASSIGNMENT (  '', '', ( #3782 ) ) ;
#41 = VERTEX_POINT ( 'NONE', #137 ) ;
#42 = MECHANICAL_DESIGN_GEOMETRIC_PRESENTATION_REPRESENTATION (  '', ( #3472 ), #2874 ) ;
#43 = CARTESIAN_POINT ( 'NONE',  ( -1.603927586493592239, 1.441708791698089964, 3.650000000001600853 ) ) ;
#44 = CARTESIAN_POINT ( 'NONE',  ( 0.4803869885571696585, -1.508291208301909991, 3.400000000001600853 ) ) ;
#45 = VERTEX_POINT ( 'NONE', #2188 ) ;
#46 = FILL_AREA_STYLE_COLOUR ( '', #3355 ) ;
#47 = COLOUR_RGB ( '',0.4392156862745097978, 0.4392156862745097978, 0.4392156862745097978 ) ;
#48 =( NAMED_UNIT ( * ) SI_UNIT ( $, .STERADIAN. ) SOLID_ANGLE_UNIT ( ) );
#49 = EDGE_LOOP ( 'NONE', ( #861, #4609, #4275, #4441 ) ) ;
#50 = CARTESIAN_POINT ( 'NONE',  ( -2.144613011442828565, 1.466708791698090986, 5.380000000001600391 ) ) ;
#51 =( NAMED_UNIT ( * ) PLANE_ANGLE_UNIT ( ) SI_UNIT ( $, .RADIAN. ) );
#52 =( LENGTH_UNIT ( ) NAMED_UNIT ( * ) SI_UNIT ( .MILLI., .METRE. ) );
#53 = STYLED_ITEM ( 'NONE', ( #4612 ), #712 ) ;
#54 = UNCERTAINTY_MEASURE_WITH_UNIT (LENGTH_MEASURE( 1.000000000000000082E-05 ), #4329, 'distance_accuracy_value', 'NONE');
#55 = VERTEX_POINT ( 'NONE', #2606 ) ;
#56 = PRESENTATION_STYLE_ASSIGNMENT (( #1852 ) ) ;
#57 = EDGE_CURVE ( 'NONE', #1467, #945, #2538, .T. ) ;
#58 =( NAMED_UNIT ( * ) SI_UNIT ( $, .STERADIAN. ) SOLID_ANGLE_UNIT ( ) );
#59 = ORIENTED_EDGE ( 'NONE', *, *, #115, .F. ) ;
#60 = CARTESIAN_POINT ( 'NONE',  ( -1.645348942730901154, 1.541708791698090053, 3.750000000001600942 ) ) ;
#61 = VECTOR ( 'NONE', #4204, 1000.000000000000000 ) ;
#62 = SURFACE_STYLE_FILL_AREA ( #1859 ) ;
#63 = ORIENTED_EDGE ( 'NONE', *, *, #764, .T. ) ;
#64 = FACE_OUTER_BOUND ( 'NONE', #4428, .T. ) ;
#65 = PLANE ( 'NONE',  #834 ) ;
#66 = EDGE_CURVE ( 'NONE', #139, #2374, #3642, .T. ) ;
#67 = SURFACE_STYLE_FILL_AREA ( #1867 ) ;
#68 = VERTEX_POINT ( 'NONE', #824 ) ;
#69 = LINE ( 'NONE', #695, #4074 ) ;
#70 = MECHANICAL_DESIGN_GEOMETRIC_PRESENTATION_REPRESENTATION (  '', ( #302 ), #3894 ) ;
#71 = STYLED_ITEM ( 'NONE', ( #607 ), #520 ) ;
#72 = PRESENTATION_LAYER_ASSIGNMENT (  '', '', ( #602 ) ) ;
#73 = LINE ( 'NONE', #2915, #1113 ) ;
#74 =( NAMED_UNIT ( * ) SI_UNIT ( $, .STERADIAN. ) SOLID_ANGLE_UNIT ( ) );
#75 = VECTOR ( 'NONE', #4320, 1000.000000000000000 ) ;
#76 = FACE_OUTER_BOUND ( 'NONE', #625, .T. ) ;
#77 = MECHANICAL_DESIGN_GEOMETRIC_PRESENTATION_REPRESENTATION (  '', ( #2165 ), #3586 ) ;
#78 = PRESENTATION_STYLE_ASSIGNMENT (( #1486 ) ) ;
#79 = PRESENTATION_LAYER_ASSIGNMENT (  '', '', ( #4419 ) ) ;
#80 = ORIENTED_EDGE ( 'NONE', *, *, #1134, .F. ) ;
#81 =( LENGTH_UNIT ( ) NAMED_UNIT ( * ) SI_UNIT ( .MILLI., .METRE. ) );
#82 = PRESENTATION_LAYER_ASSIGNMENT (  '', '', ( #3591 ) ) ;
#83 = SURFACE_STYLE_USAGE ( .BOTH. , #1253 ) ;
#84 = MECHANICAL_DESIGN_GEOMETRIC_PRESENTATION_REPRESENTATION (  '', ( #1877 ), #2237 ) ;
#85 = CARTESIAN_POINT ( 'NONE',  ( -3.169613011442830253, -1.008291208301910435, 4.682150905820581244 ) ) ;
#86 = VECTOR ( 'NONE', #2208, 1000.000000000000000 ) ;
#87 = PRESENTATION_LAYER_ASSIGNMENT (  '', '', ( #469 ) ) ;
#88 = CARTESIAN_POINT ( 'NONE',  ( -1.761034367680137436, 1.820998113579435307, 3.400000000001600409 ) ) ;
#89 = EDGE_LOOP ( 'NONE', ( #2970, #4137, #2898, #3360 ) ) ;
#90 =( LENGTH_UNIT ( ) NAMED_UNIT ( * ) SI_UNIT ( .MILLI., .METRE. ) );
#91 = CARTESIAN_POINT ( 'NONE',  ( 1.078863668138916321, 0.7917087916980902751, 5.400000000001601741 ) ) ;
#92 = AXIS2_PLACEMENT_3D ( 'NONE', #2576, #397, #1490 ) ;
#93 = ORIENTED_EDGE ( 'NONE', *, *, #141, .T. ) ;
#94 = UNCERTAINTY_MEASURE_WITH_UNIT (LENGTH_MEASURE( 1.000000000000000082E-05 ), #2501, 'distance_accuracy_value', 'NONE');
#95 =( LENGTH_UNIT ( ) NAMED_UNIT ( * ) SI_UNIT ( .MILLI., .METRE. ) );
#96 = EDGE_CURVE ( 'NONE', #1167, #1748, #846, .T. ) ;
#97 = CARTESIAN_POINT ( 'NONE',  ( 0.3303869885571688592, 1.641708791698089698, 3.400000000001600853 ) ) ;
#98 = DIRECTION ( 'NONE',  ( -1.000000000000000000, 1.637951978259724831E-16, -2.840569171771059074E-17 ) ) ;
#99 = UNCERTAINTY_MEASURE_WITH_UNIT (LENGTH_MEASURE( 1.000000000000000082E-05 ), #728, 'distance_accuracy_value', 'NONE');
#100 = SURFACE_STYLE_USAGE ( .BOTH. , #509 ) ;
#101 = CARTESIAN_POINT ( 'NONE',  ( 1.530386988557169925, -0.5082912083019101024, 5.500000000001601386 ) ) ;
#102 = VERTEX_POINT ( 'NONE', #4052 ) ;
#103 = STYLED_ITEM ( 'NONE', ( #4393 ), #3053 ) ;
#104 = DIRECTION ( 'NONE',  ( -3.257019760129191813E-16, 1.665334536937735304E-16, -1.000000000000000000 ) ) ;
#105 = FILL_AREA_STYLE_COLOUR ( '', #4061 ) ;
#106 =( LENGTH_UNIT ( ) NAMED_UNIT ( * ) SI_UNIT ( .MILLI., .METRE. ) );
#107 = VECTOR ( 'NONE', #3342, 1000.000000000000114 ) ;
#108 = PRESENTATION_STYLE_ASSIGNMENT (( #468 ) ) ;
#109 = EDGE_CURVE ( 'NONE', #3924, #2429, #2926, .T. ) ;
#110 = LINE ( 'NONE', #2205, #3900 ) ;
#111 = EDGE_LOOP ( 'NONE', ( #4301, #4421, #1342, #3215 ) ) ;
#112 = DIRECTION ( 'NONE',  ( -1.000000000000000000, 1.114032275271057355E-16, -0.000000000000000000 ) ) ;
#113 = DIRECTION ( 'NONE',  ( -1.942890293094024439E-16, 1.000000000000000000, -0.000000000000000000 ) ) ;
#114 =( LENGTH_UNIT ( ) NAMED_UNIT ( * ) SI_UNIT ( .MILLI., .METRE. ) );
#115 = EDGE_CURVE ( 'NONE', #1153, #3871, #3675, .T. ) ;
#116 = VERTEX_POINT ( 'NONE', #474 ) ;
#117 = FACE_OUTER_BOUND ( 'NONE', #4201, .T. ) ;
#118 = VECTOR ( 'NONE', #331, 1000.000000000000000 ) ;
#119 = LINE ( 'NONE', #2893, #2516 ) ;
#120 = AXIS2_PLACEMENT_3D ( 'NONE', #1713, #1368, #325 ) ;
#121 = CARTESIAN_POINT ( 'NONE',  ( -2.719613011442830519, 1.291708791698090053, 4.682150905820581244 ) ) ;
#122 = LINE ( 'NONE', #1546, #2329 ) ;
#123 = STYLED_ITEM ( 'NONE', ( #3841 ), #1933 ) ;
#124 = EDGE_CURVE ( 'NONE', #1467, #3111, #1890, .T. ) ;
#125 = PRESENTATION_LAYER_ASSIGNMENT (  '', '', ( #2578 ) ) ;
#126 = FACE_OUTER_BOUND ( 'NONE', #2503, .T. ) ;
#127 =( GEOMETRIC_REPRESENTATION_CONTEXT ( 3 ) GLOBAL_UNCERTAINTY_ASSIGNED_CONTEXT ( ( #3373 ) ) GLOBAL_UNIT_ASSIGNED_CONTEXT ( ( #852, #2778, #4217 ) ) REPRESENTATION_CONTEXT ( 'NONE', 'WORKASPACE' ) );
#128 = EDGE_LOOP ( 'NONE', ( #2113, #4541, #2312, #2224 ) ) ;
#129 = ORIENTED_EDGE ( 'NONE', *, *, #4362, .F. ) ;
#130 = SURFACE_STYLE_USAGE ( .BOTH. , #2290 ) ;
#131 =( NAMED_UNIT ( * ) PLANE_ANGLE_UNIT ( ) SI_UNIT ( $, .RADIAN. ) );
#132 = DIRECTION ( 'NONE',  ( 1.000000000000000000, 0.000000000000000000, 0.000000000000000000 ) ) ;
#133 = ORIENTED_EDGE ( 'NONE', *, *, #4369, .T. ) ;
#134 = SURFACE_STYLE_FILL_AREA ( #1194 ) ;
#135 = MECHANICAL_DESIGN_GEOMETRIC_PRESENTATION_REPRESENTATION (  '', ( #2141 ), #4332 ) ;
#136 = CARTESIAN_POINT ( 'NONE',  ( 0.2803869885571689258, -1.308291208301910036, 3.450000000001601119 ) ) ;
#137 = CARTESIAN_POINT ( 'NONE',  ( -2.234004899981251402, 1.291708791698090275, 4.800000000001600320 ) ) ;
#138 = AXIS2_PLACEMENT_3D ( 'NONE', #1271, #1568, #2985 ) ;
#139 = VERTEX_POINT ( 'NONE', #4338 ) ;
#140 = CARTESIAN_POINT ( 'NONE',  ( -1.869613011442830430, 0.2617087916980894713, 3.900000000001600853 ) ) ;
#141 = EDGE_CURVE ( 'NONE', #4590, #3478, #2252, .T. ) ;
#142 =( NAMED_UNIT ( * ) PLANE_ANGLE_UNIT ( ) SI_UNIT ( $, .RADIAN. ) );
#143 = ADVANCED_FACE ( 'NONE', ( #3315 ), #2166, .T. ) ;
#144 =( LENGTH_UNIT ( ) NAMED_UNIT ( * ) SI_UNIT ( .MILLI., .METRE. ) );
#145 = FILL_AREA_STYLE ('',( #2261 ) ) ;
#146 = AXIS2_PLACEMENT_3D ( 'NONE', #2342, #2379, #2996 ) ;
#147 = PRESENTATION_STYLE_ASSIGNMENT (( #2935 ) ) ;
#148 =( GEOMETRIC_REPRESENTATION_CONTEXT ( 3 ) GLOBAL_UNCERTAINTY_ASSIGNED_CONTEXT ( ( #295 ) ) GLOBAL_UNIT_ASSIGNED_CONTEXT ( ( #2004, #939, #1361 ) ) REPRESENTATION_CONTEXT ( 'NONE', 'WORKASPACE' ) );
#149 = FILL_AREA_STYLE_COLOUR ( '', #3912 ) ;
#150 = VECTOR ( 'NONE', #1109, 1000.000000000000000 ) ;
#151 = SURFACE_SIDE_STYLE ('',( #917 ) ) ;
#152 = ORIENTED_EDGE ( 'NONE', *, *, #218, .F. ) ;
#153 = EDGE_CURVE ( 'NONE', #3090, #2672, #3989, .T. ) ;
#154 = EDGE_CURVE ( 'NONE', #1907, #4092, #1676, .T. ) ;
#155 = VERTEX_POINT ( 'NONE', #4317 ) ;
#156 = CIRCLE ( 'NONE', #1201, 0.1000000000000000472 ) ;
#157 = DIRECTION ( 'NONE',  ( -2.840569171771057842E-17, -1.665334536937734811E-16, 1.000000000000000000 ) ) ;
#158 = DIRECTION ( 'NONE',  ( 0.000000000000000000, -0.000000000000000000, -1.000000000000000000 ) ) ;
#159 = CARTESIAN_POINT ( 'NONE',  ( -2.719613011442830075, -1.008291208301910435, 4.682150905820581244 ) ) ;
#160 = AXIS2_PLACEMENT_3D ( 'NONE', #3314, #113, #1538 ) ;
#161 = ORIENTED_EDGE ( 'NONE', *, *, #1648, .T. ) ;
#162 = FILL_AREA_STYLE ('',( #4120 ) ) ;
#163 = CARTESIAN_POINT ( 'NONE',  ( 0.1889656323198594945, 0.3031301479353989414, 3.650000000001601297 ) ) ;
#164 = CARTESIAN_POINT ( 'NONE',  ( 0.5303869885571695919, -1.558291208301909814, 5.380000000001600391 ) ) ;
#165 = STYLED_ITEM ( 'NONE', ( #2067 ), #1462 ) ;
#166 = ORIENTED_EDGE ( 'NONE', *, *, #2284, .F. ) ;
#167 = CARTESIAN_POINT ( 'NONE',  ( -1.869613011442830430, -1.258291208301910213, 3.750000000001600942 ) ) ;
#168 = FACE_OUTER_BOUND ( 'NONE', #1057, .T. ) ;
#169 = COLOUR_RGB ( '',0.4392156862745097978, 0.4392156862745097978, 0.4392156862745097978 ) ;
#170 = CARTESIAN_POINT ( 'NONE',  ( -1.828191655205521071, -1.216869852064600410, 3.650000000001601297 ) ) ;
#171 = SURFACE_STYLE_USAGE ( .BOTH. , #3756 ) ;
#172 = COLOUR_RGB ( '',0.4392156862745097978, 0.4392156862745097978, 0.4392156862745097978 ) ;
#173 = SURFACE_STYLE_USAGE ( .BOTH. , #3302 ) ;
#174 =( NAMED_UNIT ( * ) SI_UNIT ( $, .STERADIAN. ) SOLID_ANGLE_UNIT ( ) );
#175 = CYLINDRICAL_SURFACE ( 'NONE', #2383, 0.05000000000000012768 ) ;
#176 = PLANE ( 'NONE',  #288 ) ;
#177 = CARTESIAN_POINT ( 'NONE',  ( -0.8196130114428306079, 1.441708791698089964, 3.750000000001600942 ) ) ;
#178 = ORIENTED_EDGE ( 'NONE', *, *, #3814, .T. ) ;
#179 = ORIENTED_EDGE ( 'NONE', *, *, #3815, .T. ) ;
#180 = DIRECTION ( 'NONE',  ( 1.000000000000000000, -8.628166150854817716E-32, -1.804757342600189920E-16 ) ) ;
#181 = VECTOR ( 'NONE', #4129, 1000.000000000000000 ) ;
#182 = DIRECTION ( 'NONE',  ( -1.000000000000000000, 0.000000000000000000, -0.000000000000000000 ) ) ;
#183 = ORIENTED_EDGE ( 'NONE', *, *, #3933, .T. ) ;
#184 = SURFACE_SIDE_STYLE ('',( #2649 ) ) ;
#185 = PRESENTATION_STYLE_ASSIGNMENT (( #256 ) ) ;
#186 = AXIS2_PLACEMENT_3D ( 'NONE', #355, #1375, #399 ) ;
#187 = VERTEX_POINT ( 'NONE', #4009 ) ;
#188 = DIRECTION ( 'NONE',  ( 0.000000000000000000, 0.000000000000000000, 1.000000000000000000 ) ) ;
#189 = SURFACE_SIDE_STYLE ('',( #1996 ) ) ;
#190 = VECTOR ( 'NONE', #4015, 1000.000000000000000 ) ;
#191 = CARTESIAN_POINT ( 'NONE',  ( -1.969613011442830519, -1.358291208301910080, 3.400000000001600853 ) ) ;
#192 = DIRECTION ( 'NONE',  ( 1.376933246922772114E-16, -1.000000000000000000, -0.000000000000000000 ) ) ;
#193 = PRODUCT_DEFINITION ( 'BÝLÝNMEYEN', '', #3712, #394 ) ;
#194 = PRESENTATION_STYLE_ASSIGNMENT (( #171 ) ) ;
#195 = LINE ( 'NONE', #2955, #1458 ) ;
#196 = SURFACE_SIDE_STYLE ('',( #4105 ) ) ;
#197 = MECHANICAL_DESIGN_GEOMETRIC_PRESENTATION_REPRESENTATION (  '', ( #1834 ), #2419 ) ;
#198 = CARTESIAN_POINT ( 'NONE',  ( -1.969613011442830519, 0.2117087916980894546, 3.450000000001601119 ) ) ;
#199 = PLANE ( 'NONE',  #2021 ) ;
#200 = ORIENTED_EDGE ( 'NONE', *, *, #443, .T. ) ;
#201 = PRESENTATION_LAYER_ASSIGNMENT (  '', '', ( #2716 ) ) ;
#202 =( GEOMETRIC_REPRESENTATION_CONTEXT ( 3 ) GLOBAL_UNCERTAINTY_ASSIGNED_CONTEXT ( ( #2236 ) ) GLOBAL_UNIT_ASSIGNED_CONTEXT ( ( #106, #131, #2248 ) ) REPRESENTATION_CONTEXT ( 'NONE', 'WORKASPACE' ) );
#203 = UNCERTAINTY_MEASURE_WITH_UNIT (LENGTH_MEASURE( 1.000000000000000082E-05 ), #114, 'distance_accuracy_value', 'NONE');
#204 = ORIENTED_EDGE ( 'NONE', *, *, #1751, .T. ) ;
#205 = SURFACE_STYLE_FILL_AREA ( #967 ) ;
#206 = EDGE_CURVE ( 'NONE', #476, #756, #907, .T. ) ;
#207 = CARTESIAN_POINT ( 'NONE',  ( 0.3303869885571688592, -1.358291208301910080, 3.400000000001600853 ) ) ;
#208 = CARTESIAN_POINT ( 'NONE',  ( 0.1303869885571689868, 1.441708791698089742, 3.650000000001600853 ) ) ;
#209 = VERTEX_POINT ( 'NONE', #1949 ) ;
#210 = FACE_OUTER_BOUND ( 'NONE', #4474, .T. ) ;
#211 = CYLINDRICAL_SURFACE ( 'NONE', #1640, 0.09999999999999982514 ) ;
#212 = EDGE_CURVE ( 'NONE', #55, #1358, #2276, .T. ) ;
#213 = CARTESIAN_POINT ( 'NONE',  ( 0.3010976666758236053, -1.329001886420564382, 3.400000000001600409 ) ) ;
#214 = VERTEX_POINT ( 'NONE', #4095 ) ;
#215 = PRESENTATION_STYLE_ASSIGNMENT (( #3123 ) ) ;
#216 = VECTOR ( 'NONE', #4578, 1000.000000000000000 ) ;
#217 = CARTESIAN_POINT ( 'NONE',  ( -1.919613011442830253, 0.2117087916980894546, 3.450000000001601119 ) ) ;
#218 = EDGE_CURVE ( 'NONE', #4007, #3983, #2321, .T. ) ;
#219 = CARTESIAN_POINT ( 'NONE',  ( 1.078863668138916099, -1.008291208301910213, 5.400000000001601741 ) ) ;
#220 = LINE ( 'NONE', #1953, #2005 ) ;
#221 = EDGE_CURVE ( 'NONE', #2374, #463, #3047, .T. ) ;
#222 =( GEOMETRIC_REPRESENTATION_CONTEXT ( 3 ) GLOBAL_UNCERTAINTY_ASSIGNED_CONTEXT ( ( #3283 ) ) GLOBAL_UNIT_ASSIGNED_CONTEXT ( ( #3254, #1129, #1351 ) ) REPRESENTATION_CONTEXT ( 'NONE', 'WORKASPACE' ) );
#223 = AXIS2_PLACEMENT_3D ( 'NONE', #1749, #3205, #2819 ) ;
#224 = FILL_AREA_STYLE ('',( #2023 ) ) ;
#225 = COLOUR_RGB ( '',0.5372549019607842924, 0.3490196078431372362, 0.3372549019607843368 ) ;
#226 = LINE ( 'NONE', #574, #4407 ) ;
#227 = MECHANICAL_DESIGN_GEOMETRIC_PRESENTATION_REPRESENTATION (  '', ( #3284 ), #4038 ) ;
#228 = ORIENTED_EDGE ( 'NONE', *, *, #1038, .F. ) ;
#229 = CARTESIAN_POINT ( 'NONE',  ( -3.169613011442830697, 0.7917087916980899420, 5.500000000001600498 ) ) ;
#230 = VERTEX_POINT ( 'NONE', #3046 ) ;
#231 = FACE_OUTER_BOUND ( 'NONE', #582, .T. ) ;
#232 = CARTESIAN_POINT ( 'NONE',  ( 0.4803869885571696585, 0.1417087916980892537, 3.400000000001600853 ) ) ;
#233 = VECTOR ( 'NONE', #4508, 1000.000000000000000 ) ;
#234 = ORIENTED_EDGE ( 'NONE', *, *, #3178, .F. ) ;
#235 = CARTESIAN_POINT ( 'NONE',  ( -1.919613011442830253, 0.2117087916980894546, 3.900000000001600853 ) ) ;
#236 = CARTESIAN_POINT ( 'NONE',  ( -1.919613011442830253, -1.258291208301910213, 3.900000000001600853 ) ) ;
#237 = VECTOR ( 'NONE', #4449, 1000.000000000000000 ) ;
#238 = CARTESIAN_POINT ( 'NONE',  ( -2.801433274107301141, -0.5082912083019104355, 5.125977093973897780 ) ) ;
#239 = LINE ( 'NONE', #4168, #2460 ) ;
#240 = FILL_AREA_STYLE ('',( #549 ) ) ;
#241 = CARTESIAN_POINT ( 'NONE',  ( -1.969613011442830519, 0.1217087916980903739, 3.400000000001600853 ) ) ;
#242 = CARTESIAN_POINT ( 'NONE',  ( -1.769613011442830341, 1.276023366748852084, 3.650000000001600853 ) ) ;
#243 = VECTOR ( 'NONE', #1356, 1000.000000000000000 ) ;
#244 = LINE ( 'NONE', #2394, #4611 ) ;
#245 = PLANE ( 'NONE',  #2745 ) ;
#246 = FILL_AREA_STYLE ('',( #3437 ) ) ;
#247 = VECTOR ( 'NONE', #4378, 999.9999999999998863 ) ;
#248 = ORIENTED_EDGE ( 'NONE', *, *, #2071, .F. ) ;
#249 = ORIENTED_EDGE ( 'NONE', *, *, #3270, .T. ) ;
#250 = FILL_AREA_STYLE_COLOUR ( '', #4524 ) ;
#251 =( LENGTH_UNIT ( ) NAMED_UNIT ( * ) SI_UNIT ( .MILLI., .METRE. ) );
#252 = UNCERTAINTY_MEASURE_WITH_UNIT (LENGTH_MEASURE( 1.000000000000000082E-05 ), #3247, 'distance_accuracy_value', 'NONE');
#253 = ORIENTED_EDGE ( 'NONE', *, *, #1650, .F. ) ;
#254 =( NAMED_UNIT ( * ) SI_UNIT ( $, .STERADIAN. ) SOLID_ANGLE_UNIT ( ) );
#255 = LINE ( 'NONE', #3071, #3751 ) ;
#256 = SURFACE_STYLE_USAGE ( .BOTH. , #1993 ) ;
#257 = LINE ( 'NONE', #1623, #1009 ) ;
#258 = CARTESIAN_POINT ( 'NONE',  ( -1.869613011442830430, -1.308291208301910036, 3.900000000001600853 ) ) ;
#259 = LINE ( 'NONE', #569, #233 ) ;
#260 = VECTOR ( 'NONE', #1202, 1000.000000000000000 ) ;
#261 = CARTESIAN_POINT ( 'NONE',  ( 0.5947788770955902971, 1.291708791698090275, 4.800000000001601208 ) ) ;
#262 = ADVANCED_FACE ( 'NONE', ( #4073 ), #2715, .F. ) ;
#263 =( GEOMETRIC_REPRESENTATION_CONTEXT ( 3 ) GLOBAL_UNCERTAINTY_ASSIGNED_CONTEXT ( ( #252 ) ) GLOBAL_UNIT_ASSIGNED_CONTEXT ( ( #3247, #2767, #2842 ) ) REPRESENTATION_CONTEXT ( 'NONE', 'WORKASPACE' ) );
#264 =( NAMED_UNIT ( * ) SI_UNIT ( $, .STERADIAN. ) SOLID_ANGLE_UNIT ( ) );
#265 = CARTESIAN_POINT ( 'NONE',  ( -2.169613011442830253, 1.841708791698089875, 5.380000000001600391 ) ) ;
#266 = PRESENTATION_STYLE_ASSIGNMENT (( #3762 ) ) ;
#267 = VECTOR ( 'NONE', #1534, 1000.000000000000000 ) ;
#268 = STYLED_ITEM ( 'NONE', ( #2133 ), #4450 ) ;
#269 = EDGE_CURVE ( 'NONE', #2169, #704, #879, .T. ) ;
#270 = ORIENTED_EDGE ( 'NONE', *, *, #4356, .F. ) ;
#271 = VERTEX_POINT ( 'NONE', #2361 ) ;
#272 =( LENGTH_UNIT ( ) NAMED_UNIT ( * ) SI_UNIT ( .MILLI., .METRE. ) );
#273 = SURFACE_STYLE_USAGE ( .BOTH. , #1715 ) ;
#274 = DIRECTION ( 'NONE',  ( 0.000000000000000000, 0.000000000000000000, 1.000000000000000000 ) ) ;
#275 = ORIENTED_EDGE ( 'NONE', *, *, #4243, .F. ) ;
#276 = LINE ( 'NONE', #3150, #1250 ) ;
#277 =( GEOMETRIC_REPRESENTATION_CONTEXT ( 3 ) GLOBAL_UNCERTAINTY_ASSIGNED_CONTEXT ( ( #723 ) ) GLOBAL_UNIT_ASSIGNED_CONTEXT ( ( #1629, #2001, #1657 ) ) REPRESENTATION_CONTEXT ( 'NONE', 'WORKASPACE' ) );
#278 = FILL_AREA_STYLE ('',( #3476 ) ) ;
#279 = CARTESIAN_POINT ( 'NONE',  ( -2.169613011442831141, 1.291708791698090275, 4.800000000001600320 ) ) ;
#280 = DIRECTION ( 'NONE',  ( -1.000000000000000000, 8.628166150854817716E-32, -1.736319334706108540E-16 ) ) ;
#281 = AXIS2_PLACEMENT_3D ( 'NONE', #872, #1583, #3349 ) ;
#282 = VERTEX_POINT ( 'NONE', #164 ) ;
#283 = CARTESIAN_POINT ( 'NONE',  ( 1.078863668138916321, 0.7917087916980902751, 5.500000000001601386 ) ) ;
#284 = LINE ( 'NONE', #2821, #3200 ) ;
#285 = ORIENTED_EDGE ( 'NONE', *, *, #1836, .T. ) ;
#286 = CARTESIAN_POINT ( 'NONE',  ( -1.828191655205521071, 0.3031301479353989414, 3.650000000001601297 ) ) ;
#287 = CARTESIAN_POINT ( 'NONE',  ( 0.2803869885571691478, 0.07170879169809038500, 3.450000000001601119 ) ) ;
#288 = AXIS2_PLACEMENT_3D ( 'NONE', #3351, #2241, #3329 ) ;
#289 =( NAMED_UNIT ( * ) PLANE_ANGLE_UNIT ( ) SI_UNIT ( $, .RADIAN. ) );
#290 = EDGE_CURVE ( 'NONE', #476, #2185, #3822, .T. ) ;
#291 = LINE ( 'NONE', #3487, #2541 ) ;
#292 = MECHANICAL_DESIGN_GEOMETRIC_PRESENTATION_REPRESENTATION (  '', ( #1223 ), #1278 ) ;
#293 =( LENGTH_UNIT ( ) NAMED_UNIT ( * ) SI_UNIT ( .MILLI., .METRE. ) );
#294 = FILL_AREA_STYLE_COLOUR ( '', #2267 ) ;
#295 = UNCERTAINTY_MEASURE_WITH_UNIT (LENGTH_MEASURE( 1.000000000000000082E-05 ), #2004, 'distance_accuracy_value', 'NONE');
#296 = EDGE_LOOP ( 'NONE', ( #3442, #951, #1854, #2800, #1193, #4634, #578, #4493, #349, #3441, #2679, #1114 ) ) ;
#297 = ORIENTED_EDGE ( 'NONE', *, *, #2957, .T. ) ;
#298 = SURFACE_STYLE_USAGE ( .BOTH. , #2404 ) ;
#299 = EDGE_CURVE ( 'NONE', #4084, #4207, #2016, .T. ) ;
#300 = CARTESIAN_POINT ( 'NONE',  ( 0.6835826316888653498, 0.7917087916980901641, 4.854022906029304529 ) ) ;
#301 = ADVANCED_FACE ( 'NONE', ( #1237 ), #3383, .T. ) ;
#302 = STYLED_ITEM ( 'NONE', ( #1925 ), #262 ) ;
#303 = ORIENTED_EDGE ( 'NONE', *, *, #3482, .F. ) ;
#304 =( GEOMETRIC_REPRESENTATION_CONTEXT ( 3 ) GLOBAL_UNCERTAINTY_ASSIGNED_CONTEXT ( ( #3514 ) ) GLOBAL_UNIT_ASSIGNED_CONTEXT ( ( #2971, #862, #1280 ) ) REPRESENTATION_CONTEXT ( 'NONE', 'WORKASPACE' ) );
#305 = DIRECTION ( 'NONE',  ( -1.000000000000000000, -1.376933246922771375E-16, 1.586747737394814777E-16 ) ) ;
#306 = VECTOR ( 'NONE', #2112, 1000.000000000000000 ) ;
#307 = VECTOR ( 'NONE', #2519, 1000.000000000000000 ) ;
#308 = FILL_AREA_STYLE_COLOUR ( '', #1672 ) ;
#309 = ORIENTED_EDGE ( 'NONE', *, *, #269, .F. ) ;
#310 = FACE_OUTER_BOUND ( 'NONE', #3724, .T. ) ;
#311 = FACE_OUTER_BOUND ( 'NONE', #4065, .T. ) ;
#312 = ORIENTED_EDGE ( 'NONE', *, *, #892, .F. ) ;
#313 = CARTESIAN_POINT ( 'NONE',  ( -2.890237028700575639, -1.008291208301910435, 5.180000000001601101 ) ) ;
#314 = VECTOR ( 'NONE', #3873, 1000.000000000000000 ) ;
#315 = SURFACE_SIDE_STYLE ('',( #3706 ) ) ;
#316 = PLANE ( 'NONE',  #4093 ) ;
#317 = MECHANICAL_DESIGN_GEOMETRIC_PRESENTATION_REPRESENTATION (  '', ( #165 ), #4278 ) ;
#318 = VECTOR ( 'NONE', #3970, 1000.000000000000000 ) ;
#319 = CARTESIAN_POINT ( 'NONE',  ( -1.919613011442830475, 0.02170879169809038917, 3.900000000001600853 ) ) ;
#320 = ADVANCED_FACE ( 'NONE', ( #4184 ), #2062, .F. ) ;
#321 = MECHANICAL_DESIGN_GEOMETRIC_PRESENTATION_REPRESENTATION (  '', ( #2313 ), #3681 ) ;
#322 =( NAMED_UNIT ( * ) PLANE_ANGLE_UNIT ( ) SI_UNIT ( $, .RADIAN. ) );
#323 = ORIENTED_EDGE ( 'NONE', *, *, #2824, .F. ) ;
#324 = EDGE_LOOP ( 'NONE', ( #2525, #3504, #3036, #4537 ) ) ;
#325 = DIRECTION ( 'NONE',  ( 1.000000000000000000, 0.000000000000000000, 0.000000000000000000 ) ) ;
#326 = VECTOR ( 'NONE', #3402, 1000.000000000000000 ) ;
#327 = CARTESIAN_POINT ( 'NONE',  ( -2.234004899981250958, -0.5082912083019104355, 4.900000000001600853 ) ) ;
#328 = SURFACE_STYLE_USAGE ( .BOTH. , #4621 ) ;
#329 = MECHANICAL_DESIGN_GEOMETRIC_PRESENTATION_REPRESENTATION (  '', ( #1884 ), #1513 ) ;
#330 = EDGE_CURVE ( 'NONE', #3714, #3489, #3874, .T. ) ;
#331 = DIRECTION ( 'NONE',  ( -8.474091755303839943E-32, -1.000000000000000000, -0.000000000000000000 ) ) ;
#332 = CARTESIAN_POINT ( 'NONE',  ( -1.919613011442830253, -1.308291208301910036, 3.450000000001601119 ) ) ;
#333 = CARTESIAN_POINT ( 'NONE',  ( -1.919613011442830253, 1.338155401104816011, 3.900000000001600853 ) ) ;
#334 = VERTEX_POINT ( 'NONE', #1006 ) ;
#335 = DIRECTION ( 'NONE',  ( 1.000000000000000000, 0.000000000000000000, 0.000000000000000000 ) ) ;
#336 =( NAMED_UNIT ( * ) SI_UNIT ( $, .STERADIAN. ) SOLID_ANGLE_UNIT ( ) );
#337 = SURFACE_SIDE_STYLE ('',( #2116 ) ) ;
#338 = SURFACE_STYLE_FILL_AREA ( #3530 ) ;
#339 = ORIENTED_EDGE ( 'NONE', *, *, #3426, .F. ) ;
#340 =( LENGTH_UNIT ( ) NAMED_UNIT ( * ) SI_UNIT ( .MILLI., .METRE. ) );
#341 = UNCERTAINTY_MEASURE_WITH_UNIT (LENGTH_MEASURE( 1.000000000000000082E-05 ), #1457, 'distance_accuracy_value', 'NONE');
#342 = VECTOR ( 'NONE', #4193, 1000.000000000000000 ) ;
#343 = DIRECTION ( 'NONE',  ( 1.376933246922772114E-16, -1.000000000000000000, -0.000000000000000000 ) ) ;
#344 = VECTOR ( 'NONE', #2230, 1000.000000000000000 ) ;
#345 = DIRECTION ( 'NONE',  ( -8.474091755303839943E-32, -1.000000000000000000, -0.000000000000000000 ) ) ;
#346 = FILL_AREA_STYLE_COLOUR ( '', #3704 ) ;
#347 = UNCERTAINTY_MEASURE_WITH_UNIT (LENGTH_MEASURE( 1.000000000000000082E-05 ), #1074, 'distance_accuracy_value', 'NONE');
#348 = ORIENTED_EDGE ( 'NONE', *, *, #4627, .T. ) ;
#349 = ORIENTED_EDGE ( 'NONE', *, *, #2824, .T. ) ;
#350 = AXIS2_PLACEMENT_3D ( 'NONE', #2600, #1150, #4135 ) ;
#351 = LINE ( 'NONE', #2835, #1606 ) ;
#352 = COLOUR_RGB ( '',0.000000000000000000, 0.000000000000000000, 1.000000000000000000 ) ;
#353 = EDGE_CURVE ( 'NONE', #2561, #4420, #1771, .T. ) ;
#354 =( LENGTH_UNIT ( ) NAMED_UNIT ( * ) SI_UNIT ( .MILLI., .METRE. ) );
#355 = CARTESIAN_POINT ( 'NONE',  ( -2.890237028700576527, 1.291708791698090053, 5.080000000001600569 ) ) ;
#356 = AXIS2_PLACEMENT_3D ( 'NONE', #1554, #4426, #4526 ) ;
#357 = ORIENTED_EDGE ( 'NONE', *, *, #4659, .F. ) ;
#358 = CARTESIAN_POINT ( 'NONE',  ( 1.080386988557169747, 1.291708791698090275, 4.500000000001601386 ) ) ;
#359 = EDGE_CURVE ( 'NONE', #1487, #2607, #665, .T. ) ;
#360 =( NAMED_UNIT ( * ) SI_UNIT ( $, .STERADIAN. ) SOLID_ANGLE_UNIT ( ) );
#361 = DIRECTION ( 'NONE',  ( -0.000000000000000000, 1.000000000000000000, -0.000000000000000000 ) ) ;
#362 = PRESENTATION_STYLE_ASSIGNMENT (( #3551 ) ) ;
#363 = EDGE_CURVE ( 'NONE', #4007, #3268, #1451, .T. ) ;
#364 = ORIENTED_EDGE ( 'NONE', *, *, #1812, .T. ) ;
#365 = CARTESIAN_POINT ( 'NONE',  ( 0.2803869885571689258, -1.308291208301910036, 3.900000000001600853 ) ) ;
#366 = EDGE_CURVE ( 'NONE', #2667, #3090, #1080, .T. ) ;
#367 = DIRECTION ( 'NONE',  ( 1.000000000000000000, 0.000000000000000000, 0.000000000000000000 ) ) ;
#368 = CARTESIAN_POINT ( 'NONE',  ( -2.169613011442830253, 1.841708791698089875, 3.450000000001601119 ) ) ;
#369 = DIRECTION ( 'NONE',  ( -1.000000000000000000, 0.000000000000000000, 0.000000000000000000 ) ) ;
#370 = VECTOR ( 'NONE', #4390, 1000.000000000000000 ) ;
#371 = VERTEX_POINT ( 'NONE', #4234 ) ;
#372 = APPLICATION_PROTOCOL_DEFINITION ( 'draft international standard', 'automotive_design', 1998, #4438 ) ;
#373 = COLOUR_RGB ( '',0.5372549019607842924, 0.3490196078431372362, 0.3372549019607843368 ) ;
#374 = DIRECTION ( 'NONE',  ( 0.000000000000000000, -0.000000000000000000, -1.000000000000000000 ) ) ;
#375 = ORIENTED_EDGE ( 'NONE', *, *, #1685, .F. ) ;
#376 = AXIS2_PLACEMENT_3D ( 'NONE', #833, #1916, #2637 ) ;
#377 = EDGE_LOOP ( 'NONE', ( #4448, #2911, #2250, #713 ) ) ;
#378 = PRESENTATION_STYLE_ASSIGNMENT (( #2164 ) ) ;
#379 = CARTESIAN_POINT ( 'NONE',  ( 1.162207251221640592, 0.7917087916980902751, 5.125977093973898668 ) ) ;
#380 = ORIENTED_EDGE ( 'NONE', *, *, #4017, .T. ) ;
#381 =( BOUNDED_CURVE ( )  B_SPLINE_CURVE ( 3, ( #97, #1502, #1111, #2545 ),
 .UNSPECIFIED., .F., .F. ) 
 B_SPLINE_CURVE_WITH_KNOTS ( ( 4, 4 ),
 ( 1.570796326794896558, 3.141592653589793116 ),
 .UNSPECIFIED. ) 
 CURVE ( )  GEOMETRIC_REPRESENTATION_ITEM ( )  RATIONAL_B_SPLINE_CURVE ( ( 1.000000000000000000, 0.8047378541243649375, 0.8047378541243649375, 1.000000000000000000 ) ) 
 REPRESENTATION_ITEM ( '' )  );
#382 = FILL_AREA_STYLE ('',( #4292 ) ) ;
#383 = ORIENTED_EDGE ( 'NONE', *, *, #559, .T. ) ;
#384 = SURFACE_STYLE_FILL_AREA ( #2471 ) ;
#385 = SURFACE_SIDE_STYLE ('',( #783 ) ) ;
#386 = VECTOR ( 'NONE', #2851, 1000.000000000000000 ) ;
#387 = CARTESIAN_POINT ( 'NONE',  ( -1.919613011442830253, 0.07170879169809032949, 3.420710678120255643 ) ) ;
#388 = CARTESIAN_POINT ( 'NONE',  ( 0.1303869885571692089, -0.07829120830190962332, 3.650000000001600853 ) ) ;
#389 = LINE ( 'NONE', #1783, #797 ) ;
#390 = UNCERTAINTY_MEASURE_WITH_UNIT (LENGTH_MEASURE( 1.000000000000000082E-05 ), #4114, 'distance_accuracy_value', 'NONE');
#391 = ORIENTED_EDGE ( 'NONE', *, *, #299, .F. ) ;
#392 = AXIS2_PLACEMENT_3D ( 'NONE', #3236, #1708, #3534 ) ;
#393 = SURFACE_SIDE_STYLE ('',( #1531 ) ) ;
#394 = PRODUCT_DEFINITION_CONTEXT ( 'detailed design', #1608, 'design' ) ;
#395 = EDGE_LOOP ( 'NONE', ( #2943, #1516, #3084, #4314 ) ) ;
#396 = CARTESIAN_POINT ( 'NONE',  ( -1.769613011442830341, 0.1417087916980892537, 3.750000000001600942 ) ) ;
#397 = DIRECTION ( 'NONE',  ( -1.637951978259724831E-16, -1.000000000000000000, -1.665334536937734811E-16 ) ) ;
#398 = MECHANICAL_DESIGN_GEOMETRIC_PRESENTATION_REPRESENTATION (  '', ( #2548 ), #1145 ) ;
#399 = DIRECTION ( 'NONE',  ( 1.000000000000000000, 0.000000000000000000, 0.000000000000000000 ) ) ;
#400 = VERTEX_POINT ( 'NONE', #3546 ) ;
#401 = FILL_AREA_STYLE ('',( #2867 ) ) ;
#402 = CARTESIAN_POINT ( 'NONE',  ( 1.530386988557170147, 0.7917087916980903861, 5.500000000001601386 ) ) ;
#403 = CARTESIAN_POINT ( 'NONE',  ( -2.416507001187885528, -0.5082912083019104355, 4.500000000001600498 ) ) ;
#404 = ORIENTED_EDGE ( 'NONE', *, *, #4430, .T. ) ;
#405 = CARTESIAN_POINT ( 'NONE',  ( 0.7772809783022247565, 0.7917087916980901641, 4.500000000001601386 ) ) ;
#406 = LINE ( 'NONE', #3994, #1893 ) ;
#407 = EDGE_CURVE ( 'NONE', #1082, #2730, #3968, .T. ) ;
#408 = CARTESIAN_POINT ( 'NONE',  ( 1.251011005814915311, -0.5082912083019099914, 5.180000000001601990 ) ) ;
#409 = AXIS2_PLACEMENT_3D ( 'NONE', #1778, #3210, #427 ) ;
#410 =( NAMED_UNIT ( * ) PLANE_ANGLE_UNIT ( ) SI_UNIT ( $, .RADIAN. ) );
#411 = ORIENTED_EDGE ( 'NONE', *, *, #4657, .F. ) ;
#412 = SURFACE_SIDE_STYLE ('',( #3609 ) ) ;
#413 = AXIS2_PLACEMENT_3D ( 'NONE', #3778, #3747, #280 ) ;
#414 = ADVANCED_FACE ( 'NONE', ( #310 ), #2442, .T. ) ;
#415 = ORIENTED_EDGE ( 'NONE', *, *, #4161, .F. ) ;
#416 = FACE_OUTER_BOUND ( 'NONE', #1347, .T. ) ;
#417 = FACE_OUTER_BOUND ( 'NONE', #1353, .T. ) ;
#418 = DIRECTION ( 'NONE',  ( 1.942890293094024439E-16, -1.000000000000000000, 0.000000000000000000 ) ) ;
#419 = EDGE_LOOP ( 'NONE', ( #2400, #3848, #2774, #3576, #4339, #2318, #1327, #2180, #3765, #600, #1590, #1018 ) ) ;
#420 = DIRECTION ( 'NONE',  ( 1.000000000000000000, 1.376933246922771375E-16, 1.954328939911484176E-16 ) ) ;
#421 = PRESENTATION_STYLE_ASSIGNMENT (( #2972 ) ) ;
#422 = SURFACE_STYLE_USAGE ( .BOTH. , #4385 ) ;
#423 =( GEOMETRIC_REPRESENTATION_CONTEXT ( 3 ) GLOBAL_UNCERTAINTY_ASSIGNED_CONTEXT ( ( #1689 ) ) GLOBAL_UNIT_ASSIGNED_CONTEXT ( ( #2857, #3885, #2077 ) ) REPRESENTATION_CONTEXT ( 'NONE', 'WORKASPACE' ) );
#424 = VERTEX_POINT ( 'NONE', #2491 ) ;
#425 = DIRECTION ( 'NONE',  ( 8.474091755303839943E-32, 1.000000000000000000, 0.000000000000000000 ) ) ;
#426 = UNCERTAINTY_MEASURE_WITH_UNIT (LENGTH_MEASURE( 1.000000000000000082E-05 ), #3153, 'distance_accuracy_value', 'NONE');
#427 = DIRECTION ( 'NONE',  ( -1.000000000000000000, 0.000000000000000000, -0.000000000000000000 ) ) ;
#428 =( GEOMETRIC_REPRESENTATION_CONTEXT ( 3 ) GLOBAL_UNCERTAINTY_ASSIGNED_CONTEXT ( ( #768 ) ) GLOBAL_UNIT_ASSIGNED_CONTEXT ( ( #2292, #2993, #2623 ) ) REPRESENTATION_CONTEXT ( 'NONE', 'WORKASPACE' ) );
#429 = CARTESIAN_POINT ( 'NONE',  ( 0.3010976666758236053, 0.1909981135794347196, 3.400000000001600409 ) ) ;
#430 =( NAMED_UNIT ( * ) PLANE_ANGLE_UNIT ( ) SI_UNIT ( $, .RADIAN. ) );
#431 = DIRECTION ( 'NONE',  ( -0.000000000000000000, 0.000000000000000000, 1.000000000000000000 ) ) ;
#432 = STYLED_ITEM ( 'NONE', ( #147 ), #702 ) ;
#433 = UNCERTAINTY_MEASURE_WITH_UNIT (LENGTH_MEASURE( 1.000000000000000082E-05 ), #3438, 'distance_accuracy_value', 'NONE');
#434 = EDGE_CURVE ( 'NONE', #3877, #2788, #3573, .T. ) ;
#435 = PLANE ( 'NONE',  #2616 ) ;
#436 = FILL_AREA_STYLE_COLOUR ( '', #4098 ) ;
#437 = STYLED_ITEM ( 'NONE', ( #3727 ), #1338 ) ;
#438 = ORIENTED_EDGE ( 'NONE', *, *, #4412, .F. ) ;
#439 = STYLED_ITEM ( 'NONE', ( #4489 ), #2380 ) ;
#440 = DIRECTION ( 'NONE',  ( 1.114032275271057355E-16, 1.000000000000000000, -0.000000000000000000 ) ) ;
#441 = AXIS2_PLACEMENT_3D ( 'NONE', #1889, #4050, #4360 ) ;
#442 = DIRECTION ( 'NONE',  ( 0.000000000000000000, 1.000000000000000000, 0.000000000000000000 ) ) ;
#443 = EDGE_CURVE ( 'NONE', #371, #1761, #4484, .T. ) ;
#444 = PRESENTATION_LAYER_ASSIGNMENT (  '', '', ( #2892 ) ) ;
#445 = DIRECTION ( 'NONE',  ( -8.474091755303839943E-32, -1.000000000000000000, -0.000000000000000000 ) ) ;
#446 = ORIENTED_EDGE ( 'NONE', *, *, #96, .T. ) ;
#447 = PRESENTATION_STYLE_ASSIGNMENT (( #3250 ) ) ;
#448 = DIRECTION ( 'NONE',  ( -1.000000000000000000, 0.000000000000000000, 0.000000000000000000 ) ) ;
#449 = CARTESIAN_POINT ( 'NONE',  ( -2.169613011442830253, 1.841708791698089875, 5.380000000001600391 ) ) ;
#450 = VECTOR ( 'NONE', #3170, 1000.000000000000000 ) ;
#451 = MECHANICAL_DESIGN_GEOMETRIC_PRESENTATION_REPRESENTATION (  '', ( #2154 ), #755 ) ;
#452 = ORIENTED_EDGE ( 'NONE', *, *, #2737, .T. ) ;
#453 = SURFACE_STYLE_USAGE ( .BOTH. , #4434 ) ;
#454 = VECTOR ( 'NONE', #1620, 1000.000000000000000 ) ;
#455 = MECHANICAL_DESIGN_GEOMETRIC_PRESENTATION_REPRESENTATION (  '', ( #4419 ), #1562 ) ;
#456 = DIRECTION ( 'NONE',  ( 8.474091755303839943E-32, 1.000000000000000000, 0.000000000000000000 ) ) ;
#457 = AXIS2_PLACEMENT_3D ( 'NONE', #3051, #4531, #4169 ) ;
#458 = CARTESIAN_POINT ( 'NONE',  ( -1.769613011442828565, 1.841708791698089875, 5.380000000001600391 ) ) ;
#459 = FILL_AREA_STYLE ('',( #3685 ) ) ;
#460 = FILL_AREA_STYLE ('',( #1204 ) ) ;
#461 = ADVANCED_FACE ( 'NONE', ( #1405, #2464 ), #4656, .T. ) ;
#462 = STYLED_ITEM ( 'NONE', ( #4411 ), #3405 ) ;
#463 = VERTEX_POINT ( 'NONE', #2536 ) ;
#464 = EDGE_CURVE ( 'NONE', #4092, #2053, #4382, .T. ) ;
#465 = VECTOR ( 'NONE', #3557, 1000.000000000000000 ) ;
#466 = FILL_AREA_STYLE ('',( #4088 ) ) ;
#467 = SURFACE_SIDE_STYLE ('',( #4400 ) ) ;
#468 = SURFACE_STYLE_USAGE ( .BOTH. , #1122 ) ;
#469 = STYLED_ITEM ( 'NONE', ( #194 ), #1781 ) ;
#470 = CARTESIAN_POINT ( 'NONE',  ( -1.769613011442830564, 0.02170879169809040304, 3.650000000001600853 ) ) ;
#471 = VERTEX_POINT ( 'NONE', #3697 ) ;
#472 = CARTESIAN_POINT ( 'NONE',  ( -2.416507001187885972, 0.7917087916980900530, 4.500000000001600498 ) ) ;
#473 = LINE ( 'NONE', #136, #1501 ) ;
#474 = CARTESIAN_POINT ( 'NONE',  ( -2.801433274107301585, 0.7917087916980900530, 5.125977093973897780 ) ) ;
#475 = VECTOR ( 'NONE', #2992, 1000.000000000000000 ) ;
#476 = VERTEX_POINT ( 'NONE', #472 ) ;
#477 =( LENGTH_UNIT ( ) NAMED_UNIT ( * ) SI_UNIT ( .MILLI., .METRE. ) );
#478 = UNCERTAINTY_MEASURE_WITH_UNIT (LENGTH_MEASURE( 1.000000000000000082E-05 ), #4600, 'distance_accuracy_value', 'NONE');
#479 =( NAMED_UNIT ( * ) PLANE_ANGLE_UNIT ( ) SI_UNIT ( $, .RADIAN. ) );
#480 = EDGE_CURVE ( 'NONE', #2798, #2855, #2816, .T. ) ;
#481 = CARTESIAN_POINT ( 'NONE',  ( -1.919613011442830475, 0.07170879169809038500, 3.900000000001600853 ) ) ;
#482 = DIRECTION ( 'NONE',  ( 1.942890293094024439E-16, -1.000000000000000000, 0.000000000000000000 ) ) ;
#483 = FACE_OUTER_BOUND ( 'NONE', #4319, .T. ) ;
#484 = UNCERTAINTY_MEASURE_WITH_UNIT (LENGTH_MEASURE( 1.000000000000000082E-05 ), #251, 'distance_accuracy_value', 'NONE');
#485 = FILL_AREA_STYLE ('',( #832 ) ) ;
#486 = VERTEX_POINT ( 'NONE', #1537 ) ;
#487 = ORIENTED_EDGE ( 'NONE', *, *, #3313, .T. ) ;
#488 =( GEOMETRIC_REPRESENTATION_CONTEXT ( 3 ) GLOBAL_UNCERTAINTY_ASSIGNED_CONTEXT ( ( #341 ) ) GLOBAL_UNIT_ASSIGNED_CONTEXT ( ( #1457, #4268, #2146 ) ) REPRESENTATION_CONTEXT ( 'NONE', 'WORKASPACE' ) );
#489 = CARTESIAN_POINT ( 'NONE',  ( -1.940323689561485043, 1.346734044867506253, 3.400000000001600853 ) ) ;
#490 = LINE ( 'NONE', #1233, #475 ) ;
#491 = VECTOR ( 'NONE', #3496, 1000.000000000000000 ) ;
#492 = EDGE_CURVE ( 'NONE', #1286, #4442, #2944, .T. ) ;
#493 = ORIENTED_EDGE ( 'NONE', *, *, #3975, .F. ) ;
#494 = DIRECTION ( 'NONE',  ( -1.000000000000000000, -1.942890293094024439E-16, 5.551115123125782702E-17 ) ) ;
#495 = EDGE_CURVE ( 'NONE', #1556, #4214, #2225, .T. ) ;
#496 =( GEOMETRIC_REPRESENTATION_CONTEXT ( 3 ) GLOBAL_UNCERTAINTY_ASSIGNED_CONTEXT ( ( #2891 ) ) GLOBAL_UNIT_ASSIGNED_CONTEXT ( ( #52, #410, #786 ) ) REPRESENTATION_CONTEXT ( 'NONE', 'WORKASPACE' ) );
#497 = CARTESIAN_POINT ( 'NONE',  ( 0.5303869885571695919, 1.841708791698089875, 5.380000000001600391 ) ) ;
#498 = ORIENTED_EDGE ( 'NONE', *, *, #3828, .T. ) ;
#499 = CARTESIAN_POINT ( 'NONE',  ( -2.234004899981250958, -1.008291208301910435, 4.800000000001600320 ) ) ;
#500 = ADVANCED_FACE ( 'NONE', ( #64 ), #2251, .F. ) ;
#501 = PRESENTATION_STYLE_ASSIGNMENT (( #2932 ) ) ;
#502 = LINE ( 'NONE', #3995, #4554 ) ;
#503 = ADVANCED_FACE ( 'NONE', ( #3337 ), #1863, .F. ) ;
#504 = DIRECTION ( 'NONE',  ( -1.000000000000000000, 0.000000000000000000, 0.000000000000000000 ) ) ;
#505 = EDGE_CURVE ( 'NONE', #3489, #4064, #3448, .T. ) ;
#506 =( NAMED_UNIT ( * ) SI_UNIT ( $, .STERADIAN. ) SOLID_ANGLE_UNIT ( ) );
#507 = AXIS2_PLACEMENT_3D ( 'NONE', #159, #759, #3308 ) ;
#508 = SURFACE_STYLE_USAGE ( .BOTH. , #3956 ) ;
#509 = SURFACE_SIDE_STYLE ('',( #4346 ) ) ;
#510 =( GEOMETRIC_REPRESENTATION_CONTEXT ( 3 ) GLOBAL_UNCERTAINTY_ASSIGNED_CONTEXT ( ( #2934 ) ) GLOBAL_UNIT_ASSIGNED_CONTEXT ( ( #2370, #4155, #2705 ) ) REPRESENTATION_CONTEXT ( 'NONE', 'WORKASPACE' ) );
#511 = DIRECTION ( 'NONE',  ( 0.000000000000000000, 0.000000000000000000, 1.000000000000000000 ) ) ;
#512 = ORIENTED_EDGE ( 'NONE', *, *, #2534, .T. ) ;
#513 = VERTEX_POINT ( 'NONE', #3844 ) ;
#514 = DIRECTION ( 'NONE',  ( 1.942890293094024439E-16, -1.000000000000000000, 0.000000000000000000 ) ) ;
#515 = ORIENTED_EDGE ( 'NONE', *, *, #1444, .T. ) ;
#516 = DIRECTION ( 'NONE',  ( -1.000000000000000000, 0.000000000000000000, 0.000000000000000000 ) ) ;
#517 = MECHANICAL_DESIGN_GEOMETRIC_PRESENTATION_REPRESENTATION (  '', ( #437 ), #3640 ) ;
#518 = FILL_AREA_STYLE ('',( #2226 ) ) ;
#519 = CARTESIAN_POINT ( 'NONE',  ( 0.2803869885571688148, -1.308291208301910036, 3.420710678120255643 ) ) ;
#520 = ADVANCED_FACE ( 'NONE', ( #210 ), #1306, .F. ) ;
#521 = ORIENTED_EDGE ( 'NONE', *, *, #787, .F. ) ;
#522 = CARTESIAN_POINT ( 'NONE',  ( 0.6972885517993304694, -1.008291208301909991, 4.880495591899755681 ) ) ;
#523 =( NAMED_UNIT ( * ) PLANE_ANGLE_UNIT ( ) SI_UNIT ( $, .RADIAN. ) );
#524 = PRESENTATION_STYLE_ASSIGNMENT (( #4551 ) ) ;
#525 = CYLINDRICAL_SURFACE ( 'NONE', #4532, 0.1000000000000000472 ) ;
#526 = CARTESIAN_POINT ( 'NONE',  ( -2.505310755781160470, 0.7917087916980900530, 4.554022906029303819 ) ) ;
#527 = VECTOR ( 'NONE', #1039, 1000.000000000000000 ) ;
#528 = LINE ( 'NONE', #596, #1068 ) ;
#529 = CIRCLE ( 'NONE', #2159, 0.09999999999999982514 ) ;
#530 = DIRECTION ( 'NONE',  ( -1.637951978259724831E-16, -1.000000000000000000, -1.665334536937734811E-16 ) ) ;
#531 = ORIENTED_EDGE ( 'NONE', *, *, #492, .F. ) ;
#532 = UNCERTAINTY_MEASURE_WITH_UNIT (LENGTH_MEASURE( 1.000000000000000082E-05 ), #4081, 'distance_accuracy_value', 'NONE');
#533 = ORIENTED_EDGE ( 'NONE', *, *, #1520, .F. ) ;
#534 = PLANE ( 'NONE',  #4391 ) ;
#535 = AXIS2_PLACEMENT_3D ( 'NONE', #2417, #1030, #1819 ) ;
#536 = SURFACE_STYLE_FILL_AREA ( #2670 ) ;
#537 =( LENGTH_UNIT ( ) NAMED_UNIT ( * ) SI_UNIT ( .MILLI., .METRE. ) );
#538 = CARTESIAN_POINT ( 'NONE',  ( -2.119613011442830430, -1.508291208301909991, 3.400000000001600853 ) ) ;
#539 = VERTEX_POINT ( 'NONE', #2735 ) ;
#540 =( NAMED_UNIT ( * ) PLANE_ANGLE_UNIT ( ) SI_UNIT ( $, .RADIAN. ) );
#541 = VECTOR ( 'NONE', #1737, 1000.000000000000000 ) ;
#542 = VECTOR ( 'NONE', #3191, 1000.000000000000000 ) ;
#543 = VECTOR ( 'NONE', #2560, 1000.000000000000000 ) ;
#544 = SURFACE_STYLE_FILL_AREA ( #586 ) ;
#545 = VECTOR ( 'NONE', #3510, 1000.000000000000000 ) ;
#546 = ORIENTED_EDGE ( 'NONE', *, *, #1523, .T. ) ;
#547 = SURFACE_STYLE_USAGE ( .BOTH. , #1287 ) ;
#548 = FILL_AREA_STYLE ('',( #1240 ) ) ;
#549 = FILL_AREA_STYLE_COLOUR ( '', #3653 ) ;
#550 = CARTESIAN_POINT ( 'NONE',  ( -2.629285936431302151, 1.291708791698090053, 5.445977093973897176 ) ) ;
#551 = MECHANICAL_DESIGN_GEOMETRIC_PRESENTATION_REPRESENTATION (  '', ( #3529 ), #3414 ) ;
#552 = CARTESIAN_POINT ( 'NONE',  ( -1.869613011442830652, 0.02170879169809038917, 3.750000000001600942 ) ) ;
#553 = EDGE_CURVE ( 'NONE', #3404, #3196, #3091, .T. ) ;
#554 = ORIENTED_EDGE ( 'NONE', *, *, #617, .F. ) ;
#555 = ORIENTED_EDGE ( 'NONE', *, *, #633, .T. ) ;
#556 =( LENGTH_UNIT ( ) NAMED_UNIT ( * ) SI_UNIT ( .MILLI., .METRE. ) );
#557 = CARTESIAN_POINT ( 'NONE',  ( -1.919613011442830253, -1.308291208301910036, 3.450000000001601119 ) ) ;
#558 = CARTESIAN_POINT ( 'NONE',  ( -2.718089691024576648, -0.5082912083019104355, 5.500000000001600498 ) ) ;
#559 = EDGE_CURVE ( 'NONE', #1487, #271, #1926, .T. ) ;
#560 = ORIENTED_EDGE ( 'NONE', *, *, #969, .T. ) ;
#561 = DIRECTION ( 'NONE',  ( -0.000000000000000000, 0.000000000000000000, -1.000000000000000000 ) ) ;
#562 = DIRECTION ( 'NONE',  ( -1.000000000000000000, 0.000000000000000000, 0.000000000000000000 ) ) ;
#563 = DIRECTION ( 'NONE',  ( -1.000000000000000000, 0.000000000000000000, 0.000000000000000000 ) ) ;
#564 = COLOUR_RGB ( '',0.5372549019607842924, 0.3490196078431372362, 0.3372549019607843368 ) ;
#565 = ORIENTED_EDGE ( 'NONE', *, *, #1316, .F. ) ;
#566 = PRESENTATION_STYLE_ASSIGNMENT (( #547 ) ) ;
#567 = FILL_AREA_STYLE_COLOUR ( '', #4277 ) ;
#568 =( NAMED_UNIT ( * ) SI_UNIT ( $, .STERADIAN. ) SOLID_ANGLE_UNIT ( ) );
#569 = CARTESIAN_POINT ( 'NONE',  ( -2.719613011442830075, -1.008291208301910435, 4.800000000001600320 ) ) ;
#570 = COLOUR_RGB ( '',0.4392156862745097978, 0.4392156862745097978, 0.4392156862745097978 ) ;
#571 = CARTESIAN_POINT ( 'NONE',  ( -2.719613011442830519, 0.7917087916980900530, 4.800000000001600320 ) ) ;
#572 =( GEOMETRIC_REPRESENTATION_CONTEXT ( 3 ) GLOBAL_UNCERTAINTY_ASSIGNED_CONTEXT ( ( #4374 ) ) GLOBAL_UNIT_ASSIGNED_CONTEXT ( ( #2710, #4538, #3086 ) ) REPRESENTATION_CONTEXT ( 'NONE', 'WORKASPACE' ) );
#573 = SURFACE_SIDE_STYLE ('',( #2703 ) ) ;
#574 = CARTESIAN_POINT ( 'NONE',  ( -2.169613011442830697, -0.5082912083019104355, 4.800000000001600320 ) ) ;
#575 = ORIENTED_EDGE ( 'NONE', *, *, #1853, .F. ) ;
#576 = SURFACE_STYLE_FILL_AREA ( #1165 ) ;
#577 = UNCERTAINTY_MEASURE_WITH_UNIT (LENGTH_MEASURE( 1.000000000000000082E-05 ), #583, 'distance_accuracy_value', 'NONE');
#578 = ORIENTED_EDGE ( 'NONE', *, *, #492, .T. ) ;
#579 = CARTESIAN_POINT ( 'NONE',  ( -2.234004899981251402, 1.291708791698090275, 4.900000000001600853 ) ) ;
#580 = PRESENTATION_LAYER_ASSIGNMENT (  '', '', ( #432 ) ) ;
#581 = SURFACE_STYLE_USAGE ( .BOTH. , #4470 ) ;
#582 = EDGE_LOOP ( 'NONE', ( #248, #2496, #1785, #2885 ) ) ;
#583 =( LENGTH_UNIT ( ) NAMED_UNIT ( * ) SI_UNIT ( .MILLI., .METRE. ) );
#584 = FILL_AREA_STYLE_COLOUR ( '', #2082 ) ;
#585 = ADVANCED_FACE ( 'NONE', ( #4181 ), #3020, .T. ) ;
#586 = FILL_AREA_STYLE ('',( #2650 ) ) ;
#587 = SURFACE_STYLE_FILL_AREA ( #4478 ) ;
#588 = VECTOR ( 'NONE', #3456, 1000.000000000000000 ) ;
#589 =( NAMED_UNIT ( * ) SI_UNIT ( $, .STERADIAN. ) SOLID_ANGLE_UNIT ( ) );
#590 = DIRECTION ( 'NONE',  ( -8.474091755303839943E-32, -1.000000000000000000, -0.000000000000000000 ) ) ;
#591 = DIRECTION ( 'NONE',  ( 1.000000000000000000, 0.000000000000000000, 0.000000000000000000 ) ) ;
#592 = MECHANICAL_DESIGN_GEOMETRIC_PRESENTATION_REPRESENTATION (  '', ( #439 ), #3348 ) ;
#593 = PRESENTATION_STYLE_ASSIGNMENT (( #3806 ) ) ;
#594 = FACE_OUTER_BOUND ( 'NONE', #4349, .T. ) ;
#595 = CARTESIAN_POINT ( 'NONE',  ( -2.719613011442830075, -1.008291208301910435, 4.500000000001600498 ) ) ;
#596 = CARTESIAN_POINT ( 'NONE',  ( -0.8196130114428307190, 1.791708791698090053, 3.400000000001600853 ) ) ;
#597 = MECHANICAL_DESIGN_GEOMETRIC_PRESENTATION_REPRESENTATION (  '', ( #1999 ), #3892 ) ;
#598 = FILL_AREA_STYLE ('',( #4176 ) ) ;
#599 = ORIENTED_EDGE ( 'NONE', *, *, #3626, .F. ) ;
#600 = ORIENTED_EDGE ( 'NONE', *, *, #1588, .T. ) ;
#601 = EDGE_CURVE ( 'NONE', #1131, #424, #1855, .T. ) ;
#602 = STYLED_ITEM ( 'NONE', ( #958 ), #3421 ) ;
#603 = PRESENTATION_STYLE_ASSIGNMENT (( #273 ) ) ;
#604 = CYLINDRICAL_SURFACE ( 'NONE', #1176, 0.1000000000000000472 ) ;
#605 = VECTOR ( 'NONE', #3740, 1000.000000000000000 ) ;
#606 = ORIENTED_EDGE ( 'NONE', *, *, #2221, .F. ) ;
#607 = PRESENTATION_STYLE_ASSIGNMENT (( #1989 ) ) ;
#608 = ADVANCED_FACE ( 'NONE', ( #2860 ), #999, .T. ) ;
#609 = CARTESIAN_POINT ( 'NONE',  ( -2.801433274107301585, 1.291708791698090053, 5.125977093973897780 ) ) ;
#610 =( BOUNDED_CURVE ( )  B_SPLINE_CURVE ( 3, ( #774, #3692, #489, #3244 ),
 .UNSPECIFIED., .F., .F. ) 
 B_SPLINE_CURVE_WITH_KNOTS ( ( 4, 4 ),
 ( 3.141592653589793116, 4.712388980384691450 ),
 .UNSPECIFIED. ) 
 CURVE ( )  GEOMETRIC_REPRESENTATION_ITEM ( )  RATIONAL_B_SPLINE_CURVE ( ( 1.000000000000000000, 0.8047378541243646044, 0.8047378541243646044, 1.000000000000000000 ) ) 
 REPRESENTATION_ITEM ( '' )  );
#611 =( LENGTH_UNIT ( ) NAMED_UNIT ( * ) SI_UNIT ( .MILLI., .METRE. ) );
#612 = CARTESIAN_POINT ( 'NONE',  ( -2.718089691024576648, -0.5082912083019104355, 5.400000000001600853 ) ) ;
#613 = DIRECTION ( 'NONE',  ( 0.4597709397229660100, 6.330738928734775571E-17, -0.8880375459327498611 ) ) ;
#614 = CARTESIAN_POINT ( 'NONE',  ( -3.169613011442830697, 1.291708791698089831, 5.500000000001600498 ) ) ;
#615 = COLOUR_RGB ( '',0.4392156862745097978, 0.4392156862745097978, 0.4392156862745097978 ) ;
#616 = SURFACE_STYLE_USAGE ( .BOTH. , #3830 ) ;
#617 = EDGE_CURVE ( 'NONE', #1366, #3243, #4648, .T. ) ;
#618 = LINE ( 'NONE', #2747, #342 ) ;
#619 = SURFACE_STYLE_FILL_AREA ( #4517 ) ;
#620 = LINE ( 'NONE', #2661, #4433 ) ;
#621 = DIRECTION ( 'NONE',  ( 1.000000000000000000, 1.376933246922771375E-16, -1.586747737394814777E-16 ) ) ;
#622 = SURFACE_STYLE_USAGE ( .BOTH. , #3836 ) ;
#623 = SURFACE_STYLE_USAGE ( .BOTH. , #4220 ) ;
#624 = ORIENTED_EDGE ( 'NONE', *, *, #3451, .T. ) ;
#625 = EDGE_LOOP ( 'NONE', ( #3039, #2335, #2076, #781 ) ) ;
#626 = CARTESIAN_POINT ( 'NONE',  ( -2.169613011442830253, 1.841708791698089875, 5.380000000001600391 ) ) ;
#627 = FILL_AREA_STYLE ('',( #3864 ) ) ;
#628 = UNCERTAINTY_MEASURE_WITH_UNIT (LENGTH_MEASURE( 1.000000000000000082E-05 ), #556, 'distance_accuracy_value', 'NONE');
#629 = ORIENTED_EDGE ( 'NONE', *, *, #1284, .T. ) ;
#630 = LINE ( 'NONE', #4165, #3666 ) ;
#631 =( NAMED_UNIT ( * ) SI_UNIT ( $, .STERADIAN. ) SOLID_ANGLE_UNIT ( ) );
#632 = CARTESIAN_POINT ( 'NONE',  ( 0.8660847328954995872, 1.291708791698090275, 4.554022906029304707 ) ) ;
#633 = EDGE_CURVE ( 'NONE', #1167, #1012, #2459, .T. ) ;
#634 =( NAMED_UNIT ( * ) PLANE_ANGLE_UNIT ( ) SI_UNIT ( $, .RADIAN. ) );
#635 = EDGE_CURVE ( 'NONE', #3219, #4636, #4568, .T. ) ;
#636 = SURFACE_STYLE_USAGE ( .BOTH. , #1994 ) ;
#637 = VERTEX_POINT ( 'NONE', #1022 ) ;
#638 = PRESENTATION_STYLE_ASSIGNMENT (( #1625 ) ) ;
#639 = VECTOR ( 'NONE', #2139, 1000.000000000000000 ) ;
#640 = DIRECTION ( 'NONE',  ( 1.000000000000000000, 0.000000000000000000, 0.000000000000000000 ) ) ;
#641 = MECHANICAL_DESIGN_GEOMETRIC_PRESENTATION_REPRESENTATION (  '', ( #4002 ), #4376 ) ;
#642 = CARTESIAN_POINT ( 'NONE',  ( -2.718089691024576648, -0.5082912083019104355, 5.500000000001600498 ) ) ;
#643 =( NAMED_UNIT ( * ) SI_UNIT ( $, .STERADIAN. ) SOLID_ANGLE_UNIT ( ) );
#644 = DIRECTION ( 'NONE',  ( 0.7071067811865479058, 0.7071067811865472397, 0.000000000000000000 ) ) ;
#645 = COLOUR_RGB ( '',0.5372549019607842924, 0.3490196078431372362, 0.3372549019607843368 ) ;
#646 = DIRECTION ( 'NONE',  ( 1.000000000000000000, -8.628166150854818811E-32, -1.804757342600190413E-16 ) ) ;
#647 = DIRECTION ( 'NONE',  ( 0.000000000000000000, 0.000000000000000000, 1.000000000000000000 ) ) ;
#648 = SURFACE_SIDE_STYLE ('',( #3235 ) ) ;
#649 = ADVANCED_FACE ( 'NONE', ( #2130 ), #1719, .T. ) ;
#650 =( GEOMETRIC_REPRESENTATION_CONTEXT ( 3 ) GLOBAL_UNCERTAINTY_ASSIGNED_CONTEXT ( ( #1132 ) ) GLOBAL_UNIT_ASSIGNED_CONTEXT ( ( #1636, #2371, #4589 ) ) REPRESENTATION_CONTEXT ( 'NONE', 'WORKASPACE' ) );
#651 = EDGE_CURVE ( 'NONE', #945, #1377, #276, .T. ) ;
#652 = FILL_AREA_STYLE_COLOUR ( '', #2063 ) ;
#653 = CARTESIAN_POINT ( 'NONE',  ( -1.919613011442830475, 0.07170879169809038500, 3.900000000001600853 ) ) ;
#654 = STYLED_ITEM ( 'NONE', ( #1323 ), #4558 ) ;
#655 = ORIENTED_EDGE ( 'NONE', *, *, #290, .T. ) ;
#656 = VERTEX_POINT ( 'NONE', #526 ) ;
#657 =( NAMED_UNIT ( * ) SI_UNIT ( $, .STERADIAN. ) SOLID_ANGLE_UNIT ( ) );
#658 = ORIENTED_EDGE ( 'NONE', *, *, #2334, .F. ) ;
#659 = PRESENTATION_STYLE_ASSIGNMENT (( #1692 ) ) ;
#660 = SURFACE_STYLE_USAGE ( .BOTH. , #1002 ) ;
#661 =( NAMED_UNIT ( * ) PLANE_ANGLE_UNIT ( ) SI_UNIT ( $, .RADIAN. ) );
#662 = MECHANICAL_DESIGN_GEOMETRIC_PRESENTATION_REPRESENTATION (  '', ( #53 ), #148 ) ;
#663 = SURFACE_SIDE_STYLE ('',( #850 ) ) ;
#664 = ORIENTED_EDGE ( 'NONE', *, *, #2590, .T. ) ;
#665 = LINE ( 'NONE', #3227, #3245 ) ;
#666 = DIRECTION ( 'NONE',  ( -0.000000000000000000, -0.000000000000000000, -1.000000000000000000 ) ) ;
#667 = ADVANCED_FACE ( 'NONE', ( #1269 ), #3368, .T. ) ;
#668 = CARTESIAN_POINT ( 'NONE',  ( 1.162207251221640369, -1.008291208301910213, 5.125977093973898668 ) ) ;
#669 = EDGE_LOOP ( 'NONE', ( #4177, #3967, #3999, #3184 ) ) ;
#670 = FILL_AREA_STYLE_COLOUR ( '', #3700 ) ;
#671 = CARTESIAN_POINT ( 'NONE',  ( -2.336514574684990908, -0.5082912083019104355, 4.880495591899754793 ) ) ;
#672 = PRESENTATION_STYLE_ASSIGNMENT (( #1363 ) ) ;
#673 = CARTESIAN_POINT ( 'NONE',  ( 0.5303869885571695919, -1.558291208301909814, 3.450000000001601119 ) ) ;
#674 = PRESENTATION_STYLE_ASSIGNMENT (( #623 ) ) ;
#675 = VERTEX_POINT ( 'NONE', #3007 ) ;
#676 = ORIENTED_EDGE ( 'NONE', *, *, #1184, .T. ) ;
#677 =( NAMED_UNIT ( * ) PLANE_ANGLE_UNIT ( ) SI_UNIT ( $, .RADIAN. ) );
#678 = COLOUR_RGB ( '',0.5372549019607842924, 0.3490196078431372362, 0.3372549019607843368 ) ;
#679 = LINE ( 'NONE', #1303, #1686 ) ;
#680 =( NAMED_UNIT ( * ) PLANE_ANGLE_UNIT ( ) SI_UNIT ( $, .RADIAN. ) );
#681 = LINE ( 'NONE', #1420, #7 ) ;
#682 = SURFACE_STYLE_FILL_AREA ( #2765 ) ;
#683 = CIRCLE ( 'NONE', #1564, 0.09999999999999982514 ) ;
#684 =( LENGTH_UNIT ( ) NAMED_UNIT ( * ) SI_UNIT ( .MILLI., .METRE. ) );
#685 = VERTEX_POINT ( 'NONE', #2636 ) ;
#686 = SURFACE_SIDE_STYLE ('',( #1378 ) ) ;
#687 = DIRECTION ( 'NONE',  ( 1.000000000000000000, 0.000000000000000000, 0.000000000000000000 ) ) ;
#688 = AXIS2_PLACEMENT_3D ( 'NONE', #3382, #974, #2997 ) ;
#689 = CARTESIAN_POINT ( 'NONE',  ( -3.169613011442830697, 0.7917087916980899420, 5.180000000001601101 ) ) ;
#690 = ORIENTED_EDGE ( 'NONE', *, *, #1520, .T. ) ;
#691 = SURFACE_SIDE_STYLE ('',( #986 ) ) ;
#692 = EDGE_LOOP ( 'NONE', ( #2712, #3795, #2866, #2131, #2144, #1213, #357, #822, #1580, #2027, #2090, #4561 ) ) ;
#693 = LINE ( 'NONE', #740, #4269 ) ;
#694 = AXIS2_PLACEMENT_3D ( 'NONE', #3175, #4256, #3919 ) ;
#695 = CARTESIAN_POINT ( 'NONE',  ( 0.2803869885571689258, 0.2117087916980894546, 3.450000000001601119 ) ) ;
#696 = LINE ( 'NONE', #671, #1647 ) ;
#697 = CIRCLE ( 'NONE', #1939, 0.09999999999999982514 ) ;
#698 = COLOUR_RGB ( '',0.5372549019607842924, 0.3490196078431372362, 0.3372549019607843368 ) ;
#699 = LINE ( 'NONE', #2124, #465 ) ;
#700 = EDGE_CURVE ( 'NONE', #4096, #2834, #891, .T. ) ;
#701 =( GEOMETRIC_REPRESENTATION_CONTEXT ( 3 ) GLOBAL_UNCERTAINTY_ASSIGNED_CONTEXT ( ( #3998 ) ) GLOBAL_UNIT_ASSIGNED_CONTEXT ( ( #3629, #430, #74 ) ) REPRESENTATION_CONTEXT ( 'NONE', 'WORKASPACE' ) );
#702 = ADVANCED_FACE ( 'NONE', ( #3587 ), #2983, .F. ) ;
#703 = ORIENTED_EDGE ( 'NONE', *, *, #3313, .F. ) ;
#704 = VERTEX_POINT ( 'NONE', #1180 ) ;
#705 = SURFACE_STYLE_USAGE ( .BOTH. , #3840 ) ;
#706 = STYLED_ITEM ( 'NONE', ( #798 ), #2102 ) ;
#707 =( LENGTH_UNIT ( ) NAMED_UNIT ( * ) SI_UNIT ( .MILLI., .METRE. ) );
#708 = ADVANCED_FACE ( 'NONE', ( #2591 ), #3707, .F. ) ;
#709 = SURFACE_STYLE_FILL_AREA ( #2508 ) ;
#710 = ADVANCED_FACE ( 'NONE', ( #1335 ), #316, .F. ) ;
#711 = PRESENTATION_STYLE_ASSIGNMENT (( #3569 ) ) ;
#712 = ADVANCED_FACE ( 'NONE', ( #3460 ), #245, .F. ) ;
#713 = ORIENTED_EDGE ( 'NONE', *, *, #3875, .F. ) ;
#714 = CARTESIAN_POINT ( 'NONE',  ( -2.719613011442830075, -1.008291208301910435, 5.180000000001601101 ) ) ;
#715 = ORIENTED_EDGE ( 'NONE', *, *, #3959, .T. ) ;
#716 = ORIENTED_EDGE ( 'NONE', *, *, #3663, .T. ) ;
#717 = DIRECTION ( 'NONE',  ( -1.000000000000000000, -1.942890293094023946E-16, 5.551115123125782702E-17 ) ) ;
#718 = UNCERTAINTY_MEASURE_WITH_UNIT (LENGTH_MEASURE( 1.000000000000000082E-05 ), #4380, 'distance_accuracy_value', 'NONE');
#719 = PLANE ( 'NONE',  #3464 ) ;
#720 = STYLED_ITEM ( 'NONE', ( #566 ), #2772 ) ;
#721 = DIRECTION ( 'NONE',  ( -0.000000000000000000, -0.000000000000000000, -1.000000000000000000 ) ) ;
#722 = DIRECTION ( 'NONE',  ( 1.000000000000000000, 0.000000000000000000, 0.000000000000000000 ) ) ;
#723 = UNCERTAINTY_MEASURE_WITH_UNIT (LENGTH_MEASURE( 1.000000000000000082E-05 ), #1629, 'distance_accuracy_value', 'NONE');
#724 = VERTEX_POINT ( 'NONE', #3056 ) ;
#725 = ORIENTED_EDGE ( 'NONE', *, *, #3434, .T. ) ;
#726 = STYLED_ITEM ( 'NONE', ( #2007 ), #2928 ) ;
#727 = FILL_AREA_STYLE ('',( #1019 ) ) ;
#728 =( LENGTH_UNIT ( ) NAMED_UNIT ( * ) SI_UNIT ( .MILLI., .METRE. ) );
#729 = CARTESIAN_POINT ( 'NONE',  ( -2.718089691024577093, 1.291708791698090053, 5.500000000001600498 ) ) ;
#730 = CARTESIAN_POINT ( 'NONE',  ( 0.5303869885571695919, 1.291708791698090275, 4.500000000001601386 ) ) ;
#731 = MECHANICAL_DESIGN_GEOMETRIC_PRESENTATION_REPRESENTATION (  '', ( #123 ), #3718 ) ;
#732 = DIRECTION ( 'NONE',  ( -1.637951978259724831E-16, -1.000000000000000000, -1.665334536937734811E-16 ) ) ;
#733 = ORIENTED_EDGE ( 'NONE', *, *, #1836, .F. ) ;
#734 = DIRECTION ( 'NONE',  ( -0.000000000000000000, -0.000000000000000000, -1.000000000000000000 ) ) ;
#735 = CARTESIAN_POINT ( 'NONE',  ( -1.969613011442830519, 0.1617087916980894657, 3.400000000001600853 ) ) ;
#736 = FILL_AREA_STYLE_COLOUR ( '', #793 ) ;
#737 = COLOUR_RGB ( '',0.5372549019607842924, 0.3490196078431372362, 0.3372549019607843368 ) ;
#738 =( NAMED_UNIT ( * ) PLANE_ANGLE_UNIT ( ) SI_UNIT ( $, .RADIAN. ) );
#739 = ORIENTED_EDGE ( 'NONE', *, *, #4012, .F. ) ;
#740 = CARTESIAN_POINT ( 'NONE',  ( 1.080386988557169747, 0.7917087916980902751, 4.500000000001601386 ) ) ;
#741 = MECHANICAL_DESIGN_GEOMETRIC_PRESENTATION_REPRESENTATION (  '', ( #2657 ), #4223 ) ;
#742 =( NAMED_UNIT ( * ) PLANE_ANGLE_UNIT ( ) SI_UNIT ( $, .RADIAN. ) );
#743 =( NAMED_UNIT ( * ) PLANE_ANGLE_UNIT ( ) SI_UNIT ( $, .RADIAN. ) );
#744 = VECTOR ( 'NONE', #3281, 1000.000000000000000 ) ;
#745 = ORIENTED_EDGE ( 'NONE', *, *, #2627, .T. ) ;
#746 = ORIENTED_EDGE ( 'NONE', *, *, #2256, .T. ) ;
#747 = PRESENTATION_LAYER_ASSIGNMENT (  '', '', ( #439 ) ) ;
#748 = LINE ( 'NONE', #3611, #4595 ) ;
#749 = EDGE_LOOP ( 'NONE', ( #1125, #2782, #4109, #2630 ) ) ;
#750 = DIRECTION ( 'NONE',  ( -1.571307496355803202E-16, -1.000000000000000000, 0.000000000000000000 ) ) ;
#751 = SURFACE_STYLE_FILL_AREA ( #1025 ) ;
#752 = EDGE_CURVE ( 'NONE', #1377, #3111, #2368, .T. ) ;
#753 = COLOUR_RGB ( '',0.5372549019607842924, 0.3490196078431372362, 0.3372549019607843368 ) ;
#754 = CYLINDRICAL_SURFACE ( 'NONE', #3058, 0.05000000000000012768 ) ;
#755 =( GEOMETRIC_REPRESENTATION_CONTEXT ( 3 ) GLOBAL_UNCERTAINTY_ASSIGNED_CONTEXT ( ( #1682 ) ) GLOBAL_UNIT_ASSIGNED_CONTEXT ( ( #3849, #2680, #568 ) ) REPRESENTATION_CONTEXT ( 'NONE', 'WORKASPACE' ) );
#756 = VERTEX_POINT ( 'NONE', #3132 ) ;
#757 = DIRECTION ( 'NONE',  ( -0.7071067811865474617, 0.7071067811865474617, 0.000000000000000000 ) ) ;
#758 = SURFACE_SIDE_STYLE ('',( #26 ) ) ;
#759 = DIRECTION ( 'NONE',  ( 8.628166150854817716E-32, 1.000000000000000000, -2.780668966773133237E-49 ) ) ;
#760 = ORIENTED_EDGE ( 'NONE', *, *, #1429, .T. ) ;
#761 = CARTESIAN_POINT ( 'NONE',  ( -1.919613011442830253, 0.2117087916980894546, 3.900000000001600853 ) ) ;
#762 = COLOUR_RGB ( '',0.000000000000000000, 0.000000000000000000, 1.000000000000000000 ) ;
#763 = CARTESIAN_POINT ( 'NONE',  ( -2.169613011442830253, -1.008291208301910213, 4.500000000001600498 ) ) ;
#764 = EDGE_CURVE ( 'NONE', #1970, #209, #4583, .T. ) ;
#765 = SURFACE_STYLE_FILL_AREA ( #4614 ) ;
#766 = COLOUR_RGB ( '',0.5372549019607842924, 0.3490196078431372362, 0.3372549019607843368 ) ;
#767 = SURFACE_SIDE_STYLE ('',( #3979 ) ) ;
#768 = UNCERTAINTY_MEASURE_WITH_UNIT (LENGTH_MEASURE( 1.000000000000000082E-05 ), #2292, 'distance_accuracy_value', 'NONE');
#769 = ORIENTED_EDGE ( 'NONE', *, *, #2479, .T. ) ;
#770 = ORIENTED_EDGE ( 'NONE', *, *, #1662, .T. ) ;
#771 = VECTOR ( 'NONE', #779, 1000.000000000000000 ) ;
#772 = CARTESIAN_POINT ( 'NONE',  ( 0.3303869885571690812, 0.1417087916980890872, 3.400000000001600853 ) ) ;
#773 = EDGE_LOOP ( 'NONE', ( #3019, #877, #3352, #3468 ) ) ;
#774 = CARTESIAN_POINT ( 'NONE',  ( -1.919613011442830253, 1.338155401104816011, 3.450000000001601119 ) ) ;
#775 = FACE_OUTER_BOUND ( 'NONE', #2707, .T. ) ;
#776 = ORIENTED_EDGE ( 'NONE', *, *, #2143, .F. ) ;
#777 = FILL_AREA_STYLE_COLOUR ( '', #3417 ) ;
#778 =( NAMED_UNIT ( * ) PLANE_ANGLE_UNIT ( ) SI_UNIT ( $, .RADIAN. ) );
#779 = DIRECTION ( 'NONE',  ( 1.637951978259724831E-16, 1.000000000000000000, 1.665334536937734811E-16 ) ) ;
#780 = ADVANCED_FACE ( 'NONE', ( #2803 ), #2448, .T. ) ;
#781 = ORIENTED_EDGE ( 'NONE', *, *, #2504, .F. ) ;
#782 = SURFACE_STYLE_FILL_AREA ( #805 ) ;
#783 = SURFACE_STYLE_FILL_AREA ( #3280 ) ;
#784 = CARTESIAN_POINT ( 'NONE',  ( -2.322808654574525900, 1.291708791698090275, 4.854022906029303641 ) ) ;
#785 = PRESENTATION_LAYER_ASSIGNMENT (  '', '', ( #103 ) ) ;
#786 =( NAMED_UNIT ( * ) SI_UNIT ( $, .STERADIAN. ) SOLID_ANGLE_UNIT ( ) );
#787 = EDGE_CURVE ( 'NONE', #2607, #1968, #2741, .T. ) ;
#788 = ORIENTED_EDGE ( 'NONE', *, *, #1940, .T. ) ;
#789 = CARTESIAN_POINT ( 'NONE',  ( -2.148902333324175906, -1.537580530183255245, 3.400000000001600409 ) ) ;
#790 = EDGE_CURVE ( 'NONE', #2053, #1556, #4097, .T. ) ;
#791 =( NAMED_UNIT ( * ) SI_UNIT ( $, .STERADIAN. ) SOLID_ANGLE_UNIT ( ) );
#792 =( BOUNDED_CURVE ( )  B_SPLINE_CURVE ( 3, ( #191, #2681, #981, #2303 ),
 .UNSPECIFIED., .F., .F. ) 
 B_SPLINE_CURVE_WITH_KNOTS ( ( 4, 4 ),
 ( 1.570796326794896558, 3.141592653589793116 ),
 .UNSPECIFIED. ) 
 CURVE ( )  GEOMETRIC_REPRESENTATION_ITEM ( )  RATIONAL_B_SPLINE_CURVE ( ( 1.000000000000000000, 0.8047378541243649375, 0.8047378541243649375, 1.000000000000000000 ) ) 
 REPRESENTATION_ITEM ( '' )  );
#793 = COLOUR_RGB ( '',0.5372549019607842924, 0.3490196078431372362, 0.3372549019607843368 ) ;
#794 = ORIENTED_EDGE ( 'NONE', *, *, #3462, .F. ) ;
#795 = CARTESIAN_POINT ( 'NONE',  ( -2.169613011442830697, -0.5082912083019104355, 4.500000000001600498 ) ) ;
#796 =( NAMED_UNIT ( * ) PLANE_ANGLE_UNIT ( ) SI_UNIT ( $, .RADIAN. ) );
#797 = VECTOR ( 'NONE', #3193, 1000.000000000000000 ) ;
#798 = PRESENTATION_STYLE_ASSIGNMENT (( #4024 ) ) ;
#799 = SURFACE_SIDE_STYLE ('',( #1902 ) ) ;
#800 = ORIENTED_EDGE ( 'NONE', *, *, #2901, .F. ) ;
#801 = SURFACE_SIDE_STYLE ('',( #2581 ) ) ;
#802 = DIRECTION ( 'NONE',  ( 1.571307496355803202E-16, -1.000000000000000000, -0.000000000000000000 ) ) ;
#803 = VECTOR ( 'NONE', #3079, 1000.000000000000000 ) ;
#804 = ORIENTED_EDGE ( 'NONE', *, *, #290, .F. ) ;
#805 = FILL_AREA_STYLE ('',( #2653 ) ) ;
#806 = UNCERTAINTY_MEASURE_WITH_UNIT (LENGTH_MEASURE( 1.000000000000000082E-05 ), #3006, 'distance_accuracy_value', 'NONE');
#807 = CARTESIAN_POINT ( 'NONE',  ( 1.530386988557169703, -1.008291208301910213, 4.682150905820582132 ) ) ;
#808 = COLOUR_RGB ( '',0.4392156862745097978, 0.4392156862745097978, 0.4392156862745097978 ) ;
#809 = CARTESIAN_POINT ( 'NONE',  ( -1.666059620849556167, 1.541708791698090053, 3.900000000001600853 ) ) ;
#810 = PRESENTATION_STYLE_ASSIGNMENT (( #3559 ) ) ;
#811 = UNCERTAINTY_MEASURE_WITH_UNIT (LENGTH_MEASURE( 1.000000000000000082E-05 ), #3963, 'distance_accuracy_value', 'NONE');
#812 = EDGE_CURVE ( 'NONE', #35, #1286, #2388, .T. ) ;
#813 = PLANE ( 'NONE',  #2000 ) ;
#814 = PRESENTATION_LAYER_ASSIGNMENT (  '', '', ( #437 ) ) ;
#815 = ORIENTED_EDGE ( 'NONE', *, *, #1857, .T. ) ;
#816 =( LENGTH_UNIT ( ) NAMED_UNIT ( * ) SI_UNIT ( .MILLI., .METRE. ) );
#817 = VECTOR ( 'NONE', #1168, 1000.000000000000000 ) ;
#818 =( NAMED_UNIT ( * ) PLANE_ANGLE_UNIT ( ) SI_UNIT ( $, .RADIAN. ) );
#819 = PLANE ( 'NONE',  #3842 ) ;
#820 = COLOUR_RGB ( '',0.5372549019607842924, 0.3490196078431372362, 0.3372549019607843368 ) ;
#821 = DIRECTION ( 'NONE',  ( -1.000000000000000000, 0.000000000000000000, 0.000000000000000000 ) ) ;
#822 = ORIENTED_EDGE ( 'NONE', *, *, #221, .T. ) ;
#823 = DIRECTION ( 'NONE',  ( 0.000000000000000000, 0.000000000000000000, 1.000000000000000000 ) ) ;
#824 = CARTESIAN_POINT ( 'NONE',  ( -1.919613011442830253, -1.308291208301910036, 3.900000000001600853 ) ) ;
#825 = AXIS2_PLACEMENT_3D ( 'NONE', #2319, #3774, #561 ) ;
#826 = VERTEX_POINT ( 'NONE', #4548 ) ;
#827 = PLANE ( 'NONE',  #4485 ) ;
#828 = DIRECTION ( 'NONE',  ( -1.000000000000000000, 1.114032275271057355E-16, 0.000000000000000000 ) ) ;
#829 = MECHANICAL_DESIGN_GEOMETRIC_PRESENTATION_REPRESENTATION (  '', ( #462 ), #3657 ) ;
#830 = DIRECTION ( 'NONE',  ( -1.376933246922772114E-16, 1.000000000000000000, 0.000000000000000000 ) ) ;
#831 = VECTOR ( 'NONE', #2969, 1000.000000000000000 ) ;
#832 = FILL_AREA_STYLE_COLOUR ( '', #1544 ) ;
#833 = CARTESIAN_POINT ( 'NONE',  ( 0.2303869885571690201, -1.308291208301910036, 3.900000000001600853 ) ) ;
#834 = AXIS2_PLACEMENT_3D ( 'NONE', #1864, #3293, #823 ) ;
#835 = ADVANCED_FACE ( 'NONE', ( #4480 ), #1310, .T. ) ;
#836 =( NAMED_UNIT ( * ) SI_UNIT ( $, .STERADIAN. ) SOLID_ANGLE_UNIT ( ) );
#837 = EDGE_LOOP ( 'NONE', ( #1079, #2734, #3638, #3384 ) ) ;
#838 = ADVANCED_FACE ( 'NONE', ( #4189 ), #2958, .T. ) ;
#839 =( NAMED_UNIT ( * ) SI_UNIT ( $, .STERADIAN. ) SOLID_ANGLE_UNIT ( ) );
#840 = SURFACE_STYLE_FILL_AREA ( #2168 ) ;
#841 = SURFACE_STYLE_USAGE ( .BOTH. , #4091 ) ;
#842 = ORIENTED_EDGE ( 'NONE', *, *, #141, .F. ) ;
#843 = FACE_BOUND ( 'NONE', #1551, .T. ) ;
#844 = ADVANCED_FACE ( 'NONE', ( #4418 ), #813, .F. ) ;
#845 = EDGE_CURVE ( 'NONE', #3773, #704, #1507, .T. ) ;
#846 = LINE ( 'NONE', #1517, #4586 ) ;
#847 = AXIS2_PLACEMENT_3D ( 'NONE', #1574, #2291, #3738 ) ;
#848 = ORIENTED_EDGE ( 'NONE', *, *, #2758, .F. ) ;
#849 = CARTESIAN_POINT ( 'NONE',  ( -3.169613011442830697, 0.7917087916980899420, 4.682150905820581244 ) ) ;
#850 = SURFACE_STYLE_FILL_AREA ( #1198 ) ;
#851 = DIRECTION ( 'NONE',  ( 1.000000000000000000, -1.114032275271057355E-16, 0.000000000000000000 ) ) ;
#852 =( LENGTH_UNIT ( ) NAMED_UNIT ( * ) SI_UNIT ( .MILLI., .METRE. ) );
#853 = EDGE_LOOP ( 'NONE', ( #3064, #1844, #1810, #3042 ) ) ;
#854 = AXIS2_PLACEMENT_3D ( 'NONE', #3121, #2035, #2738 ) ;
#855 = ORIENTED_EDGE ( 'NONE', *, *, #1326, .T. ) ;
#856 = AXIS2_PLACEMENT_3D ( 'NONE', #1315, #4515, #1295 ) ;
#857 = PLANE ( 'NONE',  #2087 ) ;
#858 =( LENGTH_UNIT ( ) NAMED_UNIT ( * ) SI_UNIT ( .MILLI., .METRE. ) );
#859 = FILL_AREA_STYLE_COLOUR ( '', #2128 ) ;
#860 = MECHANICAL_DESIGN_GEOMETRIC_PRESENTATION_REPRESENTATION (  '', ( #3782 ), #3469 ) ;
#861 = ORIENTED_EDGE ( 'NONE', *, *, #2106, .T. ) ;
#862 =( NAMED_UNIT ( * ) PLANE_ANGLE_UNIT ( ) SI_UNIT ( $, .RADIAN. ) );
#863 =( NAMED_UNIT ( * ) PLANE_ANGLE_UNIT ( ) SI_UNIT ( $, .RADIAN. ) );
#864 = AXIS2_PLACEMENT_3D ( 'NONE', #2807, #1681, #2455 ) ;
#865 = ORIENTED_EDGE ( 'NONE', *, *, #2728, .F. ) ;
#866 = CARTESIAN_POINT ( 'NONE',  ( 0.9636998155791555165, 1.291708791698090275, 4.742564309982865822 ) ) ;
#867 = PRESENTATION_LAYER_ASSIGNMENT (  '', '', ( #654 ) ) ;
#868 = DIRECTION ( 'NONE',  ( -1.376933246922772114E-16, 1.000000000000000000, 0.000000000000000000 ) ) ;
#869 = CARTESIAN_POINT ( 'NONE',  ( -2.602925838464816177, -1.008291208301910435, 4.742564309982864934 ) ) ;
#870 =( GEOMETRIC_REPRESENTATION_CONTEXT ( 3 ) GLOBAL_UNCERTAINTY_ASSIGNED_CONTEXT ( ( #2243 ) ) GLOBAL_UNIT_ASSIGNED_CONTEXT ( ( #272, #4562, #657 ) ) REPRESENTATION_CONTEXT ( 'NONE', 'WORKASPACE' ) );
#871 = DIRECTION ( 'NONE',  ( 1.000000000000000000, 2.710505431213759606E-16, 0.000000000000000000 ) ) ;
#872 = CARTESIAN_POINT ( 'NONE',  ( 1.080386988557169747, -1.008291208301909991, 4.682150905820582132 ) ) ;
#873 = PRESENTATION_STYLE_ASSIGNMENT (( #1660 ) ) ;
#874 =( NAMED_UNIT ( * ) PLANE_ANGLE_UNIT ( ) SI_UNIT ( $, .RADIAN. ) );
#875 = MECHANICAL_DESIGN_GEOMETRIC_PRESENTATION_REPRESENTATION (  '', ( #1026 ), #127 ) ;
#876 = ORIENTED_EDGE ( 'NONE', *, *, #700, .F. ) ;
#877 = ORIENTED_EDGE ( 'NONE', *, *, #3512, .F. ) ;
#878 = CARTESIAN_POINT ( 'NONE',  ( 1.251011005814915311, -1.008291208301910213, 5.180000000001601990 ) ) ;
#879 =( BOUNDED_CURVE ( )  B_SPLINE_CURVE ( 3, ( #3744, #213, #519, #929 ),
 .UNSPECIFIED., .F., .F. ) 
 B_SPLINE_CURVE_WITH_KNOTS ( ( 4, 4 ),
 ( 1.570796326794896558, 3.141592653589793116 ),
 .UNSPECIFIED. ) 
 CURVE ( )  GEOMETRIC_REPRESENTATION_ITEM ( )  RATIONAL_B_SPLINE_CURVE ( ( 1.000000000000000000, 0.8047378541243649375, 0.8047378541243649375, 1.000000000000000000 ) ) 
 REPRESENTATION_ITEM ( '' )  );
#880 =( NAMED_UNIT ( * ) PLANE_ANGLE_UNIT ( ) SI_UNIT ( $, .RADIAN. ) );
#881 = ORIENTED_EDGE ( 'NONE', *, *, #4305, .T. ) ;
#882 = DIRECTION ( 'NONE',  ( 0.7071067811865486830, 0.7071067811865464625, -0.000000000000000000 ) ) ;
#883 =( LENGTH_UNIT ( ) NAMED_UNIT ( * ) SI_UNIT ( .MILLI., .METRE. ) );
#884 = EDGE_CURVE ( 'NONE', #2169, #4636, #2238, .T. ) ;
#885 = ORIENTED_EDGE ( 'NONE', *, *, #3082, .F. ) ;
#886 =( LENGTH_UNIT ( ) NAMED_UNIT ( * ) SI_UNIT ( .MILLI., .METRE. ) );
#887 = DIRECTION ( 'NONE',  ( 1.114032275271057355E-16, 1.000000000000000000, -0.000000000000000000 ) ) ;
#888 = CYLINDRICAL_SURFACE ( 'NONE', #2812, 0.05000000000000002359 ) ;
#889 =( LENGTH_UNIT ( ) NAMED_UNIT ( * ) SI_UNIT ( .MILLI., .METRE. ) );
#890 = VECTOR ( 'NONE', #4501, 1000.000000000000000 ) ;
#891 = LINE ( 'NONE', #1876, #1106 ) ;
#892 = EDGE_CURVE ( 'NONE', #1748, #3773, #3687, .T. ) ;
#893 = AXIS2_PLACEMENT_3D ( 'NONE', #1386, #4294, #2170 ) ;
#894 = PRESENTATION_STYLE_ASSIGNMENT (( #3371 ) ) ;
#895 = CARTESIAN_POINT ( 'NONE',  ( 0.6972885517993306914, 0.7917087916980901641, 4.880495591899755681 ) ) ;
#896 = VERTEX_POINT ( 'NONE', #4000 ) ;
#897 = CYLINDRICAL_SURFACE ( 'NONE', #3088, 0.05000000000000012768 ) ;
#898 = ORIENTED_EDGE ( 'NONE', *, *, #3959, .F. ) ;
#899 = SURFACE_STYLE_USAGE ( .BOTH. , #3420 ) ;
#900 = DIRECTION ( 'NONE',  ( -4.096188189618876484E-16, -6.879923503440045778E-32, -1.000000000000000000 ) ) ;
#901 = CIRCLE ( 'NONE', #3517, 0.09999999999999982514 ) ;
#902 = ORIENTED_EDGE ( 'NONE', *, *, #3962, .F. ) ;
#903 = PRESENTATION_STYLE_ASSIGNMENT (( #4121 ) ) ;
#904 = VECTOR ( 'NONE', #721, 1000.000000000000000 ) ;
#905 = MECHANICAL_DESIGN_GEOMETRIC_PRESENTATION_REPRESENTATION (  '', ( #4585 ), #4353 ) ;
#906 = AXIS2_PLACEMENT_3D ( 'NONE', #91, #1127, #1843 ) ;
#907 = LINE ( 'NONE', #2998, #1491 ) ;
#908 = MECHANICAL_DESIGN_GEOMETRIC_PRESENTATION_REPRESENTATION (  '', ( #3916 ), #701 ) ;
#909 = ORIENTED_EDGE ( 'NONE', *, *, #2140, .F. ) ;
#910 =( NAMED_UNIT ( * ) SI_UNIT ( $, .STERADIAN. ) SOLID_ANGLE_UNIT ( ) );
#911 = CARTESIAN_POINT ( 'NONE',  ( 0.2303869885571692422, 0.02170879169809038917, 3.900000000001600853 ) ) ;
#912 = PRESENTATION_STYLE_ASSIGNMENT (( #1603 ) ) ;
#913 = CARTESIAN_POINT ( 'NONE',  ( -2.169613011442830253, 1.441708791698089298, 5.380000000001600391 ) ) ;
#914 = PRESENTATION_LAYER_ASSIGNMENT (  '', '', ( #1360 ) ) ;
#915 =( NAMED_UNIT ( * ) SI_UNIT ( $, .STERADIAN. ) SOLID_ANGLE_UNIT ( ) );
#916 = DIRECTION ( 'NONE',  ( -1.000000000000000000, 1.637951978259724831E-16, -2.840569171771059074E-17 ) ) ;
#917 = SURFACE_STYLE_FILL_AREA ( #3009 ) ;
#918 = ORIENTED_EDGE ( 'NONE', *, *, #3815, .F. ) ;
#919 = SURFACE_STYLE_USAGE ( .BOTH. , #3309 ) ;
#920 = EDGE_CURVE ( 'NONE', #1032, #3714, #4059, .T. ) ;
#921 = VERTEX_POINT ( 'NONE', #2199 ) ;
#922 = SURFACE_SIDE_STYLE ('',( #205 ) ) ;
#923 = CYLINDRICAL_SURFACE ( 'NONE', #847, 0.1000000000000000472 ) ;
#924 = DIRECTION ( 'NONE',  ( -1.571307496355803202E-16, 1.000000000000000000, 0.000000000000000000 ) ) ;
#925 = COLOUR_RGB ( '',0.000000000000000000, 0.000000000000000000, 1.000000000000000000 ) ;
#926 = ORIENTED_EDGE ( 'NONE', *, *, #1661, .T. ) ;
#927 = DIRECTION ( 'NONE',  ( 0.000000000000000000, 0.000000000000000000, 1.000000000000000000 ) ) ;
#928 = LINE ( 'NONE', #3495, #3435 ) ;
#929 = CARTESIAN_POINT ( 'NONE',  ( 0.2803869885571689258, -1.308291208301910036, 3.450000000001601119 ) ) ;
#930 = VECTOR ( 'NONE', #1239, 1000.000000000000000 ) ;
#931 = ORIENTED_EDGE ( 'NONE', *, *, #2829, .T. ) ;
#932 = DIRECTION ( 'NONE',  ( -0.000000000000000000, 0.000000000000000000, 1.000000000000000000 ) ) ;
#933 = DIRECTION ( 'NONE',  ( 1.586747737394815023E-16, 0.000000000000000000, 1.000000000000000000 ) ) ;
#934 = COLOUR_RGB ( '',0.4392156862745097978, 0.4392156862745097978, 0.4392156862745097978 ) ;
#935 = PRESENTATION_STYLE_ASSIGNMENT (( #3750 ) ) ;
#936 = CARTESIAN_POINT ( 'NONE',  ( -2.718089691024577093, 1.291708791698090053, 5.400000000001600853 ) ) ;
#937 = LINE ( 'NONE', #1359, #4446 ) ;
#938 = EDGE_CURVE ( 'NONE', #3404, #2925, #2263, .T. ) ;
#939 =( NAMED_UNIT ( * ) PLANE_ANGLE_UNIT ( ) SI_UNIT ( $, .RADIAN. ) );
#940 = COLOUR_RGB ( '',0.7921568627450980005, 0.8196078431372548767, 0.9333333333333333481 ) ;
#941 = SURFACE_STYLE_USAGE ( .BOTH. , #4154 ) ;
#942 = ADVANCED_FACE ( 'NONE', ( #3265 ), #435, .F. ) ;
#943 = PRESENTATION_LAYER_ASSIGNMENT (  '', '', ( #3759 ) ) ;
#944 = PLANE ( 'NONE',  #864 ) ;
#945 = VERTEX_POINT ( 'NONE', #2025 ) ;
#946 = ORIENTED_EDGE ( 'NONE', *, *, #1151, .F. ) ;
#947 = STYLED_ITEM ( 'NONE', ( #2760 ), #1938 ) ;
#948 = MECHANICAL_DESIGN_GEOMETRIC_PRESENTATION_REPRESENTATION (  '', ( #432 ), #3560 ) ;
#949 =( NAMED_UNIT ( * ) SI_UNIT ( $, .STERADIAN. ) SOLID_ANGLE_UNIT ( ) );
#950 = SURFACE_STYLE_USAGE ( .BOTH. , #2377 ) ;
#951 = ORIENTED_EDGE ( 'NONE', *, *, #3962, .T. ) ;
#952 =( NAMED_UNIT ( * ) PLANE_ANGLE_UNIT ( ) SI_UNIT ( $, .RADIAN. ) );
#953 = FILL_AREA_STYLE ('',( #584 ) ) ;
#954 = EDGE_CURVE ( 'NONE', #4064, #4142, #528, .T. ) ;
#955 = DIRECTION ( 'NONE',  ( -1.376933246922771375E-16, 1.000000000000000000, -1.094764425253763337E-47 ) ) ;
#956 = FACE_OUTER_BOUND ( 'NONE', #3677, .T. ) ;
#957 = STYLED_ITEM ( 'NONE', ( #593 ), #1325 ) ;
#958 = PRESENTATION_STYLE_ASSIGNMENT (( #1004 ) ) ;
#959 = LINE ( 'NONE', #1997, #2458 ) ;
#960 = STYLED_ITEM ( 'NONE', ( #3229 ), #2450 ) ;
#961 = CYLINDRICAL_SURFACE ( 'NONE', #3152, 0.09999999999999982514 ) ;
#962 = CYLINDRICAL_SURFACE ( 'NONE', #4103, 0.09999999999999997780 ) ;
#963 = PLANE ( 'NONE',  #3990 ) ;
#964 = PRESENTATION_LAYER_ASSIGNMENT (  '', '', ( #2528 ) ) ;
#965 = ORIENTED_EDGE ( 'NONE', *, *, #2043, .T. ) ;
#966 = ORIENTED_EDGE ( 'NONE', *, *, #1175, .T. ) ;
#967 = FILL_AREA_STYLE ('',( #4138 ) ) ;
#968 = EDGE_CURVE ( 'NONE', #1157, #2558, #1935, .T. ) ;
#969 = EDGE_CURVE ( 'NONE', #4214, #3983, #620, .T. ) ;
#970 = FILL_AREA_STYLE_COLOUR ( '', #737 ) ;
#971 = MECHANICAL_DESIGN_GEOMETRIC_PRESENTATION_REPRESENTATION (  '', ( #2974 ), #2682 ) ;
#972 = ORIENTED_EDGE ( 'NONE', *, *, #1656, .T. ) ;
#973 = DIRECTION ( 'NONE',  ( -1.000000000000000000, 0.000000000000000000, 0.000000000000000000 ) ) ;
#974 = DIRECTION ( 'NONE',  ( 1.954328939911483930E-16, 4.875826206885860696E-32, -1.000000000000000000 ) ) ;
#975 = CARTESIAN_POINT ( 'NONE',  ( 0.8660847328954996982, 0.7917087916980902751, 4.554022906029304707 ) ) ;
#976 = PRESENTATION_LAYER_ASSIGNMENT (  '', '', ( #3904 ) ) ;
#977 =( LENGTH_UNIT ( ) NAMED_UNIT ( * ) SI_UNIT ( .MILLI., .METRE. ) );
#978 = DIRECTION ( 'NONE',  ( 1.000000000000000000, -0.000000000000000000, 0.000000000000000000 ) ) ;
#979 = ADVANCED_FACE ( 'NONE', ( #4152 ), #175, .T. ) ;
#980 = ORIENTED_EDGE ( 'NONE', *, *, #4356, .T. ) ;
#981 = CARTESIAN_POINT ( 'NONE',  ( -1.919613011442830253, -1.308291208301910036, 3.420710678120255643 ) ) ;
#982 = ADVANCED_FACE ( 'NONE', ( #3369 ), #2726, .F. ) ;
#983 = CYLINDRICAL_SURFACE ( 'NONE', #1434, 0.05000000000000012768 ) ;
#984 =( LENGTH_UNIT ( ) NAMED_UNIT ( * ) SI_UNIT ( .MILLI., .METRE. ) );
#985 = MECHANICAL_DESIGN_GEOMETRIC_PRESENTATION_REPRESENTATION (  '', ( #3591 ), #3223 ) ;
#986 = SURFACE_STYLE_FILL_AREA ( #382 ) ;
#987 = DIRECTION ( 'NONE',  ( 2.840569171771057842E-17, 1.665334536937734811E-16, -1.000000000000000000 ) ) ;
#988 = CARTESIAN_POINT ( 'NONE',  ( -1.919613011442830475, 0.07170879169809038500, 3.450000000001601119 ) ) ;
#989 = MECHANICAL_DESIGN_GEOMETRIC_PRESENTATION_REPRESENTATION (  '', ( #1360 ), #3370 ) ;
#990 = PRESENTATION_STYLE_ASSIGNMENT (( #1298 ) ) ;
#991 =( LENGTH_UNIT ( ) NAMED_UNIT ( * ) SI_UNIT ( .MILLI., .METRE. ) );
#992 = UNCERTAINTY_MEASURE_WITH_UNIT (LENGTH_MEASURE( 1.000000000000000082E-05 ), #3834, 'distance_accuracy_value', 'NONE');
#993 = ORIENTED_EDGE ( 'NONE', *, *, #1995, .F. ) ;
#994 = ORIENTED_EDGE ( 'NONE', *, *, #3286, .F. ) ;
#995 = LINE ( 'NONE', #13, #3189 ) ;
#996 = DIRECTION ( 'NONE',  ( 1.000000000000000000, 0.000000000000000000, 0.000000000000000000 ) ) ;
#997 = SURFACE_SIDE_STYLE ('',( #1688 ) ) ;
#998 = ORIENTED_EDGE ( 'NONE', *, *, #1982, .F. ) ;
#999 = CYLINDRICAL_SURFACE ( 'NONE', #2449, 0.1000000000000000472 ) ;
#1000 = EDGE_CURVE ( 'NONE', #656, #476, #697, .T. ) ;
#1001 = DIRECTION ( 'NONE',  ( -1.000000000000000000, 0.000000000000000000, 0.000000000000000000 ) ) ;
#1002 = SURFACE_SIDE_STYLE ('',( #682 ) ) ;
#1003 = DIRECTION ( 'NONE',  ( -1.586747737394815023E-16, -2.184845714098404788E-32, -1.000000000000000000 ) ) ;
#1004 = SURFACE_STYLE_USAGE ( .BOTH. , #663 ) ;
#1005 = ORIENTED_EDGE ( 'NONE', *, *, #206, .T. ) ;
#1006 = CARTESIAN_POINT ( 'NONE',  ( 1.251011005814915533, 0.7917087916980902751, 5.180000000001601990 ) ) ;
#1007 = AXIS2_PLACEMENT_3D ( 'NONE', #2436, #3846, #1001 ) ;
#1008 = FILL_AREA_STYLE ('',( #2092 ) ) ;
#1009 = VECTOR ( 'NONE', #3802, 1000.000000000000000 ) ;
#1010 = CARTESIAN_POINT ( 'NONE',  ( 0.3303869885571688592, 0.1417087916980892537, 3.400000000001600853 ) ) ;
#1011 = LINE ( 'NONE', #2096, #4016 ) ;
#1012 = VERTEX_POINT ( 'NONE', #988 ) ;
#1013 = PRESENTATION_STYLE_ASSIGNMENT (( #4215 ) ) ;
#1014 = AXIS2_PLACEMENT_3D ( 'NONE', #1607, #4104, #4486 ) ;
#1015 = LINE ( 'NONE', #319, #1282 ) ;
#1016 = VECTOR ( 'NONE', #305, 1000.000000000000000 ) ;
#1017 = EDGE_LOOP ( 'NONE', ( #364, #3563, #3690, #2604 ) ) ;
#1018 = ORIENTED_EDGE ( 'NONE', *, *, #3463, .F. ) ;
#1019 = FILL_AREA_STYLE_COLOUR ( '', #940 ) ;
#1020 = FACE_OUTER_BOUND ( 'NONE', #3843, .T. ) ;
#1021 = SURFACE_STYLE_FILL_AREA ( #4225 ) ;
#1022 = CARTESIAN_POINT ( 'NONE',  ( 0.2803869885571689258, 0.2117087916980894546, 3.900000000001600853 ) ) ;
#1023 = MECHANICAL_DESIGN_GEOMETRIC_PRESENTATION_REPRESENTATION (  '', ( #2050 ), #2351 ) ;
#1024 = DIRECTION ( 'NONE',  ( -1.000000000000000000, 1.637951978259724338E-16, 3.257019760129192306E-16 ) ) ;
#1025 = FILL_AREA_STYLE ('',( #308 ) ) ;
#1026 = STYLED_ITEM ( 'NONE', ( #2956 ), #708 ) ;
#1027 = CARTESIAN_POINT ( 'NONE',  ( -2.119613011442830430, 1.841708791698089875, 3.450000000001601119 ) ) ;
#1028 = ORIENTED_EDGE ( 'NONE', *, *, #1598, .F. ) ;
#1029 = CARTESIAN_POINT ( 'NONE',  ( -2.602925838464816177, -0.5082912083019104355, 4.742564309982864934 ) ) ;
#1030 = DIRECTION ( 'NONE',  ( 1.000000000000000000, 0.000000000000000000, 0.000000000000000000 ) ) ;
#1031 = CARTESIAN_POINT ( 'NONE',  ( -1.769613011442828565, 1.841708791698089875, 3.450000000001601119 ) ) ;
#1032 = VERTEX_POINT ( 'NONE', #3857 ) ;
#1033 = EDGE_CURVE ( 'NONE', #1012, #4021, #3296, .T. ) ;
#1034 = CARTESIAN_POINT ( 'NONE',  ( 1.162207251221640369, -0.5082912083019099914, 5.125977093973898668 ) ) ;
#1035 = VERTEX_POINT ( 'NONE', #2122 ) ;
#1036 = CARTESIAN_POINT ( 'NONE',  ( 0.5303869885571695919, -1.558291208301909814, 3.450000000001601119 ) ) ;
#1037 = AXIS2_PLACEMENT_3D ( 'NONE', #4556, #4175, #1663 ) ;
#1038 = EDGE_CURVE ( 'NONE', #3195, #2467, #696, .T. ) ;
#1039 = DIRECTION ( 'NONE',  ( 0.7071067811865479058, 0.7071067811865472397, 0.000000000000000000 ) ) ;
#1040 = COLOUR_RGB ( '',0.4392156862745097978, 0.4392156862745097978, 0.4392156862745097978 ) ;
#1041 = EDGE_CURVE ( 'NONE', #3527, #4527, #31, .T. ) ;
#1042 = CARTESIAN_POINT ( 'NONE',  ( -1.919613011442830253, -1.308291208301910036, 3.450000000001601119 ) ) ;
#1043 = SURFACE_STYLE_FILL_AREA ( #1365 ) ;
#1044 = UNCERTAINTY_MEASURE_WITH_UNIT (LENGTH_MEASURE( 1.000000000000000082E-05 ), #3566, 'distance_accuracy_value', 'NONE');
#1045 = EDGE_CURVE ( 'NONE', #2009, #2138, #291, .T. ) ;
#1046 = EDGE_LOOP ( 'NONE', ( #515, #1532, #339, #624 ) ) ;
#1047 = ORIENTED_EDGE ( 'NONE', *, *, #3821, .F. ) ;
#1048 = EDGE_CURVE ( 'NONE', #4010, #4293, #1705, .T. ) ;
#1049 = STYLED_ITEM ( 'NONE', ( #1399 ), #649 ) ;
#1050 =( NAMED_UNIT ( * ) SI_UNIT ( $, .STERADIAN. ) SOLID_ANGLE_UNIT ( ) );
#1051 = STYLED_ITEM ( 'NONE', ( #185 ), #301 ) ;
#1052 = CARTESIAN_POINT ( 'NONE',  ( 0.7772809783022245345, -1.008291208301909769, 4.600000000001601919 ) ) ;
#1053 =( NAMED_UNIT ( * ) PLANE_ANGLE_UNIT ( ) SI_UNIT ( $, .RADIAN. ) );
#1054 =( GEOMETRIC_REPRESENTATION_CONTEXT ( 3 ) GLOBAL_UNCERTAINTY_ASSIGNED_CONTEXT ( ( #718 ) ) GLOBAL_UNIT_ASSIGNED_CONTEXT ( ( #4380, #880, #2249 ) ) REPRESENTATION_CONTEXT ( 'NONE', 'WORKASPACE' ) );
#1055 = DIRECTION ( 'NONE',  ( 1.637951978259724831E-16, 1.000000000000000000, 1.665334536937734811E-16 ) ) ;
#1056 = FILL_AREA_STYLE_COLOUR ( '', #2367 ) ;
#1057 = EDGE_LOOP ( 'NONE', ( #3691, #4075, #2856, #1100 ) ) ;
#1058 = SURFACE_STYLE_USAGE ( .BOTH. , #686 ) ;
#1059 = CARTESIAN_POINT ( 'NONE',  ( -2.718089691024577093, 0.7917087916980900530, 5.500000000001600498 ) ) ;
#1060 = SURFACE_STYLE_FILL_AREA ( #4352 ) ;
#1061 = ORIENTED_EDGE ( 'NONE', *, *, #96, .F. ) ;
#1062 = CARTESIAN_POINT ( 'NONE',  ( 0.6835826316888651277, -1.008291208301909991, 4.854022906029304529 ) ) ;
#1063 = ORIENTED_EDGE ( 'NONE', *, *, #2644, .T. ) ;
#1064 = CARTESIAN_POINT ( 'NONE',  ( 0.5947788770955904081, 0.7917087916980901641, 4.900000000001601741 ) ) ;
#1065 = AXIS2_PLACEMENT_3D ( 'NONE', #3497, #1624, #3825 ) ;
#1066 = COLOUR_RGB ( '',0.000000000000000000, 0.000000000000000000, 0.000000000000000000 ) ;
#1067 =( BOUNDED_CURVE ( )  B_SPLINE_CURVE ( 3, ( #1430, #3484, #286, #3876 ),
 .UNSPECIFIED., .F., .F. ) 
 B_SPLINE_CURVE_WITH_KNOTS ( ( 4, 4 ),
 ( 0.000000000000000000, 1.570796326794896558 ),
 .UNSPECIFIED. ) 
 CURVE ( )  GEOMETRIC_REPRESENTATION_ITEM ( )  RATIONAL_B_SPLINE_CURVE ( ( 1.000000000000000000, 0.8047378541243649375, 0.8047378541243649375, 1.000000000000000000 ) ) 
 REPRESENTATION_ITEM ( '' )  );
#1068 = VECTOR ( 'NONE', #3033, 1000.000000000000000 ) ;
#1069 = DIRECTION ( 'NONE',  ( 1.000000000000000000, 1.942890293094023946E-16, -5.551115123125782702E-17 ) ) ;
#1070 = ORIENTED_EDGE ( 'NONE', *, *, #1523, .F. ) ;
#1071 = ORIENTED_EDGE ( 'NONE', *, *, #3378, .F. ) ;
#1072 =( NAMED_UNIT ( * ) PLANE_ANGLE_UNIT ( ) SI_UNIT ( $, .RADIAN. ) );
#1073 = DIRECTION ( 'NONE',  ( -0.000000000000000000, -0.000000000000000000, -1.000000000000000000 ) ) ;
#1074 =( LENGTH_UNIT ( ) NAMED_UNIT ( * ) SI_UNIT ( .MILLI., .METRE. ) );
#1075 = EDGE_CURVE ( 'NONE', #1550, #945, #3929, .T. ) ;
#1076 = CARTESIAN_POINT ( 'NONE',  ( 1.530386988557169925, 0.7917087916980903861, 4.682150905820582132 ) ) ;
#1077 = DIRECTION ( 'NONE',  ( -0.000000000000000000, -0.000000000000000000, -1.000000000000000000 ) ) ;
#1078 = CARTESIAN_POINT ( 'NONE',  ( 0.5947788770955904081, 0.7917087916980901641, 4.800000000001601208 ) ) ;
#1079 = ORIENTED_EDGE ( 'NONE', *, *, #1118, .F. ) ;
#1080 = LINE ( 'NONE', #3921, #1227 ) ;
#1081 = ORIENTED_EDGE ( 'NONE', *, *, #1178, .T. ) ;
#1082 = VERTEX_POINT ( 'NONE', #1780 ) ;
#1083 = LINE ( 'NONE', #2542, #75 ) ;
#1084 =( GEOMETRIC_REPRESENTATION_CONTEXT ( 3 ) GLOBAL_UNCERTAINTY_ASSIGNED_CONTEXT ( ( #4136 ) ) GLOBAL_UNIT_ASSIGNED_CONTEXT ( ( #3499, #2795, #2091 ) ) REPRESENTATION_CONTEXT ( 'NONE', 'WORKASPACE' ) );
#1085 = CARTESIAN_POINT ( 'NONE',  ( -1.686770298968210957, 1.641708791698089920, 3.400000000001600853 ) ) ;
#1086 = DIRECTION ( 'NONE',  ( -0.7071067811865479058, -0.7071067811865472397, 0.000000000000000000 ) ) ;
#1087 = SURFACE_SIDE_STYLE ('',( #765 ) ) ;
#1088 = UNCERTAINTY_MEASURE_WITH_UNIT (LENGTH_MEASURE( 1.000000000000000082E-05 ), #1398, 'distance_accuracy_value', 'NONE');
#1089 =( BOUNDED_CURVE ( )  B_SPLINE_CURVE ( 3, ( #3721, #163, #4429, #3988 ),
 .UNSPECIFIED., .F., .F. ) 
 B_SPLINE_CURVE_WITH_KNOTS ( ( 4, 4 ),
 ( 1.570796326794896780, 3.141592653589793116 ),
 .UNSPECIFIED. ) 
 CURVE ( )  GEOMETRIC_REPRESENTATION_ITEM ( )  RATIONAL_B_SPLINE_CURVE ( ( 1.000000000000000000, 0.8047378541243650485, 0.8047378541243650485, 1.000000000000000000 ) ) 
 REPRESENTATION_ITEM ( '' )  );
#1090 = EDGE_LOOP ( 'NONE', ( #1139, #1071, #1431, #1559 ) ) ;
#1091 = AXIS2_PLACEMENT_3D ( 'NONE', #2427, #3513, #1738 ) ;
#1092 = ADVANCED_FACE ( 'NONE', ( #4640 ), #4194, .T. ) ;
#1093 = CARTESIAN_POINT ( 'NONE',  ( -1.666059620849556167, 1.591708791698089875, 3.450000000001601119 ) ) ;
#1094 =( GEOMETRIC_REPRESENTATION_CONTEXT ( 3 ) GLOBAL_UNCERTAINTY_ASSIGNED_CONTEXT ( ( #1143 ) ) GLOBAL_UNIT_ASSIGNED_CONTEXT ( ( #3151, #1053, #2409 ) ) REPRESENTATION_CONTEXT ( 'NONE', 'WORKASPACE' ) );
#1095 = SURFACE_STYLE_FILL_AREA ( #4306 ) ;
#1096 = ORIENTED_EDGE ( 'NONE', *, *, #4657, .T. ) ;
#1097 = SURFACE_STYLE_FILL_AREA ( #3589 ) ;
#1098 = MECHANICAL_DESIGN_GEOMETRIC_PRESENTATION_REPRESENTATION (  '', ( #1762 ), #2574 ) ;
#1099 = SURFACE_SIDE_STYLE ('',( #2184 ) ) ;
#1100 = ORIENTED_EDGE ( 'NONE', *, *, #4369, .F. ) ;
#1101 = CARTESIAN_POINT ( 'NONE',  ( -2.234004899981251402, 0.7917087916980901641, 4.900000000001600853 ) ) ;
#1102 =( NAMED_UNIT ( * ) PLANE_ANGLE_UNIT ( ) SI_UNIT ( $, .RADIAN. ) );
#1103 = EDGE_CURVE ( 'NONE', #41, #371, #2779, .T. ) ;
#1104 = CARTESIAN_POINT ( 'NONE',  ( 0.1303869885571689868, 1.441708791698089742, 3.650000000001600853 ) ) ;
#1105 = CIRCLE ( 'NONE', #1974, 0.09999999999999982514 ) ;
#1106 = VECTOR ( 'NONE', #2307, 1000.000000000000000 ) ;
#1107 = DIRECTION ( 'NONE',  ( 1.000000000000000000, -1.571307496355803202E-16, 0.000000000000000000 ) ) ;
#1108 = EDGE_LOOP ( 'NONE', ( #3634, #3494, #4119, #312 ) ) ;
#1109 = DIRECTION ( 'NONE',  ( -0.000000000000000000, -0.000000000000000000, -1.000000000000000000 ) ) ;
#1110 = FILL_AREA_STYLE_COLOUR ( '', #2260 ) ;
#1111 = CARTESIAN_POINT ( 'NONE',  ( 0.2803869885571688148, 1.591708791698089653, 3.420710678120255643 ) ) ;
#1112 = PRESENTATION_LAYER_ASSIGNMENT (  '', '', ( #1187 ) ) ;
#1113 = VECTOR ( 'NONE', #3364, 1000.000000000000000 ) ;
#1114 = ORIENTED_EDGE ( 'NONE', *, *, #4100, .F. ) ;
#1115 = ORIENTED_EDGE ( 'NONE', *, *, #1384, .T. ) ;
#1116 =( NAMED_UNIT ( * ) PLANE_ANGLE_UNIT ( ) SI_UNIT ( $, .RADIAN. ) );
#1117 = ORIENTED_EDGE ( 'NONE', *, *, #14, .T. ) ;
#1118 = EDGE_CURVE ( 'NONE', #4258, #2356, #3579, .T. ) ;
#1119 = EDGE_CURVE ( 'NONE', #3877, #3865, #2804, .T. ) ;
#1120 = DIRECTION ( 'NONE',  ( 1.942890293094024439E-16, -1.000000000000000000, 0.000000000000000000 ) ) ;
#1121 = MECHANICAL_DESIGN_GEOMETRIC_PRESENTATION_REPRESENTATION (  '', ( #1051 ), #2675 ) ;
#1122 = SURFACE_SIDE_STYLE ('',( #576 ) ) ;
#1123 = COLOUR_RGB ( '',0.4392156862745097978, 0.4392156862745097978, 0.4392156862745097978 ) ;
#1124 = PRESENTATION_LAYER_ASSIGNMENT (  '', '', ( #3356 ) ) ;
#1125 = ORIENTED_EDGE ( 'NONE', *, *, #3114, .T. ) ;
#1126 = CARTESIAN_POINT ( 'NONE',  ( -1.869613011442830430, 0.2617087916980894713, 3.750000000001600942 ) ) ;
#1127 = DIRECTION ( 'NONE',  ( -1.942890293094024685E-16, 1.000000000000000000, 0.000000000000000000 ) ) ;
#1128 = AXIS2_PLACEMENT_3D ( 'NONE', #2557, #3695, #132 ) ;
#1129 =( NAMED_UNIT ( * ) PLANE_ANGLE_UNIT ( ) SI_UNIT ( $, .RADIAN. ) );
#1130 = EDGE_CURVE ( 'NONE', #3381, #4527, #4013, .T. ) ;
#1131 = VERTEX_POINT ( 'NONE', #2564 ) ;
#1132 = UNCERTAINTY_MEASURE_WITH_UNIT (LENGTH_MEASURE( 1.000000000000000082E-05 ), #1636, 'distance_accuracy_value', 'NONE');
#1133 = CARTESIAN_POINT ( 'NONE',  ( -2.148902333324175462, 1.433130147935397725, 3.400000000001601297 ) ) ;
#1134 = EDGE_CURVE ( 'NONE', #424, #4054, #4413, .T. ) ;
#1135 = CARTESIAN_POINT ( 'NONE',  ( 0.2303869885571692422, 0.02170879169809038223, 3.691421356238909546 ) ) ;
#1136 = SURFACE_SIDE_STYLE ('',( #3951 ) ) ;
#1137 = UNCERTAINTY_MEASURE_WITH_UNIT (LENGTH_MEASURE( 1.000000000000000082E-05 ), #2959, 'distance_accuracy_value', 'NONE');
#1138 = PRESENTATION_LAYER_ASSIGNMENT (  '', '', ( #3520 ) ) ;
#1139 = ORIENTED_EDGE ( 'NONE', *, *, #1300, .F. ) ;
#1140 = VECTOR ( 'NONE', #802, 1000.000000000000000 ) ;
#1141 = CARTESIAN_POINT ( 'NONE',  ( 1.530386988557169703, -1.008291208301910213, 4.682150905820582132 ) ) ;
#1142 = COLOUR_RGB ( '',0.4392156862745097978, 0.4392156862745097978, 0.4392156862745097978 ) ;
#1143 = UNCERTAINTY_MEASURE_WITH_UNIT (LENGTH_MEASURE( 1.000000000000000082E-05 ), #3151, 'distance_accuracy_value', 'NONE');
#1144 = ORIENTED_EDGE ( 'NONE', *, *, #4311, .T. ) ;
#1145 =( GEOMETRIC_REPRESENTATION_CONTEXT ( 3 ) GLOBAL_UNCERTAINTY_ASSIGNED_CONTEXT ( ( #4325 ) ) GLOBAL_UNIT_ASSIGNED_CONTEXT ( ( #4424, #1965, #949 ) ) REPRESENTATION_CONTEXT ( 'NONE', 'WORKASPACE' ) );
#1146 = LINE ( 'NONE', #795, #4388 ) ;
#1147 = DIRECTION ( 'NONE',  ( 8.474091755303839943E-32, 1.000000000000000000, 0.000000000000000000 ) ) ;
#1148 = PLANE ( 'NONE',  #2852 ) ;
#1149 = COLOUR_RGB ( '',0.5372549019607842924, 0.3490196078431372362, 0.3372549019607843368 ) ;
#1150 = DIRECTION ( 'NONE',  ( -0.000000000000000000, 0.000000000000000000, 1.000000000000000000 ) ) ;
#1151 = EDGE_CURVE ( 'NONE', #116, #2761, #502, .T. ) ;
#1152 = CARTESIAN_POINT ( 'NONE',  ( -1.769613011442828565, 1.841708791698089875, 3.450000000001601119 ) ) ;
#1153 = VERTEX_POINT ( 'NONE', #763 ) ;
#1154 = FILL_AREA_STYLE ('',( #777 ) ) ;
#1155 = FACE_OUTER_BOUND ( 'NONE', #2825, .T. ) ;
#1156 =( NAMED_UNIT ( * ) SI_UNIT ( $, .STERADIAN. ) SOLID_ANGLE_UNIT ( ) );
#1157 = VERTEX_POINT ( 'NONE', #3603 ) ;
#1158 = DIRECTION ( 'NONE',  ( 0.000000000000000000, 1.000000000000000000, 0.000000000000000000 ) ) ;
#1159 = DIRECTION ( 'NONE',  ( 5.551115123125780237E-17, -0.000000000000000000, 1.000000000000000000 ) ) ;
#1160 = SURFACE_STYLE_FILL_AREA ( #33 ) ;
#1161 = AXIS2_PLACEMENT_3D ( 'NONE', #4187, #4167, #3095 ) ;
#1162 = ORIENTED_EDGE ( 'NONE', *, *, #968, .T. ) ;
#1163 = MECHANICAL_DESIGN_GEOMETRIC_PRESENTATION_REPRESENTATION (  '', ( #3179 ), #2936 ) ;
#1164 = CARTESIAN_POINT ( 'NONE',  ( -2.719613011442830519, 1.291708791698090053, 4.800000000001600320 ) ) ;
#1165 = FILL_AREA_STYLE ('',( #3396 ) ) ;
#1166 = PRESENTATION_STYLE_ASSIGNMENT (( #841 ) ) ;
#1167 = VERTEX_POINT ( 'NONE', #481 ) ;
#1168 = DIRECTION ( 'NONE',  ( -0.000000000000000000, -1.000000000000000000, -0.000000000000000000 ) ) ;
#1169 = CARTESIAN_POINT ( 'NONE',  ( -1.769613011442830564, -0.07829120830190962332, 3.650000000001600853 ) ) ;
#1170 = COLOUR_RGB ( '',0.5372549019607842924, 0.3490196078431372362, 0.3372549019607843368 ) ;
#1171 = ORIENTED_EDGE ( 'NONE', *, *, #2484, .F. ) ;
#1172 = CARTESIAN_POINT ( 'NONE',  ( 0.6835826316888652388, 1.291708791698090275, 4.854022906029304529 ) ) ;
#1173 = UNCERTAINTY_MEASURE_WITH_UNIT (LENGTH_MEASURE( 1.000000000000000082E-05 ), #1750, 'distance_accuracy_value', 'NONE');
#1174 = SURFACE_STYLE_USAGE ( .BOTH. , #2301 ) ;
#1175 = EDGE_CURVE ( 'NONE', #282, #1550, #2257, .T. ) ;
#1176 = AXIS2_PLACEMENT_3D ( 'NONE', #177, #3415, #3108 ) ;
#1177 = DIRECTION ( 'NONE',  ( 1.000000000000000000, -1.114032275271057355E-16, -0.000000000000000000 ) ) ;
#1178 = EDGE_CURVE ( 'NONE', #209, #3330, #3345, .T. ) ;
#1179 = UNCERTAINTY_MEASURE_WITH_UNIT (LENGTH_MEASURE( 1.000000000000000082E-05 ), #4540, 'distance_accuracy_value', 'NONE');
#1180 = CARTESIAN_POINT ( 'NONE',  ( 0.2803869885571689258, -1.308291208301910036, 3.450000000001601119 ) ) ;
#1181 = ADVANCED_FACE ( 'NONE', ( #1200 ), #3321, .T. ) ;
#1182 = DIRECTION ( 'NONE',  ( -1.000000000000000000, 1.637951978259724831E-16, -2.840569171771059074E-17 ) ) ;
#1183 = COLOUR_RGB ( '',0.4392156862745097978, 0.4392156862745097978, 0.4392156862745097978 ) ;
#1184 = EDGE_CURVE ( 'NONE', #2060, #1907, #119, .T. ) ;
#1185 = EDGE_CURVE ( 'NONE', #3010, #3991, #2125, .T. ) ;
#1186 = ORIENTED_EDGE ( 'NONE', *, *, #1320, .T. ) ;
#1187 = STYLED_ITEM ( 'NONE', ( #894 ), #2340 ) ;
#1188 = CARTESIAN_POINT ( 'NONE',  ( 1.530386988557169925, 1.291708791698090275, 5.180000000001601990 ) ) ;
#1189 =( NAMED_UNIT ( * ) PLANE_ANGLE_UNIT ( ) SI_UNIT ( $, .RADIAN. ) );
#1190 = FACE_OUTER_BOUND ( 'NONE', #1924, .T. ) ;
#1191 =( LENGTH_UNIT ( ) NAMED_UNIT ( * ) SI_UNIT ( .MILLI., .METRE. ) );
#1192 = SURFACE_STYLE_USAGE ( .BOTH. , #799 ) ;
#1193 = ORIENTED_EDGE ( 'NONE', *, *, #3183, .T. ) ;
#1194 = FILL_AREA_STYLE ('',( #46 ) ) ;
#1195 = CARTESIAN_POINT ( 'NONE',  ( -3.169613011442830697, 1.291708791698089831, 5.180000000001601101 ) ) ;
#1196 = PRESENTATION_LAYER_ASSIGNMENT (  '', '', ( #2365 ) ) ;
#1197 = ORIENTED_EDGE ( 'NONE', *, *, #1956, .F. ) ;
#1198 = FILL_AREA_STYLE ('',( #1561 ) ) ;
#1199 = VECTOR ( 'NONE', #1697, 1000.000000000000000 ) ;
#1200 = FACE_OUTER_BOUND ( 'NONE', #2878, .T. ) ;
#1201 = AXIS2_PLACEMENT_3D ( 'NONE', #1064, #3505, #1411 ) ;
#1202 = DIRECTION ( 'NONE',  ( 0.000000000000000000, 0.000000000000000000, -1.000000000000000000 ) ) ;
#1203 =( NAMED_UNIT ( * ) PLANE_ANGLE_UNIT ( ) SI_UNIT ( $, .RADIAN. ) );
#1204 = FILL_AREA_STYLE_COLOUR ( '', #678 ) ;
#1205 = ORIENTED_EDGE ( 'NONE', *, *, #4308, .T. ) ;
#1206 = EDGE_LOOP ( 'NONE', ( #178, #2345, #848, #3255 ) ) ;
#1207 =( NAMED_UNIT ( * ) SI_UNIT ( $, .STERADIAN. ) SOLID_ANGLE_UNIT ( ) );
#1208 = MECHANICAL_DESIGN_GEOMETRIC_PRESENTATION_REPRESENTATION (  '', ( #2615 ), #3837 ) ;
#1209 = DIRECTION ( 'NONE',  ( 1.637951978259724831E-16, 1.000000000000000000, 1.665334536937734811E-16 ) ) ;
#1210 = COLOUR_RGB ( '',0.4392156862745097978, 0.4392156862745097978, 0.4392156862745097978 ) ;
#1211 = PRESENTATION_STYLE_ASSIGNMENT (( #1901 ) ) ;
#1212 =( NAMED_UNIT ( * ) PLANE_ANGLE_UNIT ( ) SI_UNIT ( $, .RADIAN. ) );
#1213 = ORIENTED_EDGE ( 'NONE', *, *, #480, .T. ) ;
#1214 = CARTESIAN_POINT ( 'NONE',  ( -1.869613011442830430, 0.2617087916980894713, 3.750000000001600942 ) ) ;
#1215 = PRODUCT_DEFINITION_SHAPE ( 'NONE', 'NONE',  #193 ) ;
#1216 = ORIENTED_EDGE ( 'NONE', *, *, #1000, .F. ) ;
#1217 = PRESENTATION_STYLE_ASSIGNMENT (( #453 ) ) ;
#1218 = CARTESIAN_POINT ( 'NONE',  ( 0.5303869885571695919, 0.7917087916980901641, 4.500000000001601386 ) ) ;
#1219 = FILL_AREA_STYLE ('',( #4483 ) ) ;
#1220 = SURFACE_STYLE_USAGE ( .BOTH. , #2634 ) ;
#1221 = PRESENTATION_STYLE_ASSIGNMENT (( #508 ) ) ;
#1222 =( LENGTH_UNIT ( ) NAMED_UNIT ( * ) SI_UNIT ( .MILLI., .METRE. ) );
#1223 = STYLED_ITEM ( 'NONE', ( #501 ), #3324 ) ;
#1224 = FACE_OUTER_BOUND ( 'NONE', #1108, .T. ) ;
#1225 = ORIENTED_EDGE ( 'NONE', *, *, #366, .F. ) ;
#1226 = UNCERTAINTY_MEASURE_WITH_UNIT (LENGTH_MEASURE( 1.000000000000000082E-05 ), #3574, 'distance_accuracy_value', 'NONE');
#1227 = VECTOR ( 'NONE', #734, 1000.000000000000000 ) ;
#1228 = ORIENTED_EDGE ( 'NONE', *, *, #3026, .F. ) ;
#1229 = VECTOR ( 'NONE', #1910, 1000.000000000000000 ) ;
#1230 = SURFACE_SIDE_STYLE ('',( #3443 ) ) ;
#1231 = EDGE_CURVE ( 'NONE', #4293, #282, #1483, .T. ) ;
#1232 = PRESENTATION_STYLE_ASSIGNMENT (( #2575 ) ) ;
#1233 = CARTESIAN_POINT ( 'NONE',  ( 0.2303869885571690201, 0.2117087916980894546, 3.900000000001600853 ) ) ;
#1234 = MECHANICAL_DESIGN_GEOMETRIC_PRESENTATION_REPRESENTATION (  '', ( #4454 ), #2709 ) ;
#1235 = ORIENTED_EDGE ( 'NONE', *, *, #1473, .F. ) ;
#1236 =( GEOMETRIC_REPRESENTATION_CONTEXT ( 3 ) GLOBAL_UNCERTAINTY_ASSIGNED_CONTEXT ( ( #2472 ) ) GLOBAL_UNIT_ASSIGNED_CONTEXT ( ( #1514, #3766, #2922 ) ) REPRESENTATION_CONTEXT ( 'NONE', 'WORKASPACE' ) );
#1237 = FACE_OUTER_BOUND ( 'NONE', #2008, .T. ) ;
#1238 = ORIENTED_EDGE ( 'NONE', *, *, #2769, .F. ) ;
#1239 = DIRECTION ( 'NONE',  ( 1.586747737394815023E-16, 0.000000000000000000, 1.000000000000000000 ) ) ;
#1240 = FILL_AREA_STYLE_COLOUR ( '', #925 ) ;
#1241 = EDGE_CURVE ( 'NONE', #230, #2104, #381, .T. ) ;
#1242 = DIRECTION ( 'NONE',  ( -0.000000000000000000, 0.000000000000000000, 1.000000000000000000 ) ) ;
#1243 = MECHANICAL_DESIGN_GEOMETRIC_PRESENTATION_REPRESENTATION (  '', ( #2938 ), #3870 ) ;
#1244 = CARTESIAN_POINT ( 'NONE',  ( -2.416507001187885972, 1.291708791698090053, 4.600000000001601030 ) ) ;
#1245 = CARTESIAN_POINT ( 'NONE',  ( -2.169613011442830253, 1.441708791698089298, 3.450000000001601119 ) ) ;
#1246 = AXIS2_PLACEMENT_3D ( 'NONE', #3403, #2316, #180 ) ;
#1247 =( NAMED_UNIT ( * ) PLANE_ANGLE_UNIT ( ) SI_UNIT ( $, .RADIAN. ) );
#1248 = CARTESIAN_POINT ( 'NONE',  ( 1.078863668138916099, -1.008291208301910213, 5.500000000001601386 ) ) ;
#1249 = DIRECTION ( 'NONE',  ( 0.000000000000000000, 1.000000000000000000, 0.000000000000000000 ) ) ;
#1250 = VECTOR ( 'NONE', #4597, 1000.000000000000000 ) ;
#1251 = ORIENTED_EDGE ( 'NONE', *, *, #954, .F. ) ;
#1252 = ORIENTED_EDGE ( 'NONE', *, *, #3378, .T. ) ;
#1253 = SURFACE_SIDE_STYLE ('',( #3377 ) ) ;
#1254 = CARTESIAN_POINT ( 'NONE',  ( 0.9636998155791554055, -1.008291208301909991, 4.742564309982865822 ) ) ;
#1255 = VECTOR ( 'NONE', #621, 1000.000000000000000 ) ;
#1256 = CARTESIAN_POINT ( 'NONE',  ( 1.080386988557170191, 1.291708791698090275, 5.500000000001601386 ) ) ;
#1257 = VERTEX_POINT ( 'NONE', #784 ) ;
#1258 = EDGE_CURVE ( 'NONE', #3991, #4096, #2194, .T. ) ;
#1259 = VECTOR ( 'NONE', #420, 1000.000000000000000 ) ;
#1260 = LINE ( 'NONE', #236, #2978 ) ;
#1261 = VECTOR ( 'NONE', #1024, 1000.000000000000000 ) ;
#1262 = ORIENTED_EDGE ( 'NONE', *, *, #633, .F. ) ;
#1263 = CARTESIAN_POINT ( 'NONE',  ( -1.919613011442830253, 1.338155401104816011, 3.900000000001600853 ) ) ;
#1264 = DIRECTION ( 'NONE',  ( -1.000000000000000000, 1.637951978259724338E-16, 3.257019760129192306E-16 ) ) ;
#1265 = SURFACE_STYLE_USAGE ( .BOTH. , #4078 ) ;
#1266 = VECTOR ( 'NONE', #4228, 1000.000000000000000 ) ;
#1267 = EDGE_CURVE ( 'NONE', #271, #3898, #73, .T. ) ;
#1268 = PRESENTATION_STYLE_ASSIGNMENT (( #2175 ) ) ;
#1269 = FACE_OUTER_BOUND ( 'NONE', #1455, .T. ) ;
#1270 = CIRCLE ( 'NONE', #1128, 0.09999999999999982514 ) ;
#1271 = CARTESIAN_POINT ( 'NONE',  ( -2.169613011442830253, 1.441708791698089298, 5.380000000001600391 ) ) ;
#1272 = EDGE_LOOP ( 'NONE', ( #2470, #1670, #3701, #1919 ) ) ;
#1273 = ORIENTED_EDGE ( 'NONE', *, *, #2628, .T. ) ;
#1274 = DIRECTION ( 'NONE',  ( 1.000000000000000000, 0.000000000000000000, 0.000000000000000000 ) ) ;
#1275 = COLOUR_RGB ( '',0.4392156862745097978, 0.4392156862745097978, 0.4392156862745097978 ) ;
#1276 = FILL_AREA_STYLE_COLOUR ( '', #169 ) ;
#1277 = CYLINDRICAL_SURFACE ( 'NONE', #3950, 0.1000000000000000472 ) ;
#1278 =( GEOMETRIC_REPRESENTATION_CONTEXT ( 3 ) GLOBAL_UNCERTAINTY_ASSIGNED_CONTEXT ( ( #3186 ) ) GLOBAL_UNIT_ASSIGNED_CONTEXT ( ( #95, #523, #2585 ) ) REPRESENTATION_CONTEXT ( 'NONE', 'WORKASPACE' ) );
#1279 = ORIENTED_EDGE ( 'NONE', *, *, #4163, .F. ) ;
#1280 =( NAMED_UNIT ( * ) SI_UNIT ( $, .STERADIAN. ) SOLID_ANGLE_UNIT ( ) );
#1281 = CARTESIAN_POINT ( 'NONE',  ( -1.919613011442830475, 0.07170879169809038500, 3.450000000001601119 ) ) ;
#1282 = VECTOR ( 'NONE', #1392, 1000.000000000000000 ) ;
#1283 = CARTESIAN_POINT ( 'NONE',  ( -2.719613011442830075, -0.5082912083019104355, 4.800000000001600320 ) ) ;
#1284 = EDGE_CURVE ( 'NONE', #2529, #4178, #3432, .T. ) ;
#1285 = CIRCLE ( 'NONE', #1508, 0.1000000000000000472 ) ;
#1286 = VERTEX_POINT ( 'NONE', #614 ) ;
#1287 = SURFACE_SIDE_STYLE ('',( #587 ) ) ;
#1288 = FILL_AREA_STYLE ('',( #567 ) ) ;
#1289 = CARTESIAN_POINT ( 'NONE',  ( -1.919613011442830253, 0.2117087916980894546, 3.900000000001600853 ) ) ;
#1290 = VECTOR ( 'NONE', #4279, 1000.000000000000000 ) ;
#1291 = CARTESIAN_POINT ( 'NONE',  ( -1.769613011442830341, -1.158291208301910125, 3.650000000001600853 ) ) ;
#1292 = EDGE_CURVE ( 'NONE', #3090, #4233, #1833, .T. ) ;
#1293 = DIRECTION ( 'NONE',  ( -1.000000000000000000, 0.000000000000000000, 0.000000000000000000 ) ) ;
#1294 = STYLED_ITEM ( 'NONE', ( #3816 ), #2239 ) ;
#1295 = DIRECTION ( 'NONE',  ( -0.4597709397229659545, 3.966980059264406778E-32, 0.8880375459327498611 ) ) ;
#1296 = SURFACE_STYLE_FILL_AREA ( #4172 ) ;
#1297 = DIRECTION ( 'NONE',  ( 0.000000000000000000, 1.000000000000000000, 0.000000000000000000 ) ) ;
#1298 = SURFACE_STYLE_USAGE ( .BOTH. , #758 ) ;
#1299 = CARTESIAN_POINT ( 'NONE',  ( -1.869613011442830430, 0.2117087916980894546, 3.900000000001600853 ) ) ;
#1300 = EDGE_CURVE ( 'NONE', #4442, #539, #3346, .T. ) ;
#1301 = VERTEX_POINT ( 'NONE', #242 ) ;
#1302 = ORIENTED_EDGE ( 'NONE', *, *, #1429, .F. ) ;
#1303 = CARTESIAN_POINT ( 'NONE',  ( -1.919613011442830253, -1.308291208301910036, 3.900000000001600853 ) ) ;
#1304 =( GEOMETRIC_REPRESENTATION_CONTEXT ( 3 ) GLOBAL_UNCERTAINTY_ASSIGNED_CONTEXT ( ( #2609 ) ) GLOBAL_UNIT_ASSIGNED_CONTEXT ( ( #3055, #3878, #264 ) ) REPRESENTATION_CONTEXT ( 'NONE', 'WORKASPACE' ) );
#1305 = ORIENTED_EDGE ( 'NONE', *, *, #330, .F. ) ;
#1306 = PLANE ( 'NONE',  #146 ) ;
#1307 = CARTESIAN_POINT ( 'NONE',  ( -1.645348942730901376, 1.541708791698090053, 3.691421356238910434 ) ) ;
#1308 =( GEOMETRIC_REPRESENTATION_CONTEXT ( 3 ) GLOBAL_UNCERTAINTY_ASSIGNED_CONTEXT ( ( #4033 ) ) GLOBAL_UNIT_ASSIGNED_CONTEXT ( ( #886, #1309, #910 ) ) REPRESENTATION_CONTEXT ( 'NONE', 'WORKASPACE' ) );
#1309 =( NAMED_UNIT ( * ) PLANE_ANGLE_UNIT ( ) SI_UNIT ( $, .RADIAN. ) );
#1310 = CYLINDRICAL_SURFACE ( 'NONE', #2598, 0.1000000000000000472 ) ;
#1311 = PRESENTATION_LAYER_ASSIGNMENT (  '', '', ( #2497 ) ) ;
#1312 = DIRECTION ( 'NONE',  ( 1.637951978259724831E-16, 1.000000000000000000, 1.665334536937734811E-16 ) ) ;
#1313 = CARTESIAN_POINT ( 'NONE',  ( -1.769613011442830564, -0.07829120830190962332, 3.650000000001600853 ) ) ;
#1314 = SURFACE_STYLE_FILL_AREA ( #1333 ) ;
#1315 = CARTESIAN_POINT ( 'NONE',  ( -2.336514574684990908, -0.5082912083019104355, 4.880495591899754793 ) ) ;
#1316 = EDGE_CURVE ( 'NONE', #2672, #4420, #2298, .T. ) ;
#1317 = DIRECTION ( 'NONE',  ( -8.474091755303839943E-32, -1.000000000000000000, 0.000000000000000000 ) ) ;
#1318 = DIRECTION ( 'NONE',  ( -1.637951978259724831E-16, -1.000000000000000000, -1.665334536937734811E-16 ) ) ;
#1319 =( NAMED_UNIT ( * ) PLANE_ANGLE_UNIT ( ) SI_UNIT ( $, .RADIAN. ) );
#1320 = EDGE_CURVE ( 'NONE', #1612, #2310, #3029, .T. ) ;
#1321 = ORIENTED_EDGE ( 'NONE', *, *, #2338, .F. ) ;
#1322 = EDGE_LOOP ( 'NONE', ( #2359, #4026, #3972, #1536 ) ) ;
#1323 = PRESENTATION_STYLE_ASSIGNMENT (( #1922 ) ) ;
#1324 = STYLED_ITEM ( 'NONE', ( #1975 ), #710 ) ;
#1325 = ADVANCED_FACE ( 'NONE', ( #1582 ), #4435, .T. ) ;
#1326 = EDGE_CURVE ( 'NONE', #45, #214, #1605, .T. ) ;
#1327 = ORIENTED_EDGE ( 'NONE', *, *, #1045, .T. ) ;
#1328 = SURFACE_STYLE_FILL_AREA ( #3796 ) ;
#1329 = SURFACE_STYLE_FILL_AREA ( #3074 ) ;
#1330 = COLOUR_RGB ( '',0.4392156862745097978, 0.4392156862745097978, 0.4392156862745097978 ) ;
#1331 = DIRECTION ( 'NONE',  ( 1.376933246922772114E-16, -1.000000000000000000, -0.000000000000000000 ) ) ;
#1332 = LINE ( 'NONE', #2042, #243 ) ;
#1333 = FILL_AREA_STYLE ('',( #3101 ) ) ;
#1334 = DIRECTION ( 'NONE',  ( -1.637951978259724831E-16, -1.000000000000000000, -1.665334536937734811E-16 ) ) ;
#1335 = FACE_OUTER_BOUND ( 'NONE', #4180, .T. ) ;
#1336 = DIRECTION ( 'NONE',  ( 1.000000000000000000, -0.000000000000000000, -0.000000000000000000 ) ) ;
#1337 = FACE_OUTER_BOUND ( 'NONE', #3154, .T. ) ;
#1338 = ADVANCED_FACE ( 'NONE', ( #3829 ), #888, .T. ) ;
#1339 =( GEOMETRIC_REPRESENTATION_CONTEXT ( 3 ) GLOBAL_UNCERTAINTY_ASSIGNED_CONTEXT ( ( #577 ) ) GLOBAL_UNIT_ASSIGNED_CONTEXT ( ( #583, #2648, #254 ) ) REPRESENTATION_CONTEXT ( 'NONE', 'WORKASPACE' ) );
#1340 = FACE_OUTER_BOUND ( 'NONE', #2299, .T. ) ;
#1341 = AXIS2_PLACEMENT_3D ( 'NONE', #612, #590, #1699 ) ;
#1342 = ORIENTED_EDGE ( 'NONE', *, *, #3366, .F. ) ;
#1343 = ORIENTED_EDGE ( 'NONE', *, *, #3731, .F. ) ;
#1344 =( NAMED_UNIT ( * ) PLANE_ANGLE_UNIT ( ) SI_UNIT ( $, .RADIAN. ) );
#1345 = CYLINDRICAL_SURFACE ( 'NONE', #2723, 0.05000000000000012768 ) ;
#1346 =( GEOMETRIC_REPRESENTATION_CONTEXT ( 3 ) GLOBAL_UNCERTAINTY_ASSIGNED_CONTEXT ( ( #2931 ) ) GLOBAL_UNIT_ASSIGNED_CONTEXT ( ( #3410, #2465, #360 ) ) REPRESENTATION_CONTEXT ( 'NONE', 'WORKASPACE' ) );
#1347 = EDGE_LOOP ( 'NONE', ( #1712, #1980, #746, #3447 ) ) ;
#1348 = CARTESIAN_POINT ( 'NONE',  ( 0.3010976666758236608, 0.09241946981674516171, 3.400000000001600853 ) ) ;
#1349 = CARTESIAN_POINT ( 'NONE',  ( 0.5096763104385149123, 1.820998113579435307, 3.400000000001600409 ) ) ;
#1350 = PRESENTATION_STYLE_ASSIGNMENT (( #4545 ) ) ;
#1351 =( NAMED_UNIT ( * ) SI_UNIT ( $, .STERADIAN. ) SOLID_ANGLE_UNIT ( ) );
#1352 = CYLINDRICAL_SURFACE ( 'NONE', #2563, 0.09999999999999982514 ) ;
#1353 = EDGE_LOOP ( 'NONE', ( #3839, #1862, #2287, #1941 ) ) ;
#1354 = CARTESIAN_POINT ( 'NONE',  ( -1.969613011442830519, 1.358866079223470802, 3.400000000001600853 ) ) ;
#1355 =( GEOMETRIC_REPRESENTATION_CONTEXT ( 3 ) GLOBAL_UNCERTAINTY_ASSIGNED_CONTEXT ( ( #203 ) ) GLOBAL_UNIT_ASSIGNED_CONTEXT ( ( #114, #3596, #1156 ) ) REPRESENTATION_CONTEXT ( 'NONE', 'WORKASPACE' ) );
#1356 = DIRECTION ( 'NONE',  ( -1.942890293094024439E-16, 1.000000000000000000, 0.000000000000000000 ) ) ;
#1357 = CIRCLE ( 'NONE', #1806, 0.09999999999999982514 ) ;
#1358 = VERTEX_POINT ( 'NONE', #3128 ) ;
#1359 = CARTESIAN_POINT ( 'NONE',  ( -2.719613011442830519, 1.291708791698090053, 5.180000000001601101 ) ) ;
#1360 = STYLED_ITEM ( 'NONE', ( #1839 ), #2132 ) ;
#1361 =( NAMED_UNIT ( * ) SI_UNIT ( $, .STERADIAN. ) SOLID_ANGLE_UNIT ( ) );
#1362 = CARTESIAN_POINT ( 'NONE',  ( -1.919613011442830475, 0.07170879169809038500, 3.450000000001601119 ) ) ;
#1363 = SURFACE_STYLE_USAGE ( .BOTH. , #1707 ) ;
#1364 = CARTESIAN_POINT ( 'NONE',  ( 1.080386988557169969, 0.7917087916980902751, 5.180000000001601990 ) ) ;
#1365 = FILL_AREA_STYLE ('',( #294 ) ) ;
#1366 = VERTEX_POINT ( 'NONE', #261 ) ;
#1367 = ORIENTED_EDGE ( 'NONE', *, *, #1134, .T. ) ;
#1368 = DIRECTION ( 'NONE',  ( 0.000000000000000000, 0.000000000000000000, 1.000000000000000000 ) ) ;
#1369 = SURFACE_STYLE_FILL_AREA ( #3888 ) ;
#1370 = FILL_AREA_STYLE ('',( #970 ) ) ;
#1371 = ORIENTED_EDGE ( 'NONE', *, *, #2832, .F. ) ;
#1372 = CARTESIAN_POINT ( 'NONE',  ( 0.7772809783022245345, -0.5082912083019097693, 4.600000000001601919 ) ) ;
#1373 = EDGE_CURVE ( 'NONE', #2947, #4164, #2094, .T. ) ;
#1374 =( LENGTH_UNIT ( ) NAMED_UNIT ( * ) SI_UNIT ( .MILLI., .METRE. ) );
#1375 = DIRECTION ( 'NONE',  ( 1.376933246922772114E-16, -1.000000000000000000, -0.000000000000000000 ) ) ;
#1376 = CARTESIAN_POINT ( 'NONE',  ( 1.162207251221640369, -1.008291208301910213, 5.125977093973898668 ) ) ;
#1377 = VERTEX_POINT ( 'NONE', #1031 ) ;
#1378 = SURFACE_STYLE_FILL_AREA ( #401 ) ;
#1379 = FACE_OUTER_BOUND ( 'NONE', #11, .T. ) ;
#1380 = VECTOR ( 'NONE', #4547, 1000.000000000000000 ) ;
#1381 = FILL_AREA_STYLE_COLOUR ( '', #1066 ) ;
#1382 = LINE ( 'NONE', #2582, #4355 ) ;
#1383 = LINE ( 'NONE', #4212, #3333 ) ;
#1384 = EDGE_CURVE ( 'NONE', #1881, #4590, #3412, .T. ) ;
#1385 = ORIENTED_EDGE ( 'NONE', *, *, #3943, .F. ) ;
#1386 = CARTESIAN_POINT ( 'NONE',  ( 0.7772809783022245345, -1.008291208301909769, 4.600000000001601919 ) ) ;
#1387 = STYLED_ITEM ( 'NONE', ( #674 ), #2949 ) ;
#1388 =( NAMED_UNIT ( * ) SI_UNIT ( $, .STERADIAN. ) SOLID_ANGLE_UNIT ( ) );
#1389 = CARTESIAN_POINT ( 'NONE',  ( -1.884257672383502946, 1.302800062045488483, 3.900000000001600853 ) ) ;
#1390 = DIRECTION ( 'NONE',  ( -1.000000000000000000, 8.628166150854818811E-32, 1.804757342600190413E-16 ) ) ;
#1391 = STYLED_ITEM ( 'NONE', ( #1268 ), #3013 ) ;
#1392 = DIRECTION ( 'NONE',  ( 1.000000000000000000, 0.000000000000000000, 0.000000000000000000 ) ) ;
#1393 =( LENGTH_UNIT ( ) NAMED_UNIT ( * ) SI_UNIT ( .MILLI., .METRE. ) );
#1394 = PRESENTATION_LAYER_ASSIGNMENT (  '', '', ( #268 ) ) ;
#1395 = ORIENTED_EDGE ( 'NONE', *, *, #968, .F. ) ;
#1396 = ORIENTED_EDGE ( 'NONE', *, *, #2829, .F. ) ;
#1397 = STYLED_ITEM ( 'NONE', ( #362 ), #1906 ) ;
#1398 =( LENGTH_UNIT ( ) NAMED_UNIT ( * ) SI_UNIT ( .MILLI., .METRE. ) );
#1399 = PRESENTATION_STYLE_ASSIGNMENT (( #2506 ) ) ;
#1400 = SURFACE_STYLE_USAGE ( .BOTH. , #3890 ) ;
#1401 = DIRECTION ( 'NONE',  ( -1.942890293094024439E-16, 1.000000000000000000, 0.000000000000000000 ) ) ;
#1402 = CARTESIAN_POINT ( 'NONE',  ( 0.6835826316888652388, -0.5082912083019098803, 4.854022906029304529 ) ) ;
#1403 = FILL_AREA_STYLE ('',( #2844 ) ) ;
#1404 = ORIENTED_EDGE ( 'NONE', *, *, #3451, .F. ) ;
#1405 = FACE_BOUND ( 'NONE', #3787, .T. ) ;
#1406 = DIRECTION ( 'NONE',  ( 0.7071067811865486830, 0.7071067811865464625, 0.000000000000000000 ) ) ;
#1407 = CARTESIAN_POINT ( 'NONE',  ( 0.9636998155791554055, -1.008291208301909991, 4.742564309982865822 ) ) ;
#1408 = VECTOR ( 'NONE', #4099, 1000.000000000000114 ) ;
#1409 = DIRECTION ( 'NONE',  ( 0.4597709397229662320, 8.932844958344685252E-17, 0.8880375459327497500 ) ) ;
#1410 = VERTEX_POINT ( 'NONE', #3851 ) ;
#1411 = DIRECTION ( 'NONE',  ( -1.000000000000000000, 0.000000000000000000, 0.000000000000000000 ) ) ;
#1412 = UNCERTAINTY_MEASURE_WITH_UNIT (LENGTH_MEASURE( 1.000000000000000082E-05 ), #3386, 'distance_accuracy_value', 'NONE');
#1413 = SURFACE_STYLE_USAGE ( .BOTH. , #648 ) ;
#1414 = EDGE_CURVE ( 'NONE', #3490, #3714, #3895, .T. ) ;
#1415 = FILL_AREA_STYLE_COLOUR ( '', #3676 ) ;
#1416 = UNCERTAINTY_MEASURE_WITH_UNIT (LENGTH_MEASURE( 1.000000000000000082E-05 ), #1915, 'distance_accuracy_value', 'NONE');
#1417 = ORIENTED_EDGE ( 'NONE', *, *, #2201, .F. ) ;
#1418 = ORIENTED_EDGE ( 'NONE', *, *, #938, .T. ) ;
#1419 = FACE_OUTER_BOUND ( 'NONE', #49, .T. ) ;
#1420 = CARTESIAN_POINT ( 'NONE',  ( -2.169613011442831141, 1.291708791698090275, 4.500000000001600498 ) ) ;
#1421 = DIRECTION ( 'NONE',  ( -0.7071067811865477948, -0.7071067811865472397, 0.000000000000000000 ) ) ;
#1422 = FILL_AREA_STYLE ('',( #4599 ) ) ;
#1423 =( LENGTH_UNIT ( ) NAMED_UNIT ( * ) SI_UNIT ( .MILLI., .METRE. ) );
#1424 = ORIENTED_EDGE ( 'NONE', *, *, #2484, .T. ) ;
#1425 = FILL_AREA_STYLE_COLOUR ( '', #1040 ) ;
#1426 = CARTESIAN_POINT ( 'NONE',  ( -2.234004899981250958, -1.008291208301910435, 4.900000000001600853 ) ) ;
#1427 =( GEOMETRIC_REPRESENTATION_CONTEXT ( 3 ) GLOBAL_UNCERTAINTY_ASSIGNED_CONTEXT ( ( #2059 ) ) GLOBAL_UNIT_ASSIGNED_CONTEXT ( ( #3798, #3775, #2736 ) ) REPRESENTATION_CONTEXT ( 'NONE', 'WORKASPACE' ) );
#1428 = SURFACE_STYLE_USAGE ( .BOTH. , #1800 ) ;
#1429 = EDGE_CURVE ( 'NONE', #2558, #2138, #3180, .T. ) ;
#1430 = CARTESIAN_POINT ( 'NONE',  ( -1.869613011442830430, 0.2617087916980894713, 3.750000000001600942 ) ) ;
#1431 = ORIENTED_EDGE ( 'NONE', *, *, #3913, .F. ) ;
#1432 = DIRECTION ( 'NONE',  ( 1.000000000000000000, -8.628166150854818811E-32, -1.804757342600190413E-16 ) ) ;
#1433 = EDGE_CURVE ( 'NONE', #3583, #1881, #4633, .T. ) ;
#1434 = AXIS2_PLACEMENT_3D ( 'NONE', #1702, #4606, #3501 ) ;
#1435 = AXIS2_PLACEMENT_3D ( 'NONE', #4296, #2499, #3948 ) ;
#1436 = DIRECTION ( 'NONE',  ( 1.000000000000000000, 0.000000000000000000, 0.000000000000000000 ) ) ;
#1437 =( GEOMETRIC_REPRESENTATION_CONTEXT ( 3 ) GLOBAL_UNCERTAINTY_ASSIGNED_CONTEXT ( ( #3605 ) ) GLOBAL_UNIT_ASSIGNED_CONTEXT ( ( #889, #4128, #4460 ) ) REPRESENTATION_CONTEXT ( 'NONE', 'WORKASPACE' ) );
#1438 = FACE_OUTER_BOUND ( 'NONE', #2753, .T. ) ;
#1439 = VERTEX_POINT ( 'NONE', #689 ) ;
#1440 = VERTEX_POINT ( 'NONE', #1838 ) ;
#1441 = VECTOR ( 'NONE', #4563, 1000.000000000000000 ) ;
#1442 = PLANE ( 'NONE',  #1849 ) ;
#1443 =( BOUNDED_CURVE ( )  B_SPLINE_CURVE ( 3, ( #3845, #1307, #1645, #1597 ),
 .UNSPECIFIED., .F., .F. ) 
 B_SPLINE_CURVE_WITH_KNOTS ( ( 4, 4 ),
 ( 3.141592653589793116, 4.712388980384688786 ),
 .UNSPECIFIED. ) 
 CURVE ( )  GEOMETRIC_REPRESENTATION_ITEM ( )  RATIONAL_B_SPLINE_CURVE ( ( 1.000000000000000000, 0.8047378541243652705, 0.8047378541243652705, 1.000000000000000000 ) ) 
 REPRESENTATION_ITEM ( '' )  );
#1444 = EDGE_CURVE ( 'NONE', #2075, #4238, #284, .T. ) ;
#1445 =( NAMED_UNIT ( * ) PLANE_ANGLE_UNIT ( ) SI_UNIT ( $, .RADIAN. ) );
#1446 = ORIENTED_EDGE ( 'NONE', *, *, #3426, .T. ) ;
#1447 = FACE_OUTER_BOUND ( 'NONE', #3306, .T. ) ;
#1448 = DIRECTION ( 'NONE',  ( 1.637951978259724831E-16, 1.000000000000000000, 1.665334536937734811E-16 ) ) ;
#1449 =( NAMED_UNIT ( * ) SI_UNIT ( $, .STERADIAN. ) SOLID_ANGLE_UNIT ( ) );
#1450 = ORIENTED_EDGE ( 'NONE', *, *, #553, .T. ) ;
#1451 = LINE ( 'NONE', #3940, #36 ) ;
#1452 = DIRECTION ( 'NONE',  ( 1.942890293094023946E-16, -1.000000000000000000, 2.736911063134408342E-48 ) ) ;
#1453 = DIRECTION ( 'NONE',  ( 1.571307496355803202E-16, 1.000000000000000000, 0.000000000000000000 ) ) ;
#1454 = CARTESIAN_POINT ( 'NONE',  ( 0.2303869885571690201, -1.258291208301910213, 3.750000000001600942 ) ) ;
#1455 = EDGE_LOOP ( 'NONE', ( #865, #179, #3955, #1115, #93, #1770, #1510, #4307, #1063, #1725, #3552, #2960 ) ) ;
#1456 = STYLED_ITEM ( 'NONE', ( #2416 ), #414 ) ;
#1457 =( LENGTH_UNIT ( ) NAMED_UNIT ( * ) SI_UNIT ( .MILLI., .METRE. ) );
#1458 = VECTOR ( 'NONE', #3651, 1000.000000000000000 ) ;
#1459 = SURFACE_STYLE_USAGE ( .BOTH. , #1543 ) ;
#1460 = AXIS2_PLACEMENT_3D ( 'NONE', #2332, #2577, #4335 ) ;
#1461 = LINE ( 'NONE', #1042, #2910 ) ;
#1462 = ADVANCED_FACE ( 'NONE', ( #311 ), #983, .T. ) ;
#1463 = PLANE ( 'NONE',  #3257 ) ;
#1464 = UNCERTAINTY_MEASURE_WITH_UNIT (LENGTH_MEASURE( 1.000000000000000082E-05 ), #707, 'distance_accuracy_value', 'NONE');
#1465 = EDGE_CURVE ( 'NONE', #3010, #230, #3099, .T. ) ;
#1466 = ORIENTED_EDGE ( 'NONE', *, *, #4076, .F. ) ;
#1467 = VERTEX_POINT ( 'NONE', #2390 ) ;
#1468 =( GEOMETRIC_REPRESENTATION_CONTEXT ( 3 ) GLOBAL_UNCERTAINTY_ASSIGNED_CONTEXT ( ( #4321 ) ) GLOBAL_UNIT_ASSIGNED_CONTEXT ( ( #3905, #3137, #4156 ) ) REPRESENTATION_CONTEXT ( 'NONE', 'WORKASPACE' ) );
#1469 = FILL_AREA_STYLE ('',( #436 ) ) ;
#1470 = STYLED_ITEM ( 'NONE', ( #1815 ), #4506 ) ;
#1471 = EDGE_LOOP ( 'NONE', ( #2987, #2391, #1117, #1171 ) ) ;
#1472 = SURFACE_STYLE_FILL_AREA ( #4022 ) ;
#1473 = EDGE_CURVE ( 'NONE', #4527, #3243, #1332, .T. ) ;
#1474 = SURFACE_SIDE_STYLE ('',( #2902 ) ) ;
#1475 = ADVANCED_FACE ( 'NONE', ( #2773 ), #4210, .T. ) ;
#1476 = SURFACE_STYLE_FILL_AREA ( #1724 ) ;
#1477 = ORIENTED_EDGE ( 'NONE', *, *, #124, .T. ) ;
#1478 = DIRECTION ( 'NONE',  ( 1.000000000000000000, 1.942890293094023946E-16, -5.551115123125782702E-17 ) ) ;
#1479 =( GEOMETRIC_REPRESENTATION_CONTEXT ( 3 ) GLOBAL_UNCERTAINTY_ASSIGNED_CONTEXT ( ( #1637 ) ) GLOBAL_UNIT_ASSIGNED_CONTEXT ( ( #1659, #289, #2070 ) ) REPRESENTATION_CONTEXT ( 'NONE', 'WORKASPACE' ) );
#1480 = VERTEX_POINT ( 'NONE', #1188 ) ;
#1481 = SURFACE_STYLE_USAGE ( .BOTH. , #29 ) ;
#1482 = CARTESIAN_POINT ( 'NONE',  ( 0.2303869885571690201, 1.541708791698089831, 3.750000000001600942 ) ) ;
#1483 = LINE ( 'NONE', #4343, #2732 ) ;
#1484 = AXIS2_PLACEMENT_3D ( 'NONE', #4650, #4625, #2841 ) ;
#1485 = ADVANCED_FACE ( 'NONE', ( #4444 ), #4423, .F. ) ;
#1486 = SURFACE_STYLE_USAGE ( .BOTH. , #393 ) ;
#1487 = VERTEX_POINT ( 'NONE', #1573 ) ;
#1488 = PLANE ( 'NONE',  #2271 ) ;
#1489 = DIRECTION ( 'NONE',  ( 1.000000000000000000, 0.000000000000000000, 0.000000000000000000 ) ) ;
#1490 = DIRECTION ( 'NONE',  ( -1.000000000000000000, 0.000000000000000000, 0.000000000000000000 ) ) ;
#1491 = VECTOR ( 'NONE', #2973, 1000.000000000000000 ) ;
#1492 = SURFACE_SIDE_STYLE ('',( #62 ) ) ;
#1493 =( GEOMETRIC_REPRESENTATION_CONTEXT ( 3 ) GLOBAL_UNCERTAINTY_ASSIGNED_CONTEXT ( ( #2288 ) ) GLOBAL_UNIT_ASSIGNED_CONTEXT ( ( #4404, #2906, #2207 ) ) REPRESENTATION_CONTEXT ( 'NONE', 'WORKASPACE' ) );
#1494 = CARTESIAN_POINT ( 'NONE',  ( -1.748902333324173330, 1.791708791698090053, 3.400000000001600853 ) ) ;
#1495 = ORIENTED_EDGE ( 'NONE', *, *, #3310, .T. ) ;
#1496 = CARTESIAN_POINT ( 'NONE',  ( -2.890237028700575639, -0.5082912083019104355, 5.180000000001601101 ) ) ;
#1497 = ORIENTED_EDGE ( 'NONE', *, *, #4412, .T. ) ;
#1498 =( NAMED_UNIT ( * ) SI_UNIT ( $, .STERADIAN. ) SOLID_ANGLE_UNIT ( ) );
#1499 = UNCERTAINTY_MEASURE_WITH_UNIT (LENGTH_MEASURE( 1.000000000000000082E-05 ), #2603, 'distance_accuracy_value', 'NONE');
#1500 = SURFACE_STYLE_USAGE ( .BOTH. , #385 ) ;
#1501 = VECTOR ( 'NONE', #1905, 1000.000000000000000 ) ;
#1502 = CARTESIAN_POINT ( 'NONE',  ( 0.3010976666758236053, 1.612419469816744000, 3.400000000001600409 ) ) ;
#1503 = CIRCLE ( 'NONE', #3218, 0.09999999999999982514 ) ;
#1504 = CARTESIAN_POINT ( 'NONE',  ( 0.7772809783022247565, 0.7917087916980901641, 4.600000000001601919 ) ) ;
#1505 = UNCERTAINTY_MEASURE_WITH_UNIT (LENGTH_MEASURE( 1.000000000000000082E-05 ), #537, 'distance_accuracy_value', 'NONE');
#1506 = MECHANICAL_DESIGN_GEOMETRIC_PRESENTATION_REPRESENTATION (  '', ( #2913 ), #1355 ) ;
#1507 = LINE ( 'NONE', #2592, #4039 ) ;
#1508 = AXIS2_PLACEMENT_3D ( 'NONE', #2547, #3301, #2211 ) ;
#1509 = DIRECTION ( 'NONE',  ( 1.000000000000000000, -8.474091755303839943E-32, -1.804757342600189920E-16 ) ) ;
#1510 = ORIENTED_EDGE ( 'NONE', *, *, #3943, .T. ) ;
#1511 = PRESENTATION_LAYER_ASSIGNMENT (  '', '', ( #3233 ) ) ;
#1512 = DIRECTION ( 'NONE',  ( 1.804757342600190413E-16, 0.000000000000000000, 1.000000000000000000 ) ) ;
#1513 =( GEOMETRIC_REPRESENTATION_CONTEXT ( 3 ) GLOBAL_UNCERTAINTY_ASSIGNED_CONTEXT ( ( #1464 ) ) GLOBAL_UNIT_ASSIGNED_CONTEXT ( ( #707, #1344, #3519 ) ) REPRESENTATION_CONTEXT ( 'NONE', 'WORKASPACE' ) );
#1514 =( LENGTH_UNIT ( ) NAMED_UNIT ( * ) SI_UNIT ( .MILLI., .METRE. ) );
#1515 = ADVANCED_FACE ( 'NONE', ( #2991 ), #857, .F. ) ;
#1516 = ORIENTED_EDGE ( 'NONE', *, *, #4102, .F. ) ;
#1517 = CARTESIAN_POINT ( 'NONE',  ( -1.919613011442830475, 0.07170879169809038500, 3.900000000001600853 ) ) ;
#1518 = ORIENTED_EDGE ( 'NONE', *, *, #407, .F. ) ;
#1519 = DIRECTION ( 'NONE',  ( 1.000000000000000000, 0.000000000000000000, 0.000000000000000000 ) ) ;
#1520 = EDGE_CURVE ( 'NONE', #2540, #1012, #1964, .T. ) ;
#1521 = LINE ( 'NONE', #807, #2454 ) ;
#1522 = CARTESIAN_POINT ( 'NONE',  ( 0.7772809783022245345, -1.008291208301909769, 4.500000000001601386 ) ) ;
#1523 = EDGE_CURVE ( 'NONE', #45, #896, #1357, .T. ) ;
#1524 = LINE ( 'NONE', #2259, #1729 ) ;
#1525 = EDGE_CURVE ( 'NONE', #4021, #2105, #3488, .T. ) ;
#1526 = MECHANICAL_DESIGN_GEOMETRIC_PRESENTATION_REPRESENTATION (  '', ( #4216 ), #1304 ) ;
#1527 =( NAMED_UNIT ( * ) PLANE_ANGLE_UNIT ( ) SI_UNIT ( $, .RADIAN. ) );
#1528 = FILL_AREA_STYLE_COLOUR ( '', #1687 ) ;
#1529 =( NAMED_UNIT ( * ) SI_UNIT ( $, .STERADIAN. ) SOLID_ANGLE_UNIT ( ) );
#1530 = VECTOR ( 'NONE', #1695, 1000.000000000000000 ) ;
#1531 = SURFACE_STYLE_FILL_AREA ( #3267 ) ;
#1532 = ORIENTED_EDGE ( 'NONE', *, *, #2201, .T. ) ;
#1533 =( NAMED_UNIT ( * ) SI_UNIT ( $, .STERADIAN. ) SOLID_ANGLE_UNIT ( ) );
#1534 = DIRECTION ( 'NONE',  ( -2.840569171771057842E-17, -1.665334536937734811E-16, 1.000000000000000000 ) ) ;
#1535 = CARTESIAN_POINT ( 'NONE',  ( -0.8196130114428307190, 0.1217087916980903739, 3.400000000001600853 ) ) ;
#1536 = ORIENTED_EDGE ( 'NONE', *, *, #124, .F. ) ;
#1537 = CARTESIAN_POINT ( 'NONE',  ( 1.530386988557170147, 0.7917087916980903861, 5.180000000001601990 ) ) ;
#1538 = DIRECTION ( 'NONE',  ( -1.000000000000000000, 0.000000000000000000, 0.000000000000000000 ) ) ;
#1539 = ORIENTED_EDGE ( 'NONE', *, *, #2140, .T. ) ;
#1540 = UNCERTAINTY_MEASURE_WITH_UNIT (LENGTH_MEASURE( 1.000000000000000082E-05 ), #4029, 'distance_accuracy_value', 'NONE');
#1541 = CARTESIAN_POINT ( 'NONE',  ( -2.169613011442830253, 1.291708791698090275, 4.500000000001600498 ) ) ;
#1542 = VECTOR ( 'NONE', #4199, 1000.000000000000000 ) ;
#1543 = SURFACE_SIDE_STYLE ('',( #3627 ) ) ;
#1544 = COLOUR_RGB ( '',0.5372549019607842924, 0.3490196078431372362, 0.3372549019607843368 ) ;
#1545 = DIRECTION ( 'NONE',  ( 1.000000000000000000, 1.376933246922771375E-16, -1.586747737394814777E-16 ) ) ;
#1546 = CARTESIAN_POINT ( 'NONE',  ( -3.169613011442830697, 1.291708791698089831, 5.500000000001600498 ) ) ;
#1547 = SURFACE_STYLE_USAGE ( .BOTH. , #3326 ) ;
#1548 = CARTESIAN_POINT ( 'NONE',  ( 0.2803869885571689258, -1.308291208301910036, 3.900000000001600853 ) ) ;
#1549 = CARTESIAN_POINT ( 'NONE',  ( -0.8196130114428307190, -0.07829120830190962332, 3.750000000001600942 ) ) ;
#1550 = VERTEX_POINT ( 'NONE', #673 ) ;
#1551 = EDGE_LOOP ( 'NONE', ( #739, #1811, #1667, #800 ) ) ;
#1552 = SURFACE_SIDE_STYLE ('',( #1472 ) ) ;
#1553 = FACE_OUTER_BOUND ( 'NONE', #34, .T. ) ;
#1554 = CARTESIAN_POINT ( 'NONE',  ( -1.919613011442830253, -1.308291208301910036, 3.900000000001600853 ) ) ;
#1555 = FACE_OUTER_BOUND ( 'NONE', #3416, .T. ) ;
#1556 = VERTEX_POINT ( 'NONE', #4641 ) ;
#1557 = PRESENTATION_STYLE_ASSIGNMENT (( #3292 ) ) ;
#1558 = DIRECTION ( 'NONE',  ( 1.804757342600190413E-16, 0.000000000000000000, 1.000000000000000000 ) ) ;
#1559 = ORIENTED_EDGE ( 'NONE', *, *, #3933, .F. ) ;
#1560 = DIRECTION ( 'NONE',  ( 1.000000000000000000, 0.000000000000000000, 0.000000000000000000 ) ) ;
#1561 = FILL_AREA_STYLE_COLOUR ( '', #2601 ) ;
#1562 =( GEOMETRIC_REPRESENTATION_CONTEXT ( 3 ) GLOBAL_UNCERTAINTY_ASSIGNED_CONTEXT ( ( #3993 ) ) GLOBAL_UNIT_ASSIGNED_CONTEXT ( ( #1423, #3966, #1449 ) ) REPRESENTATION_CONTEXT ( 'NONE', 'WORKASPACE' ) );
#1563 = CARTESIAN_POINT ( 'NONE',  ( -1.869613011442830652, 0.02170879169809038917, 3.691421356238910434 ) ) ;
#1564 = AXIS2_PLACEMENT_3D ( 'NONE', #2363, #1331, #591 ) ;
#1565 =( NAMED_UNIT ( * ) SI_UNIT ( $, .STERADIAN. ) SOLID_ANGLE_UNIT ( ) );
#1566 = ADVANCED_FACE ( 'NONE', ( #1758 ), #3212, .F. ) ;
#1567 = PRESENTATION_STYLE_ASSIGNMENT (( #100 ) ) ;
#1568 = DIRECTION ( 'NONE',  ( 0.7071067811865464625, -0.7071067811865486830, 0.000000000000000000 ) ) ;
#1569 = EDGE_LOOP ( 'NONE', ( #3801, #4134, #1818, #3741 ) ) ;
#1570 = ORIENTED_EDGE ( 'NONE', *, *, #464, .T. ) ;
#1571 =( NAMED_UNIT ( * ) SI_UNIT ( $, .STERADIAN. ) SOLID_ANGLE_UNIT ( ) );
#1572 = CIRCLE ( 'NONE', #3518, 0.09999999999999982514 ) ;
#1573 = CARTESIAN_POINT ( 'NONE',  ( 0.9900599135456413791, 1.291708791698090275, 5.445977093973898064 ) ) ;
#1574 = CARTESIAN_POINT ( 'NONE',  ( 0.5947788770955901860, -1.008291208301909991, 4.900000000001601741 ) ) ;
#1575 = EDGE_CURVE ( 'NONE', #1410, #1032, #3192, .T. ) ;
#1576 = EDGE_LOOP ( 'NONE', ( #3883, #1570, #4491, #1081 ) ) ;
#1577 = SURFACE_STYLE_USAGE ( .BOTH. , #1596 ) ;
#1578 = CARTESIAN_POINT ( 'NONE',  ( -2.416507001187885972, 1.291708791698090053, 4.500000000001600498 ) ) ;
#1579 =( GEOMETRIC_REPRESENTATION_CONTEXT ( 3 ) GLOBAL_UNCERTAINTY_ASSIGNED_CONTEXT ( ( #3238 ) ) GLOBAL_UNIT_ASSIGNED_CONTEXT ( ( #1883, #4354, #1791 ) ) REPRESENTATION_CONTEXT ( 'NONE', 'WORKASPACE' ) );
#1580 = ORIENTED_EDGE ( 'NONE', *, *, #2479, .F. ) ;
#1581 = LINE ( 'NONE', #1845, #1752 ) ;
#1582 = FACE_OUTER_BOUND ( 'NONE', #3214, .T. ) ;
#1583 = DIRECTION ( 'NONE',  ( -1.637951978259724831E-16, -1.000000000000000000, -1.665334536937734811E-16 ) ) ;
#1584 =( LENGTH_UNIT ( ) NAMED_UNIT ( * ) SI_UNIT ( .MILLI., .METRE. ) );
#1585 = CIRCLE ( 'NONE', #3002, 0.09999999999999982514 ) ;
#1586 = CARTESIAN_POINT ( 'NONE',  ( -3.169613011442830253, -0.5082912083019104355, 5.180000000001601101 ) ) ;
#1587 = DIRECTION ( 'NONE',  ( 0.000000000000000000, -1.000000000000000000, 0.000000000000000000 ) ) ;
#1588 = EDGE_CURVE ( 'NONE', #2467, #55, #1572, .T. ) ;
#1589 = ORIENTED_EDGE ( 'NONE', *, *, #2161, .F. ) ;
#1590 = ORIENTED_EDGE ( 'NONE', *, *, #212, .T. ) ;
#1591 = DIRECTION ( 'NONE',  ( -0.8880375459327496390, 6.888904301284850391E-17, 0.4597709397229664541 ) ) ;
#1592 = SURFACE_STYLE_USAGE ( .BOTH. , #3772 ) ;
#1593 = MECHANICAL_DESIGN_GEOMETRIC_PRESENTATION_REPRESENTATION (  '', ( #1387 ), #650 ) ;
#1594 = DIRECTION ( 'NONE',  ( -1.000000000000000000, -1.942890293094023946E-16, 4.096188189618876484E-16 ) ) ;
#1595 = EDGE_LOOP ( 'NONE', ( #1028, #3176, #1005, #3608, #3083, #200, #898, #2640, #2783, #4123, #4110, #4616 ) ) ;
#1596 = SURFACE_SIDE_STYLE ('',( #4528 ) ) ;
#1597 = CARTESIAN_POINT ( 'NONE',  ( -1.603927586493592239, 1.441708791698089964, 3.650000000001600853 ) ) ;
#1598 = EDGE_CURVE ( 'NONE', #656, #116, #4588, .T. ) ;
#1599 = COLOUR_RGB ( '',0.000000000000000000, 0.000000000000000000, 0.000000000000000000 ) ;
#1600 = EDGE_CURVE ( 'NONE', #334, #486, #3164, .T. ) ;
#1601 =( LENGTH_UNIT ( ) NAMED_UNIT ( * ) SI_UNIT ( .MILLI., .METRE. ) );
#1602 = ORIENTED_EDGE ( 'NONE', *, *, #3581, .T. ) ;
#1603 = SURFACE_STYLE_USAGE ( .BOTH. , #189 ) ;
#1604 = CARTESIAN_POINT ( 'NONE',  ( 0.2803869885571689258, 0.2117087916980894546, 3.450000000001601119 ) ) ;
#1605 = LINE ( 'NONE', #869, #4643 ) ;
#1606 = VECTOR ( 'NONE', #4619, 1000.000000000000000 ) ;
#1607 = CARTESIAN_POINT ( 'NONE',  ( 0.2803869885571689258, 0.2117087916980894546, 3.900000000001600853 ) ) ;
#1608 = APPLICATION_CONTEXT ( 'automotive_design' ) ;
#1609 = LINE ( 'NONE', #1248, #4645 ) ;
#1610 = FACE_OUTER_BOUND ( 'NONE', #2294, .T. ) ;
#1611 = ORIENTED_EDGE ( 'NONE', *, *, #1041, .T. ) ;
#1612 = VERTEX_POINT ( 'NONE', #4244 ) ;
#1613 = EDGE_CURVE ( 'NONE', #2667, #102, #1015, .T. ) ;
#1614 = AXIS2_PLACEMENT_3D ( 'NONE', #2719, #1242, #4170 ) ;
#1615 = VECTOR ( 'NONE', #2425, 1000.000000000000000 ) ;
#1616 = ORIENTED_EDGE ( 'NONE', *, *, #1041, .F. ) ;
#1617 = DIRECTION ( 'NONE',  ( -1.000000000000000000, 0.000000000000000000, 0.000000000000000000 ) ) ;
#1618 = EDGE_CURVE ( 'NONE', #704, #2540, #1461, .T. ) ;
#1619 = VECTOR ( 'NONE', #112, 1000.000000000000000 ) ;
#1620 = DIRECTION ( 'NONE',  ( -1.376933246922772114E-16, 1.000000000000000000, 0.000000000000000000 ) ) ;
#1621 = CIRCLE ( 'NONE', #4250, 0.09999999999999982514 ) ;
#1622 = ORIENTED_EDGE ( 'NONE', *, *, #218, .T. ) ;
#1623 = CARTESIAN_POINT ( 'NONE',  ( 1.251011005814915533, 1.291708791698090275, 5.180000000001601990 ) ) ;
#1624 = DIRECTION ( 'NONE',  ( 1.000000000000000000, 0.000000000000000000, 0.000000000000000000 ) ) ;
#1625 = SURFACE_STYLE_USAGE ( .BOTH. , #4145 ) ;
#1626 = DIRECTION ( 'NONE',  ( -0.7071067811865479058, -0.7071067811865472397, -0.000000000000000000 ) ) ;
#1627 = CARTESIAN_POINT ( 'NONE',  ( -1.869613011442830430, -1.258291208301910213, 3.750000000001600942 ) ) ;
#1628 =( GEOMETRIC_REPRESENTATION_CONTEXT ( 3 ) GLOBAL_UNCERTAINTY_ASSIGNED_CONTEXT ( ( #2752 ) ) GLOBAL_UNIT_ASSIGNED_CONTEXT ( ( #1222, #4373, #1529 ) ) REPRESENTATION_CONTEXT ( 'NONE', 'WORKASPACE' ) );
#1629 =( LENGTH_UNIT ( ) NAMED_UNIT ( * ) SI_UNIT ( .MILLI., .METRE. ) );
#1630 = PLANE ( 'NONE',  #856 ) ;
#1631 = MECHANICAL_DESIGN_GEOMETRIC_PRESENTATION_REPRESENTATION (  '', ( #602 ), #3213 ) ;
#1632 = DIRECTION ( 'NONE',  ( 1.804757342600190166E-16, -1.529367931725233976E-47, 1.000000000000000000 ) ) ;
#1633 =( LENGTH_UNIT ( ) NAMED_UNIT ( * ) SI_UNIT ( .MILLI., .METRE. ) );
#1634 = VECTOR ( 'NONE', #3311, 1000.000000000000000 ) ;
#1635 = ORIENTED_EDGE ( 'NONE', *, *, #4019, .F. ) ;
#1636 =( LENGTH_UNIT ( ) NAMED_UNIT ( * ) SI_UNIT ( .MILLI., .METRE. ) );
#1637 = UNCERTAINTY_MEASURE_WITH_UNIT (LENGTH_MEASURE( 1.000000000000000082E-05 ), #1659, 'distance_accuracy_value', 'NONE');
#1638 = VERTEX_POINT ( 'NONE', #2453 ) ;
#1639 = PRESENTATION_STYLE_ASSIGNMENT (( #899 ) ) ;
#1640 = AXIS2_PLACEMENT_3D ( 'NONE', #2381, #4500, #2360 ) ;
#1641 = SURFACE_SIDE_STYLE ('',( #4089 ) ) ;
#1642 = CARTESIAN_POINT ( 'NONE',  ( -1.869613011442830430, 1.317444722986160999, 3.900000000001600853 ) ) ;
#1643 = EDGE_LOOP ( 'NONE', ( #2463, #3645, #4158, #815, #554, #4140, #2729, #383, #1739, #3372, #2549, #2441 ) ) ;
#1644 = CARTESIAN_POINT ( 'NONE',  ( -1.666059620849556167, 1.591708791698089875, 3.900000000001600853 ) ) ;
#1645 = CARTESIAN_POINT ( 'NONE',  ( -1.628191655205520449, 1.500287435460780472, 3.650000000001601741 ) ) ;
#1646 = AXIS2_PLACEMENT_3D ( 'NONE', #1782, #6, #1436 ) ;
#1647 = VECTOR ( 'NONE', #4271, 999.9999999999998863 ) ;
#1648 = EDGE_CURVE ( 'NONE', #209, #2053, #2477, .T. ) ;
#1649 = FACE_OUTER_BOUND ( 'NONE', #1090, .T. ) ;
#1650 = EDGE_CURVE ( 'NONE', #1970, #1556, #699, .T. ) ;
#1651 = LINE ( 'NONE', #3075, #4041 ) ;
#1652 = SURFACE_STYLE_FILL_AREA ( #3901 ) ;
#1653 = CARTESIAN_POINT ( 'NONE',  ( 0.2303869885571690201, 0.2617087916980894713, 3.900000000001600853 ) ) ;
#1654 =( GEOMETRIC_REPRESENTATION_CONTEXT ( 3 ) GLOBAL_UNCERTAINTY_ASSIGNED_CONTEXT ( ( #1831 ) ) GLOBAL_UNIT_ASSIGNED_CONTEXT ( ( #858, #2315, #3067 ) ) REPRESENTATION_CONTEXT ( 'NONE', 'WORKASPACE' ) );
#1655 = SURFACE_SIDE_STYLE ('',( #2701 ) ) ;
#1656 = EDGE_CURVE ( 'NONE', #1035, #2558, #3061, .T. ) ;
#1657 =( NAMED_UNIT ( * ) SI_UNIT ( $, .STERADIAN. ) SOLID_ANGLE_UNIT ( ) );
#1658 = FACE_BOUND ( 'NONE', #4408, .T. ) ;
#1659 =( LENGTH_UNIT ( ) NAMED_UNIT ( * ) SI_UNIT ( .MILLI., .METRE. ) );
#1660 = SURFACE_STYLE_USAGE ( .BOTH. , #3461 ) ;
#1661 = EDGE_CURVE ( 'NONE', #3516, #2986, #3760, .T. ) ;
#1662 = EDGE_CURVE ( 'NONE', #1440, #2274, #2150, .T. ) ;
#1663 = DIRECTION ( 'NONE',  ( 0.000000000000000000, 0.000000000000000000, -1.000000000000000000 ) ) ;
#1664 = FILL_AREA_STYLE ('',( #3035 ) ) ;
#1665 = FACE_OUTER_BOUND ( 'NONE', #3264, .T. ) ;
#1666 = EDGE_LOOP ( 'NONE', ( #4596, #4432, #2054, #3777 ) ) ;
#1667 = ORIENTED_EDGE ( 'NONE', *, *, #2790, .T. ) ;
#1668 = VECTOR ( 'NONE', #3872, 1000.000000000000000 ) ;
#1669 = FACE_OUTER_BOUND ( 'NONE', #324, .T. ) ;
#1670 = ORIENTED_EDGE ( 'NONE', *, *, #2504, .T. ) ;
#1671 = DIRECTION ( 'NONE',  ( -1.000000000000000000, 0.000000000000000000, 0.000000000000000000 ) ) ;
#1672 = COLOUR_RGB ( '',0.5372549019607842924, 0.3490196078431372362, 0.3372549019607843368 ) ;
#1673 = CARTESIAN_POINT ( 'NONE',  ( 1.080386988557169747, -1.008291208301909991, 4.500000000001601386 ) ) ;
#1674 = MECHANICAL_DESIGN_GEOMETRIC_PRESENTATION_REPRESENTATION (  '', ( #2040 ), #4309 ) ;
#1675 = LINE ( 'NONE', #1289, #3134 ) ;
#1676 =( BOUNDED_CURVE ( )  B_SPLINE_CURVE ( 3, ( #1104, #3276, #2909, #4361 ),
 .UNSPECIFIED., .F., .F. ) 
 B_SPLINE_CURVE_WITH_KNOTS ( ( 4, 4 ),
 ( 1.570796326794896114, 3.141592653589793116 ),
 .UNSPECIFIED. ) 
 CURVE ( )  GEOMETRIC_REPRESENTATION_ITEM ( )  RATIONAL_B_SPLINE_CURVE ( ( 1.000000000000000000, 0.8047378541243649375, 0.8047378541243649375, 1.000000000000000000 ) ) 
 REPRESENTATION_ITEM ( '' )  );
#1677 = PRESENTATION_LAYER_ASSIGNMENT (  '', '', ( #3179 ) ) ;
#1678 = SURFACE_STYLE_USAGE ( .BOTH. , #2702 ) ;
#1679 = CYLINDRICAL_SURFACE ( 'NONE', #1037, 0.05000000000000012768 ) ;
#1680 =( NAMED_UNIT ( * ) PLANE_ANGLE_UNIT ( ) SI_UNIT ( $, .RADIAN. ) );
#1681 = DIRECTION ( 'NONE',  ( -5.551115123125780237E-17, -1.078520768856851804E-32, -1.000000000000000000 ) ) ;
#1682 = UNCERTAINTY_MEASURE_WITH_UNIT (LENGTH_MEASURE( 1.000000000000000082E-05 ), #3849, 'distance_accuracy_value', 'NONE');
#1683 = ORIENTED_EDGE ( 'NONE', *, *, #1373, .T. ) ;
#1684 = EDGE_LOOP ( 'NONE', ( #966, #3336, #2206, #1589 ) ) ;
#1685 = EDGE_CURVE ( 'NONE', #2127, #139, #1285, .T. ) ;
#1686 = VECTOR ( 'NONE', #924, 1000.000000000000000 ) ;
#1687 = COLOUR_RGB ( '',0.5372549019607842924, 0.3490196078431372362, 0.3372549019607843368 ) ;
#1688 = SURFACE_STYLE_FILL_AREA ( #1370 ) ;
#1689 = UNCERTAINTY_MEASURE_WITH_UNIT (LENGTH_MEASURE( 1.000000000000000082E-05 ), #2857, 'distance_accuracy_value', 'NONE');
#1690 = VERTEX_POINT ( 'NONE', #3650 ) ;
#1691 = SURFACE_STYLE_USAGE ( .BOTH. , #4251 ) ;
#1692 = SURFACE_STYLE_USAGE ( .BOTH. , #2110 ) ;
#1693 = FILL_AREA_STYLE_COLOUR ( '', #820 ) ;
#1694 = STYLED_ITEM ( 'NONE', ( #672 ), #2478 ) ;
#1695 = DIRECTION ( 'NONE',  ( -0.000000000000000000, -0.000000000000000000, -1.000000000000000000 ) ) ;
#1696 = VECTOR ( 'NONE', #4324, 1000.000000000000000 ) ;
#1697 = DIRECTION ( 'NONE',  ( -1.571307496355803202E-16, -1.000000000000000000, 0.000000000000000000 ) ) ;
#1698 = ORIENTED_EDGE ( 'NONE', *, *, #505, .F. ) ;
#1699 = DIRECTION ( 'NONE',  ( -1.000000000000000000, 0.000000000000000000, 0.000000000000000000 ) ) ;
#1700 = CARTESIAN_POINT ( 'NONE',  ( 1.080386988557169747, -1.008291208301909991, 4.800000000001601208 ) ) ;
#1701 = VECTOR ( 'NONE', #1401, 1000.000000000000000 ) ;
#1702 = CARTESIAN_POINT ( 'NONE',  ( -1.919613011442830475, 0.1217087916980903739, 3.450000000001601119 ) ) ;
#1703 = ORIENTED_EDGE ( 'NONE', *, *, #3106, .F. ) ;
#1704 = DIRECTION ( 'NONE',  ( -1.000000000000000000, 1.114032275271057355E-16, -0.000000000000000000 ) ) ;
#1705 = LINE ( 'NONE', #3133, #3298 ) ;
#1706 = VECTOR ( 'NONE', #4431, 1000.000000000000000 ) ;
#1707 = SURFACE_SIDE_STYLE ('',( #3859 ) ) ;
#1708 = DIRECTION ( 'NONE',  ( -0.8880375459327496390, -1.725359527895777514E-16, 0.4597709397229665096 ) ) ;
#1709 = EDGE_CURVE ( 'NONE', #2798, #675, #1524, .T. ) ;
#1710 = SURFACE_STYLE_USAGE ( .BOTH. , #4535 ) ;
#1711 = ORIENTED_EDGE ( 'NONE', *, *, #1920, .T. ) ;
#1712 = ORIENTED_EDGE ( 'NONE', *, *, #1433, .F. ) ;
#1713 = CARTESIAN_POINT ( 'NONE',  ( 0.000000000000000000, 0.000000000000000000, 0.000000000000000000 ) ) ;
#1714 = STYLED_ITEM ( 'NONE', ( #3359 ), #3606 ) ;
#1715 = SURFACE_SIDE_STYLE ('',( #2433 ) ) ;
#1716 = DIRECTION ( 'NONE',  ( -8.474091755303839943E-32, -1.000000000000000000, -0.000000000000000000 ) ) ;
#1717 = STYLED_ITEM ( 'NONE', ( #935 ), #4094 ) ;
#1718 = ORIENTED_EDGE ( 'NONE', *, *, #2823, .F. ) ;
#1719 = PLANE ( 'NONE',  #2432 ) ;
#1720 = CARTESIAN_POINT ( 'NONE',  ( -1.919613011442830253, 0.2117087916980894546, 3.900000000001600853 ) ) ;
#1721 = EDGE_CURVE ( 'NONE', #826, #1899, #4357, .T. ) ;
#1722 =( NAMED_UNIT ( * ) SI_UNIT ( $, .STERADIAN. ) SOLID_ANGLE_UNIT ( ) );
#1723 = PRESENTATION_LAYER_ASSIGNMENT (  '', '', ( #3367 ) ) ;
#1724 = FILL_AREA_STYLE ('',( #1056 ) ) ;
#1725 = ORIENTED_EDGE ( 'NONE', *, *, #2071, .T. ) ;
#1726 = CARTESIAN_POINT ( 'NONE',  ( -2.109257672383501259, 1.431353452638763457, 3.450000000001601119 ) ) ;
#1727 =( GEOMETRIC_REPRESENTATION_CONTEXT ( 3 ) GLOBAL_UNCERTAINTY_ASSIGNED_CONTEXT ( ( #1226 ) ) GLOBAL_UNIT_ASSIGNED_CONTEXT ( ( #3574, #3181, #643 ) ) REPRESENTATION_CONTEXT ( 'NONE', 'WORKASPACE' ) );
#1728 = DIRECTION ( 'NONE',  ( -1.571307496355803202E-16, -1.000000000000000000, 0.000000000000000000 ) ) ;
#1729 = VECTOR ( 'NONE', #98, 1000.000000000000000 ) ;
#1730 = CYLINDRICAL_SURFACE ( 'NONE', #1841, 0.05000000000000007216 ) ;
#1731 = ORIENTED_EDGE ( 'NONE', *, *, #3723, .F. ) ;
#1732 = CARTESIAN_POINT ( 'NONE',  ( 0.5096763104385149123, -1.537580530183255245, 3.400000000001600409 ) ) ;
#1733 = CIRCLE ( 'NONE', #92, 0.1000000000000000472 ) ;
#1734 = DIRECTION ( 'NONE',  ( 0.4597709397229662320, -2.231962315604803150E-16, 0.8880375459327497500 ) ) ;
#1735 = PRESENTATION_LAYER_ASSIGNMENT (  '', '', ( #2917 ) ) ;
#1736 = LINE ( 'NONE', #3107, #1255 ) ;
#1737 = DIRECTION ( 'NONE',  ( -0.4597709397229662320, -6.330738928734779269E-17, 0.8880375459327497500 ) ) ;
#1738 = DIRECTION ( 'NONE',  ( 1.000000000000000000, 0.000000000000000000, 0.000000000000000000 ) ) ;
#1739 = ORIENTED_EDGE ( 'NONE', *, *, #3663, .F. ) ;
#1740 = VERTEX_POINT ( 'NONE', #408 ) ;
#1741 = PRESENTATION_STYLE_ASSIGNMENT (( #705 ) ) ;
#1742 = CARTESIAN_POINT ( 'NONE',  ( 0.2803869885571691478, 0.07170879169809038500, 3.450000000001601119 ) ) ;
#1743 = FACE_OUTER_BOUND ( 'NONE', #1017, .T. ) ;
#1744 = PRESENTATION_STYLE_ASSIGNMENT (( #660 ) ) ;
#1745 = STYLED_ITEM ( 'NONE', ( #1013 ), #3242 ) ;
#1746 = FACE_OUTER_BOUND ( 'NONE', #2153, .T. ) ;
#1747 = DIRECTION ( 'NONE',  ( 0.7071067811865479058, 0.7071067811865472397, 0.000000000000000000 ) ) ;
#1748 = VERTEX_POINT ( 'NONE', #2613 ) ;
#1749 = CARTESIAN_POINT ( 'NONE',  ( -1.884257672383502946, 1.302800062045488483, 3.900000000001600853 ) ) ;
#1750 =( LENGTH_UNIT ( ) NAMED_UNIT ( * ) SI_UNIT ( .MILLI., .METRE. ) );
#1751 = EDGE_CURVE ( 'NONE', #3711, #2467, #3996, .T. ) ;
#1752 = VECTOR ( 'NONE', #4143, 1000.000000000000000 ) ;
#1753 = PRESENTATION_STYLE_ASSIGNMENT (( #1428 ) ) ;
#1754 = ORIENTED_EDGE ( 'NONE', *, *, #2282, .F. ) ;
#1755 = LINE ( 'NONE', #3185, #4044 ) ;
#1756 = PRESENTATION_LAYER_ASSIGNMENT (  '', '', ( #3472 ) ) ;
#1757 = CARTESIAN_POINT ( 'NONE',  ( 0.5303869885571695919, 1.841708791698089875, 3.450000000001601119 ) ) ;
#1758 = FACE_OUTER_BOUND ( 'NONE', #1272, .T. ) ;
#1759 = SURFACE_SIDE_STYLE ('',( #1160 ) ) ;
#1760 = ORIENTED_EDGE ( 'NONE', *, *, #3672, .T. ) ;
#1761 = VERTEX_POINT ( 'NONE', #2953 ) ;
#1762 = STYLED_ITEM ( 'NONE', ( #2392 ), #1809 ) ;
#1763 = LINE ( 'NONE', #3197, #3688 ) ;
#1764 = ADVANCED_FACE ( 'NONE', ( #1830 ), #2233, .T. ) ;
#1765 = PRESENTATION_LAYER_ASSIGNMENT (  '', '', ( #3800 ) ) ;
#1766 = LINE ( 'NONE', #1076, #3260 ) ;
#1767 = CARTESIAN_POINT ( 'NONE',  ( 1.080386988557170191, 0.7917087916980902751, 5.500000000001601386 ) ) ;
#1768 = ADVANCED_FACE ( 'NONE', ( #3604 ), #1848, .T. ) ;
#1769 = LINE ( 'NONE', #22, #831 ) ;
#1770 = ORIENTED_EDGE ( 'NONE', *, *, #3366, .T. ) ;
#1771 = LINE ( 'NONE', #4631, #1668 ) ;
#1772 = LINE ( 'NONE', #4632, #314 ) ;
#1773 = COLOUR_RGB ( '',0.5372549019607842924, 0.3490196078431372362, 0.3372549019607843368 ) ;
#1774 = CARTESIAN_POINT ( 'NONE',  ( 0.1303869885571689868, -1.158291208301910125, 3.650000000001600853 ) ) ;
#1775 = EDGE_LOOP ( 'NONE', ( #1683, #1252, #531, #3125 ) ) ;
#1776 = LINE ( 'NONE', #50, #307 ) ;
#1777 = UNCERTAINTY_MEASURE_WITH_UNIT (LENGTH_MEASURE( 1.000000000000000082E-05 ), #2320, 'distance_accuracy_value', 'NONE');
#1778 = CARTESIAN_POINT ( 'NONE',  ( -0.8196130114428307190, 0.1417087916980892537, 3.900000000001600853 ) ) ;
#1779 = PRESENTATION_LAYER_ASSIGNMENT (  '', '', ( #3112 ) ) ;
#1780 = CARTESIAN_POINT ( 'NONE',  ( -2.505310755781160026, -0.5082912083019104355, 4.554022906029303819 ) ) ;
#1781 = ADVANCED_FACE ( 'NONE', ( #594 ), #961, .T. ) ;
#1782 = CARTESIAN_POINT ( 'NONE',  ( -2.718089691024576648, -1.008291208301910435, 5.400000000001600853 ) ) ;
#1783 = CARTESIAN_POINT ( 'NONE',  ( -2.890237028700575639, -1.008291208301910435, 5.180000000001601101 ) ) ;
#1784 = UNCERTAINTY_MEASURE_WITH_UNIT (LENGTH_MEASURE( 1.000000000000000082E-05 ), #3729, 'distance_accuracy_value', 'NONE');
#1785 = ORIENTED_EDGE ( 'NONE', *, *, #480, .F. ) ;
#1786 = DIRECTION ( 'NONE',  ( 1.000000000000000000, -6.377659838150027460E-17, 0.000000000000000000 ) ) ;
#1787 = PRESENTATION_LAYER_ASSIGNMENT (  '', '', ( #2154 ) ) ;
#1788 = ORIENTED_EDGE ( 'NONE', *, *, #920, .T. ) ;
#1789 = CARTESIAN_POINT ( 'NONE',  ( 0.5303869885571697029, 1.841708791698089875, 3.420710678120255643 ) ) ;
#1790 = VECTOR ( 'NONE', #3429, 1000.000000000000000 ) ;
#1791 =( NAMED_UNIT ( * ) SI_UNIT ( $, .STERADIAN. ) SOLID_ANGLE_UNIT ( ) );
#1792 = MECHANICAL_DESIGN_GEOMETRIC_PRESENTATION_REPRESENTATION (  '', ( #1714 ), #2837 ) ;
#1793 = PLANE ( 'NONE',  #3169 ) ;
#1794 = CARTESIAN_POINT ( 'NONE',  ( 0.8660847328954995872, -1.008291208301909769, 4.554022906029304707 ) ) ;
#1795 = ORIENTED_EDGE ( 'NONE', *, *, #4020, .F. ) ;
#1796 =( LENGTH_UNIT ( ) NAMED_UNIT ( * ) SI_UNIT ( .MILLI., .METRE. ) );
#1797 = MANIFOLD_SOLID_BREP ( 'Birleþtir1', #2510 ) ;
#1798 = LINE ( 'NONE', #3500, #4577 ) ;
#1799 = PRESENTATION_LAYER_ASSIGNMENT (  '', '', ( #2165 ) ) ;
#1800 = SURFACE_SIDE_STYLE ('',( #3206 ) ) ;
#1801 = EDGE_CURVE ( 'NONE', #1899, #4178, #4514, .T. ) ;
#1802 = ADVANCED_FACE ( 'NONE', ( #4148 ), #2658, .F. ) ;
#1803 = SURFACE_STYLE_USAGE ( .BOTH. , #691 ) ;
#1804 = EDGE_LOOP ( 'NONE', ( #2278, #2176, #1978, #1321 ) ) ;
#1805 =( NAMED_UNIT ( * ) SI_UNIT ( $, .STERADIAN. ) SOLID_ANGLE_UNIT ( ) );
#1806 = AXIS2_PLACEMENT_3D ( 'NONE', #3881, #1808, #2805 ) ;
#1807 = CARTESIAN_POINT ( 'NONE',  ( -1.969613011442830519, 0.1217087916980903739, 3.400000000001600853 ) ) ;
#1808 = DIRECTION ( 'NONE',  ( -8.474091755303839943E-32, -1.000000000000000000, -0.000000000000000000 ) ) ;
#1809 = ADVANCED_FACE ( 'NONE', ( #3945 ), #1730, .T. ) ;
#1810 = ORIENTED_EDGE ( 'NONE', *, *, #3631, .T. ) ;
#1811 = ORIENTED_EDGE ( 'NONE', *, *, #109, .T. ) ;
#1812 = EDGE_CURVE ( 'NONE', #637, #3991, #27, .T. ) ;
#1813 = PRESENTATION_STYLE_ASSIGNMENT (( #298 ) ) ;
#1814 = ORIENTED_EDGE ( 'NONE', *, *, #66, .T. ) ;
#1815 = PRESENTATION_STYLE_ASSIGNMENT (( #4066 ) ) ;
#1816 = PRESENTATION_STYLE_ASSIGNMENT (( #2160 ) ) ;
#1817 = FACE_OUTER_BOUND ( 'NONE', #3567, .T. ) ;
#1818 = ORIENTED_EDGE ( 'NONE', *, *, #359, .T. ) ;
#1819 = DIRECTION ( 'NONE',  ( 0.000000000000000000, 0.000000000000000000, -1.000000000000000000 ) ) ;
#1820 = DIRECTION ( 'NONE',  ( 1.000000000000000000, 0.000000000000000000, 0.000000000000000000 ) ) ;
#1821 = PRESENTATION_LAYER_ASSIGNMENT (  '', '', ( #1223 ) ) ;
#1822 = ORIENTED_EDGE ( 'NONE', *, *, #4362, .T. ) ;
#1823 = LINE ( 'NONE', #3161, #3978 ) ;
#1824 = VECTOR ( 'NONE', #4603, 1000.000000000000000 ) ;
#1825 = UNCERTAINTY_MEASURE_WITH_UNIT (LENGTH_MEASURE( 1.000000000000000082E-05 ), #611, 'distance_accuracy_value', 'NONE');
#1826 = PRESENTATION_LAYER_ASSIGNMENT (  '', '', ( #2638 ) ) ;
#1827 = EDGE_CURVE ( 'NONE', #2855, #155, #3897, .T. ) ;
#1828 = CARTESIAN_POINT ( 'NONE',  ( 0.2803869885571689258, 0.2117087916980894546, 3.450000000001601119 ) ) ;
#1829 = VECTOR ( 'NONE', #1055, 1000.000000000000000 ) ;
#1830 = FACE_OUTER_BOUND ( 'NONE', #296, .T. ) ;
#1831 = UNCERTAINTY_MEASURE_WITH_UNIT (LENGTH_MEASURE( 1.000000000000000082E-05 ), #858, 'distance_accuracy_value', 'NONE');
#1832 = DIRECTION ( 'NONE',  ( 1.571307496355803202E-16, 1.000000000000000000, -0.000000000000000000 ) ) ;
#1833 =( BOUNDED_CURVE ( )  B_SPLINE_CURVE ( 3, ( #2364, #1563, #1954, #1313 ),
 .UNSPECIFIED., .F., .F. ) 
 B_SPLINE_CURVE_WITH_KNOTS ( ( 4, 4 ),
 ( 3.141592653589793116, 4.712388980384689674 ),
 .UNSPECIFIED. ) 
 CURVE ( )  GEOMETRIC_REPRESENTATION_ITEM ( )  RATIONAL_B_SPLINE_CURVE ( ( 1.000000000000000000, 0.8047378541243649375, 0.8047378541243649375, 1.000000000000000000 ) ) 
 REPRESENTATION_ITEM ( '' )  );
#1834 = STYLED_ITEM ( 'NONE', ( #2964 ), #4518 ) ;
#1835 = ORIENTED_EDGE ( 'NONE', *, *, #3674, .F. ) ;
#1836 = EDGE_CURVE ( 'NONE', #4214, #724, #1067, .T. ) ;
#1837 =( NAMED_UNIT ( * ) SI_UNIT ( $, .STERADIAN. ) SOLID_ANGLE_UNIT ( ) );
#1838 = CARTESIAN_POINT ( 'NONE',  ( 1.530386988557169703, -1.008291208301910213, 5.500000000001601386 ) ) ;
#1839 = PRESENTATION_STYLE_ASSIGNMENT (( #3694 ) ) ;
#1840 = PLANE ( 'NONE',  #4153 ) ;
#1841 = AXIS2_PLACEMENT_3D ( 'NONE', #4192, #644, #3207 ) ;
#1842 = VERTEX_POINT ( 'NONE', #1034 ) ;
#1843 = DIRECTION ( 'NONE',  ( 1.000000000000000000, 0.000000000000000000, 0.000000000000000000 ) ) ;
#1844 = ORIENTED_EDGE ( 'NONE', *, *, #353, .T. ) ;
#1845 = CARTESIAN_POINT ( 'NONE',  ( 0.5947788770955902971, 1.291708791698090275, 4.800000000001601208 ) ) ;
#1846 = CARTESIAN_POINT ( 'NONE',  ( -1.919613011442830253, 0.2117087916980894546, 3.450000000001601119 ) ) ;
#1847 = PRESENTATION_LAYER_ASSIGNMENT (  '', '', ( #2141 ) ) ;
#1848 = CYLINDRICAL_SURFACE ( 'NONE', #4516, 0.05000000000000012768 ) ;
#1849 = AXIS2_PLACEMENT_3D ( 'NONE', #2880, #3241, #374 ) ;
#1850 = FILL_AREA_STYLE ('',( #2831 ) ) ;
#1851 = STYLED_ITEM ( 'NONE', ( #378 ), #461 ) ;
#1852 = SURFACE_STYLE_USAGE ( .BOTH. , #412 ) ;
#1853 = EDGE_CURVE ( 'NONE', #230, #3317, #2117, .T. ) ;
#1854 = ORIENTED_EDGE ( 'NONE', *, *, #3322, .T. ) ;
#1855 = CIRCLE ( 'NONE', #3425, 0.1000000000000000472 ) ;
#1856 = MECHANICAL_DESIGN_GEOMETRIC_PRESENTATION_REPRESENTATION (  '', ( #2528 ), #3580 ) ;
#1857 = EDGE_CURVE ( 'NONE', #2788, #3243, #1383, .T. ) ;
#1858 = DIRECTION ( 'NONE',  ( 0.000000000000000000, -0.000000000000000000, 1.000000000000000000 ) ) ;
#1859 = FILL_AREA_STYLE ('',( #2556 ) ) ;
#1860 = AXIS2_PLACEMENT_3D ( 'NONE', #4124, #932, #2700 ) ;
#1861 = FILL_AREA_STYLE ('',( #4447 ) ) ;
#1862 = ORIENTED_EDGE ( 'NONE', *, *, #495, .T. ) ;
#1863 = PLANE ( 'NONE',  #2897 ) ;
#1864 = CARTESIAN_POINT ( 'NONE',  ( 0.5303869885571695919, 1.841708791698089875, 5.380000000001600391 ) ) ;
#1865 = EDGE_CURVE ( 'NONE', #2561, #4238, #2602, .T. ) ;
#1866 = EDGE_CURVE ( 'NONE', #921, #656, #1011, .T. ) ;
#1867 = FILL_AREA_STYLE ('',( #3253 ) ) ;
#1868 = STYLED_ITEM ( 'NONE', ( #1166 ), #3610 ) ;
#1869 = ORIENTED_EDGE ( 'NONE', *, *, #1709, .T. ) ;
#1870 = UNCERTAINTY_MEASURE_WITH_UNIT (LENGTH_MEASURE( 1.000000000000000082E-05 ), #1393, 'distance_accuracy_value', 'NONE');
#1871 = FACE_OUTER_BOUND ( 'NONE', #395, .T. ) ;
#1872 = CARTESIAN_POINT ( 'NONE',  ( -2.719613011442830519, 1.291708791698090053, 4.500000000001600498 ) ) ;
#1873 = VECTOR ( 'NONE', #732, 1000.000000000000000 ) ;
#1874 = DIRECTION ( 'NONE',  ( 0.4597709397229660100, -3.966980059264407325E-32, -0.8880375459327498611 ) ) ;
#1875 = UNCERTAINTY_MEASURE_WITH_UNIT (LENGTH_MEASURE( 1.000000000000000082E-05 ), #991, 'distance_accuracy_value', 'NONE');
#1876 = CARTESIAN_POINT ( 'NONE',  ( -1.919613011442830253, 0.2117087916980894546, 3.450000000001601119 ) ) ;
#1877 = STYLED_ITEM ( 'NONE', ( #56 ), #942 ) ;
#1878 =( NAMED_UNIT ( * ) PLANE_ANGLE_UNIT ( ) SI_UNIT ( $, .RADIAN. ) );
#1879 = AXIS2_PLACEMENT_3D ( 'NONE', #121, #2980, #1545 ) ;
#1880 = CARTESIAN_POINT ( 'NONE',  ( -1.674638264612246852, 1.612419469816744444, 3.400000000001600409 ) ) ;
#1881 = VERTEX_POINT ( 'NONE', #668 ) ;
#1882 = PRESENTATION_LAYER_ASSIGNMENT (  '', '', ( #2548 ) ) ;
#1883 =( LENGTH_UNIT ( ) NAMED_UNIT ( * ) SI_UNIT ( .MILLI., .METRE. ) );
#1884 = STYLED_ITEM ( 'NONE', ( #603 ), #2247 ) ;
#1885 = DIRECTION ( 'NONE',  ( -1.000000000000000000, 0.000000000000000000, 0.000000000000000000 ) ) ;
#1886 = FILL_AREA_STYLE_COLOUR ( '', #4077 ) ;
#1887 = LINE ( 'NONE', #470, #1634 ) ;
#1888 = ORIENTED_EDGE ( 'NONE', *, *, #269, .T. ) ;
#1889 = CARTESIAN_POINT ( 'NONE',  ( -0.8196130114428307190, 0.1417087916980892537, 3.900000000001600853 ) ) ;
#1890 = LINE ( 'NONE', #449, #318 ) ;
#1891 = EDGE_LOOP ( 'NONE', ( #2456, #3696, #4227, #59 ) ) ;
#1892 =( NAMED_UNIT ( * ) SI_UNIT ( $, .STERADIAN. ) SOLID_ANGLE_UNIT ( ) );
#1893 = VECTOR ( 'NONE', #2192, 1000.000000000000000 ) ;
#1894 = LINE ( 'NONE', #1245, #181 ) ;
#1895 = SURFACE_STYLE_FILL_AREA ( #485 ) ;
#1896 = CARTESIAN_POINT ( 'NONE',  ( -2.169613011442830697, -1.558291208301909814, 3.420710678120255643 ) ) ;
#1897 = CIRCLE ( 'NONE', #186, 0.09999999999999982514 ) ;
#1898 = ORIENTED_EDGE ( 'NONE', *, *, #4151, .F. ) ;
#1899 = VERTEX_POINT ( 'NONE', #2068 ) ;
#1900 = FILL_AREA_STYLE_COLOUR ( '', #4316 ) ;
#1901 = SURFACE_STYLE_USAGE ( .BOTH. , #1641 ) ;
#1902 = SURFACE_STYLE_FILL_AREA ( #1861 ) ;
#1903 = EDGE_LOOP ( 'NONE', ( #323, #183, #715, #2652 ) ) ;
#1904 = DIRECTION ( 'NONE',  ( -1.942890293094024439E-16, 1.000000000000000000, -0.000000000000000000 ) ) ;
#1905 = DIRECTION ( 'NONE',  ( -1.571307496355803202E-16, -1.000000000000000000, 0.000000000000000000 ) ) ;
#1906 = ADVANCED_FACE ( 'NONE', ( #3159 ), #3230, .T. ) ;
#1907 = VERTEX_POINT ( 'NONE', #208 ) ;
#1908 = DIRECTION ( 'NONE',  ( -1.376933246922772114E-16, 1.000000000000000000, 0.000000000000000000 ) ) ;
#1909 = UNCERTAINTY_MEASURE_WITH_UNIT (LENGTH_MEASURE( 1.000000000000000082E-05 ), #2813, 'distance_accuracy_value', 'NONE');
#1910 = DIRECTION ( 'NONE',  ( -0.4597709397229662320, -6.330738928734779269E-17, 0.8880375459327497500 ) ) ;
#1911 =( GEOMETRIC_REPRESENTATION_CONTEXT ( 3 ) GLOBAL_UNCERTAINTY_ASSIGNED_CONTEXT ( ( #347 ) ) GLOBAL_UNIT_ASSIGNED_CONTEXT ( ( #1074, #680, #3936 ) ) REPRESENTATION_CONTEXT ( 'NONE', 'WORKASPACE' ) );
#1912 = COLOUR_RGB ( '',0.5372549019607842924, 0.3490196078431372362, 0.3372549019607843368 ) ;
#1913 = CARTESIAN_POINT ( 'NONE',  ( -2.322808654574525455, -0.5082912083019104355, 4.854022906029303641 ) ) ;
#1914 = FACE_OUTER_BOUND ( 'NONE', #4498, .T. ) ;
#1915 =( LENGTH_UNIT ( ) NAMED_UNIT ( * ) SI_UNIT ( .MILLI., .METRE. ) );
#1916 = DIRECTION ( 'NONE',  ( 1.000000000000000000, -1.571307496355803202E-16, 0.000000000000000000 ) ) ;
#1917 = ADVANCED_FACE ( 'NONE', ( #1190 ), #2517, .F. ) ;
#1918 = PRESENTATION_LAYER_ASSIGNMENT (  '', '', ( #960 ) ) ;
#1919 = ORIENTED_EDGE ( 'NONE', *, *, #1801, .T. ) ;
#1920 = EDGE_CURVE ( 'NONE', #3773, #68, #3717, .T. ) ;
#1921 = ORIENTED_EDGE ( 'NONE', *, *, #553, .F. ) ;
#1922 = SURFACE_STYLE_USAGE ( .BOTH. , #1230 ) ;
#1923 = CARTESIAN_POINT ( 'NONE',  ( 1.080386988557169747, -1.008291208301910213, 5.180000000001601990 ) ) ;
#1924 = EDGE_LOOP ( 'NONE', ( #3588, #546, #2457, #4330, #1795, #2097, #1228, #972, #1395, #2872, #3669, #3818 ) ) ;
#1925 = PRESENTATION_STYLE_ASSIGNMENT (( #3072 ) ) ;
#1926 = CIRCLE ( 'NONE', #3129, 0.1000000000000000472 ) ;
#1927 = VECTOR ( 'NONE', #1832, 1000.000000000000000 ) ;
#1928 = EDGE_LOOP ( 'NONE', ( #2341, #1302, #4523, #1703 ) ) ;
#1929 = DIRECTION ( 'NONE',  ( -0.4597709397229662320, 2.231962315604803643E-16, -0.8880375459327497500 ) ) ;
#1930 = ADVANCED_FACE ( 'NONE', ( #1967 ), #3379, .F. ) ;
#1931 = VECTOR ( 'NONE', #1626, 1000.000000000000000 ) ;
#1932 =( LENGTH_UNIT ( ) NAMED_UNIT ( * ) SI_UNIT ( .MILLI., .METRE. ) );
#1933 = ADVANCED_FACE ( 'NONE', ( #1669 ), #1345, .T. ) ;
#1934 = DIRECTION ( 'NONE',  ( 1.571307496355803202E-16, -1.000000000000000000, 0.000000000000000000 ) ) ;
#1935 = LINE ( 'NONE', #4131, #3678 ) ;
#1936 =( NAMED_UNIT ( * ) PLANE_ANGLE_UNIT ( ) SI_UNIT ( $, .RADIAN. ) );
#1937 = ORIENTED_EDGE ( 'NONE', *, *, #3188, .T. ) ;
#1938 = ADVANCED_FACE ( 'NONE', ( #2434 ), #1277, .F. ) ;
#1939 = AXIS2_PLACEMENT_3D ( 'NONE', #2047, #343, #367 ) ;
#1940 = EDGE_CURVE ( 'NONE', #4142, #3490, #2030, .T. ) ;
#1941 = ORIENTED_EDGE ( 'NONE', *, *, #2284, .T. ) ;
#1942 = FILL_AREA_STYLE_COLOUR ( '', #47 ) ;
#1943 = CARTESIAN_POINT ( 'NONE',  ( 1.078863668138916321, 0.7917087916980902751, 5.400000000001601741 ) ) ;
#1944 =( NAMED_UNIT ( * ) PLANE_ANGLE_UNIT ( ) SI_UNIT ( $, .RADIAN. ) );
#1945 = CIRCLE ( 'NONE', #4592, 0.1000000000000000472 ) ;
#1946 = CARTESIAN_POINT ( 'NONE',  ( -2.322808654574525455, -1.008291208301910435, 4.854022906029303641 ) ) ;
#1947 = ORIENTED_EDGE ( 'NONE', *, *, #1267, .F. ) ;
#1948 = PLANE ( 'NONE',  #688 ) ;
#1949 = CARTESIAN_POINT ( 'NONE',  ( -1.645348942730901376, 1.541708791698090053, 3.900000000001600853 ) ) ;
#1950 = MECHANICAL_DESIGN_GEOMETRIC_PRESENTATION_REPRESENTATION (  '', ( #2917 ), #2697 ) ;
#1951 = ORIENTED_EDGE ( 'NONE', *, *, #1920, .F. ) ;
#1952 = CARTESIAN_POINT ( 'NONE',  ( -2.718089691024577093, 1.291708791698090053, 5.500000000001600498 ) ) ;
#1953 = CARTESIAN_POINT ( 'NONE',  ( -2.336514574684991352, 0.7917087916980900530, 4.880495591899754793 ) ) ;
#1954 = CARTESIAN_POINT ( 'NONE',  ( -1.828191655205521071, -0.01971256453921910873, 3.650000000001601297 ) ) ;
#1955 =( LENGTH_UNIT ( ) NAMED_UNIT ( * ) SI_UNIT ( .MILLI., .METRE. ) );
#1956 = EDGE_CURVE ( 'NONE', #68, #1167, #679, .T. ) ;
#1957 =( NAMED_UNIT ( * ) PLANE_ANGLE_UNIT ( ) SI_UNIT ( $, .RADIAN. ) );
#1958 = PRESENTATION_LAYER_ASSIGNMENT (  '', '', ( #4002 ) ) ;
#1959 = SURFACE_STYLE_FILL_AREA ( #1664 ) ;
#1960 = EDGE_LOOP ( 'NONE', ( #842, #2028, #297, #3204 ) ) ;
#1961 = UNCERTAINTY_MEASURE_WITH_UNIT (LENGTH_MEASURE( 1.000000000000000082E-05 ), #984, 'distance_accuracy_value', 'NONE');
#1962 = VERTEX_POINT ( 'NONE', #3521 ) ;
#1963 = FILL_AREA_STYLE_COLOUR ( '', #4230 ) ;
#1964 = LINE ( 'NONE', #557, #4053 ) ;
#1965 =( NAMED_UNIT ( * ) PLANE_ANGLE_UNIT ( ) SI_UNIT ( $, .RADIAN. ) );
#1966 = STYLED_ITEM ( 'NONE', ( #1753 ), #10 ) ;
#1967 = FACE_OUTER_BOUND ( 'NONE', #3931, .T. ) ;
#1968 = VERTEX_POINT ( 'NONE', #300 ) ;
#1969 = SURFACE_SIDE_STYLE ('',( #4476 ) ) ;
#1970 = VERTEX_POINT ( 'NONE', #1642 ) ;
#1971 = FILL_AREA_STYLE_COLOUR ( '', #2406 ) ;
#1972 =( GEOMETRIC_REPRESENTATION_CONTEXT ( 3 ) GLOBAL_UNCERTAINTY_ASSIGNED_CONTEXT ( ( #628 ) ) GLOBAL_UNIT_ASSIGNED_CONTEXT ( ( #556, #4160, #1571 ) ) REPRESENTATION_CONTEXT ( 'NONE', 'WORKASPACE' ) );
#1973 = MECHANICAL_DESIGN_GEOMETRIC_PRESENTATION_REPRESENTATION (  '', ( #3266 ), #202 ) ;
#1974 = AXIS2_PLACEMENT_3D ( 'NONE', #2711, #1716, #3146 ) ;
#1975 = PRESENTATION_STYLE_ASSIGNMENT (( #2046 ) ) ;
#1976 = CARTESIAN_POINT ( 'NONE',  ( 1.080386988557169747, -0.5082912083019098803, 4.682150905820582132 ) ) ;
#1977 = SURFACE_STYLE_FILL_AREA ( #2308 ) ;
#1978 = ORIENTED_EDGE ( 'NONE', *, *, #4020, .T. ) ;
#1979 = DIRECTION ( 'NONE',  ( -1.000000000000000000, 0.000000000000000000, 0.000000000000000000 ) ) ;
#1980 = ORIENTED_EDGE ( 'NONE', *, *, #2486, .T. ) ;
#1981 = DIRECTION ( 'NONE',  ( 0.8880375459327497500, -7.662135494505131235E-32, 0.4597709397229662320 ) ) ;
#1982 = EDGE_CURVE ( 'NONE', #2730, #4258, #1105, .T. ) ;
#1983 = VECTOR ( 'NONE', #4550, 1000.000000000000000 ) ;
#1984 = ADVANCED_FACE ( 'NONE', ( #4162 ), #604, .T. ) ;
#1985 = CARTESIAN_POINT ( 'NONE',  ( -1.919613011442830253, -1.308291208301910036, 3.900000000001600853 ) ) ;
#1986 = FILL_AREA_STYLE_COLOUR ( '', #2940 ) ;
#1987 = COLOUR_RGB ( '',0.4392156862745097978, 0.4392156862745097978, 0.4392156862745097978 ) ;
#1988 = ORIENTED_EDGE ( 'NONE', *, *, #2486, .F. ) ;
#1989 = SURFACE_STYLE_USAGE ( .BOTH. , #2295 ) ;
#1990 = STYLED_ITEM ( 'NONE', ( #447 ), #500 ) ;
#1991 = PRESENTATION_STYLE_ASSIGNMENT (( #3449 ) ) ;
#1992 = ADVANCED_FACE ( 'NONE', ( #2727 ), #199, .T. ) ;
#1993 = SURFACE_SIDE_STYLE ('',( #544 ) ) ;
#1994 = SURFACE_SIDE_STYLE ('',( #2768 ) ) ;
#1995 = EDGE_CURVE ( 'NONE', #424, #187, #2398, .T. ) ;
#1996 = SURFACE_STYLE_FILL_AREA ( #4530 ) ;
#1997 = CARTESIAN_POINT ( 'NONE',  ( 1.251011005814915311, -0.5082912083019099914, 5.180000000001601990 ) ) ;
#1998 = ADVANCED_FACE ( 'NONE', ( #1610 ), #963, .F. ) ;
#1999 = STYLED_ITEM ( 'NONE', ( #3539 ), #608 ) ;
#2000 = AXIS2_PLACEMENT_3D ( 'NONE', #1141, #1182, #4394 ) ;
#2001 =( NAMED_UNIT ( * ) PLANE_ANGLE_UNIT ( ) SI_UNIT ( $, .RADIAN. ) );
#2002 = CARTESIAN_POINT ( 'NONE',  ( 0.5303869885571698140, 1.291708791698090275, 4.800000000001601208 ) ) ;
#2003 = COLOUR_RGB ( '',0.4392156862745097978, 0.4392156862745097978, 0.4392156862745097978 ) ;
#2004 =( LENGTH_UNIT ( ) NAMED_UNIT ( * ) SI_UNIT ( .MILLI., .METRE. ) );
#2005 = VECTOR ( 'NONE', #613, 999.9999999999998863 ) ;
#2006 = SURFACE_STYLE_FILL_AREA ( #3786 ) ;
#2007 = PRESENTATION_STYLE_ASSIGNMENT (( #1710 ) ) ;
#2008 = EDGE_LOOP ( 'NONE', ( #28, #994, #3536, #3139 ) ) ;
#2009 = VERTEX_POINT ( 'NONE', #2664 ) ;
#2010 = MECHANICAL_DESIGN_GEOMETRIC_PRESENTATION_REPRESENTATION (  '', ( #4122 ), #4273 ) ;
#2011 = DIRECTION ( 'NONE',  ( 0.000000000000000000, 1.000000000000000000, 0.000000000000000000 ) ) ;
#2012 = ORIENTED_EDGE ( 'NONE', *, *, #3784, .T. ) ;
#2013 = SURFACE_STYLE_FILL_AREA ( #953 ) ;
#2014 = MECHANICAL_DESIGN_GEOMETRIC_PRESENTATION_REPRESENTATION (  '', ( #3367 ), #2382 ) ;
#2015 = VECTOR ( 'NONE', #1390, 1000.000000000000000 ) ;
#2016 = LINE ( 'NONE', #3450, #890 ) ;
#2017 = FILL_AREA_STYLE_COLOUR ( '', #564 ) ;
#2018 = DIRECTION ( 'NONE',  ( 1.804757342600190413E-16, 0.000000000000000000, 1.000000000000000000 ) ) ;
#2019 =( NAMED_UNIT ( * ) SI_UNIT ( $, .STERADIAN. ) SOLID_ANGLE_UNIT ( ) );
#2020 = CARTESIAN_POINT ( 'NONE',  ( 0.5303869885571697029, -1.008291208301909769, 4.500000000001601386 ) ) ;
#2021 = AXIS2_PLACEMENT_3D ( 'NONE', #2330, #1587, #4133 ) ;
#2022 = DIRECTION ( 'NONE',  ( -1.376933246922772114E-16, 1.000000000000000000, 0.000000000000000000 ) ) ;
#2023 = FILL_AREA_STYLE_COLOUR ( '', #2468 ) ;
#2024 = DIRECTION ( 'NONE',  ( 0.7071067811865479058, 0.7071067811865472397, 0.000000000000000000 ) ) ;
#2025 = CARTESIAN_POINT ( 'NONE',  ( 0.5303869885571695919, 1.841708791698089875, 3.450000000001601119 ) ) ;
#2026 = CARTESIAN_POINT ( 'NONE',  ( 0.5303869885571695919, -1.008291208301909769, 4.800000000001600320 ) ) ;
#2027 = ORIENTED_EDGE ( 'NONE', *, *, #3788, .F. ) ;
#2028 = ORIENTED_EDGE ( 'NONE', *, *, #3971, .T. ) ;
#2029 = FACE_OUTER_BOUND ( 'NONE', #3986, .T. ) ;
#2030 = LINE ( 'NONE', #232, #1542 ) ;
#2031 = VECTOR ( 'NONE', #4322, 1000.000000000000000 ) ;
#2032 = ORIENTED_EDGE ( 'NONE', *, *, #1414, .F. ) ;
#2033 = DIRECTION ( 'NONE',  ( -1.000000000000000000, 0.000000000000000000, 0.000000000000000000 ) ) ;
#2034 = DIRECTION ( 'NONE',  ( 0.000000000000000000, -1.000000000000000000, 0.000000000000000000 ) ) ;
#2035 = DIRECTION ( 'NONE',  ( 0.000000000000000000, -1.000000000000000000, 0.000000000000000000 ) ) ;
#2036 =( NAMED_UNIT ( * ) SI_UNIT ( $, .STERADIAN. ) SOLID_ANGLE_UNIT ( ) );
#2037 =( NAMED_UNIT ( * ) PLANE_ANGLE_UNIT ( ) SI_UNIT ( $, .RADIAN. ) );
#2038 = ORIENTED_EDGE ( 'NONE', *, *, #3026, .T. ) ;
#2039 =( LENGTH_UNIT ( ) NAMED_UNIT ( * ) SI_UNIT ( .MILLI., .METRE. ) );
#2040 = STYLED_ITEM ( 'NONE', ( #810 ), #2961 ) ;
#2041 = FILL_AREA_STYLE_COLOUR ( '', #762 ) ;
#2042 = CARTESIAN_POINT ( 'NONE',  ( 0.5303869885571699250, 0.7917087916980901641, 4.800000000001601208 ) ) ;
#2043 = EDGE_CURVE ( 'NONE', #2268, #1968, #4108, .T. ) ;
#2044 = CIRCLE ( 'NONE', #4624, 0.09999999999999982514 ) ;
#2045 = LINE ( 'NONE', #595, #4146 ) ;
#2046 = SURFACE_STYLE_USAGE ( .BOTH. , #3879 ) ;
#2047 = CARTESIAN_POINT ( 'NONE',  ( -2.416507001187885972, 0.7917087916980900530, 4.600000000001601030 ) ) ;
#2048 = CARTESIAN_POINT ( 'NONE',  ( -2.322808654574525455, -0.5082912083019104355, 4.854022906029303641 ) ) ;
#2049 =( NAMED_UNIT ( * ) SI_UNIT ( $, .STERADIAN. ) SOLID_ANGLE_UNIT ( ) );
#2050 = STYLED_ITEM ( 'NONE', ( #3458 ), #1802 ) ;
#2051 = UNCERTAINTY_MEASURE_WITH_UNIT (LENGTH_MEASURE( 1.000000000000000082E-05 ), #883, 'distance_accuracy_value', 'NONE');
#2052 = EDGE_CURVE ( 'NONE', #3865, #2529, #3525, .T. ) ;
#2053 = VERTEX_POINT ( 'NONE', #60 ) ;
#2054 = ORIENTED_EDGE ( 'NONE', *, *, #3319, .F. ) ;
#2055 = DIRECTION ( 'NONE',  ( 6.377659838150027460E-17, 1.000000000000000000, 0.000000000000000000 ) ) ;
#2056 = COLOUR_RGB ( '',0.4392156862745097978, 0.4392156862745097978, 0.4392156862745097978 ) ;
#2057 = FILL_AREA_STYLE_COLOUR ( '', #3305 ) ;
#2058 = DIRECTION ( 'NONE',  ( -1.637951978259724831E-16, -1.000000000000000000, -1.665334536937734811E-16 ) ) ;
#2059 = UNCERTAINTY_MEASURE_WITH_UNIT (LENGTH_MEASURE( 1.000000000000000082E-05 ), #3798, 'distance_accuracy_value', 'NONE');
#2060 = VERTEX_POINT ( 'NONE', #43 ) ;
#2061 = LINE ( 'NONE', #4203, #3868 ) ;
#2062 = CYLINDRICAL_SURFACE ( 'NONE', #1007, 0.1000000000000000472 ) ;
#2063 = COLOUR_RGB ( '',0.4392156862745097978, 0.4392156862745097978, 0.4392156862745097978 ) ;
#2064 = CARTESIAN_POINT ( 'NONE',  ( 0.2303869885571690201, -1.308291208301910036, 3.900000000001600853 ) ) ;
#2065 = ORIENTED_EDGE ( 'NONE', *, *, #4157, .F. ) ;
#2066 = PRESENTATION_LAYER_ASSIGNMENT (  '', '', ( #3040 ) ) ;
#2067 = PRESENTATION_STYLE_ASSIGNMENT (( #2466 ) ) ;
#2068 = CARTESIAN_POINT ( 'NONE',  ( 1.162207251221640592, 1.291708791698090275, 5.125977093973898668 ) ) ;
#2069 = ORIENTED_EDGE ( 'NONE', *, *, #1130, .T. ) ;
#2070 =( NAMED_UNIT ( * ) SI_UNIT ( $, .STERADIAN. ) SOLID_ANGLE_UNIT ( ) );
#2071 = EDGE_CURVE ( 'NONE', #155, #3398, #1945, .T. ) ;
#2072 =( NAMED_UNIT ( * ) SI_UNIT ( $, .STERADIAN. ) SOLID_ANGLE_UNIT ( ) );
#2073 = AXIS2_PLACEMENT_3D ( 'NONE', #3639, #494, #1904 ) ;
#2074 = FACE_BOUND ( 'NONE', #2553, .T. ) ;
#2075 = VERTEX_POINT ( 'NONE', #2555 ) ;
#2076 = ORIENTED_EDGE ( 'NONE', *, *, #4298, .F. ) ;
#2077 =( NAMED_UNIT ( * ) SI_UNIT ( $, .STERADIAN. ) SOLID_ANGLE_UNIT ( ) );
#2078 = VECTOR ( 'NONE', #182, 1000.000000000000000 ) ;
#2079 = CARTESIAN_POINT ( 'NONE',  ( -1.919613011442830253, 1.338155401104816011, 3.450000000001601119 ) ) ;
#2080 =( NAMED_UNIT ( * ) SI_UNIT ( $, .STERADIAN. ) SOLID_ANGLE_UNIT ( ) );
#2081 = EDGE_CURVE ( 'NONE', #1740, #1842, #1733, .T. ) ;
#2082 = COLOUR_RGB ( '',0.5372549019607842924, 0.3490196078431372362, 0.3372549019607843368 ) ;
#2083 =( NAMED_UNIT ( * ) SI_UNIT ( $, .STERADIAN. ) SOLID_ANGLE_UNIT ( ) );
#2084 = LINE ( 'NONE', #4185, #1261 ) ;
#2085 = AXIS2_PLACEMENT_3D ( 'NONE', #4057, #1158, #188 ) ;
#2086 = CARTESIAN_POINT ( 'NONE',  ( 0.9900599135456413791, 0.7917087916980902751, 5.445977093973898064 ) ) ;
#2087 = AXIS2_PLACEMENT_3D ( 'NONE', #3400, #900, #2314 ) ;
#2088 = DIRECTION ( 'NONE',  ( -1.571307496355803202E-16, 1.000000000000000000, 0.000000000000000000 ) ) ;
#2089 = PRESENTATION_LAYER_ASSIGNMENT (  '', '', ( #1877 ) ) ;
#2090 = ORIENTED_EDGE ( 'NONE', *, *, #2957, .F. ) ;
#2091 =( NAMED_UNIT ( * ) SI_UNIT ( $, .STERADIAN. ) SOLID_ANGLE_UNIT ( ) );
#2092 = FILL_AREA_STYLE_COLOUR ( '', #1275 ) ;
#2093 = AXIS2_PLACEMENT_3D ( 'NONE', #2822, #1452, #2869 ) ;
#2094 = LINE ( 'NONE', #2115, #216 ) ;
#2095 = CYLINDRICAL_SURFACE ( 'NONE', #3392, 0.09999999999999982514 ) ;
#2096 = CARTESIAN_POINT ( 'NONE',  ( -2.505310755781160470, 0.7917087916980900530, 4.554022906029303819 ) ) ;
#2097 = ORIENTED_EDGE ( 'NONE', *, *, #4157, .T. ) ;
#2098 = CARTESIAN_POINT ( 'NONE',  ( 0.5303869885571697029, -1.558291208301909814, 3.420710678120255643 ) ) ;
#2099 = DIRECTION ( 'NONE',  ( 0.000000000000000000, -1.000000000000000000, 0.000000000000000000 ) ) ;
#2100 = DIRECTION ( 'NONE',  ( 1.000000000000000000, -8.628166150854818811E-32, 1.736319334706108787E-16 ) ) ;
#2101 = SURFACE_STYLE_USAGE ( .BOTH. , #1087 ) ;
#2102 = ADVANCED_FACE ( 'NONE', ( #4004 ), #1148, .F. ) ;
#2103 =( NAMED_UNIT ( * ) SI_UNIT ( $, .STERADIAN. ) SOLID_ANGLE_UNIT ( ) );
#2104 = VERTEX_POINT ( 'NONE', #2863 ) ;
#2105 = VERTEX_POINT ( 'NONE', #4333 ) ;
#2106 = EDGE_CURVE ( 'NONE', #1690, #1157, #3289, .T. ) ;
#2107 = CYLINDRICAL_SURFACE ( 'NONE', #2551, 0.09999999999999982514 ) ;
#2108 = EDGE_CURVE ( 'NONE', #41, #4049, #2921, .T. ) ;
#2109 = SURFACE_SIDE_STYLE ('',( #3866 ) ) ;
#2110 = SURFACE_SIDE_STYLE ('',( #1097 ) ) ;
#2111 =( GEOMETRIC_REPRESENTATION_CONTEXT ( 3 ) GLOBAL_UNCERTAINTY_ASSIGNED_CONTEXT ( ( #3089 ) ) GLOBAL_UNIT_ASSIGNED_CONTEXT ( ( #2421, #3506, #1388 ) ) REPRESENTATION_CONTEXT ( 'NONE', 'WORKASPACE' ) );
#2112 = DIRECTION ( 'NONE',  ( 1.000000000000000000, -0.000000000000000000, 0.000000000000000000 ) ) ;
#2113 = ORIENTED_EDGE ( 'NONE', *, *, #4017, .F. ) ;
#2114 = VECTOR ( 'NONE', #3725, 1000.000000000000000 ) ;
#2115 = CARTESIAN_POINT ( 'NONE',  ( -2.719613011442830519, 0.7917087916980900530, 5.500000000001600498 ) ) ;
#2116 = SURFACE_STYLE_FILL_AREA ( #3481 ) ;
#2117 = LINE ( 'NONE', #2142, #4468 ) ;
#2118 = ORIENTED_EDGE ( 'NONE', *, *, #1258, .F. ) ;
#2119 = CARTESIAN_POINT ( 'NONE',  ( -2.336514574684991352, 1.291708791698090053, 4.880495591899754793 ) ) ;
#2120 = MECHANICAL_DESIGN_GEOMETRIC_PRESENTATION_REPRESENTATION (  '', ( #2497 ), #496 ) ;
#2121 = DIRECTION ( 'NONE',  ( 8.474091755303839943E-32, 1.000000000000000000, 0.000000000000000000 ) ) ;
#2122 = CARTESIAN_POINT ( 'NONE',  ( -2.629285936431301707, -1.008291208301910435, 5.445977093973897176 ) ) ;
#2123 = AXIS2_PLACEMENT_3D ( 'NONE', #1720, #3568, #2157 ) ;
#2124 = CARTESIAN_POINT ( 'NONE',  ( -1.869613011442830430, 1.317444722986160999, 3.900000000001600853 ) ) ;
#2125 =( BOUNDED_CURVE ( )  B_SPLINE_CURVE ( 3, ( #2522, #429, #3977, #1828 ),
 .UNSPECIFIED., .F., .F. ) 
 B_SPLINE_CURVE_WITH_KNOTS ( ( 4, 4 ),
 ( 1.570796326794896558, 3.141592653589793116 ),
 .UNSPECIFIED. ) 
 CURVE ( )  GEOMETRIC_REPRESENTATION_ITEM ( )  RATIONAL_B_SPLINE_CURVE ( ( 1.000000000000000000, 0.8047378541243649375, 0.8047378541243649375, 1.000000000000000000 ) ) 
 REPRESENTATION_ITEM ( '' )  );
#2126 =( NAMED_UNIT ( * ) SI_UNIT ( $, .STERADIAN. ) SOLID_ANGLE_UNIT ( ) );
#2127 = VERTEX_POINT ( 'NONE', #4310 ) ;
#2128 = COLOUR_RGB ( '',0.4392156862745097978, 0.4392156862745097978, 0.4392156862745097978 ) ;
#2129 = FILL_AREA_STYLE_COLOUR ( '', #172 ) ;
#2130 = FACE_OUTER_BOUND ( 'NONE', #1666, .T. ) ;
#2131 = ORIENTED_EDGE ( 'NONE', *, *, #2901, .T. ) ;
#2132 = ADVANCED_FACE ( 'NONE', ( #416 ), #819, .F. ) ;
#2133 = PRESENTATION_STYLE_ASSIGNMENT (( #1400 ) ) ;
#2134 = COLOUR_RGB ( '',0.5372549019607842924, 0.3490196078431372362, 0.3372549019607843368 ) ;
#2135 = ADVANCED_FACE ( 'NONE', ( #1553 ), #2358, .F. ) ;
#2136 = CARTESIAN_POINT ( 'NONE',  ( -1.919613011442830253, 1.338155401104816011, 3.450000000001601119 ) ) ;
#2137 = PLANE ( 'NONE',  #694 ) ;
#2138 = VERTEX_POINT ( 'NONE', #558 ) ;
#2139 = DIRECTION ( 'NONE',  ( 6.377659838150027460E-17, 1.000000000000000000, -0.000000000000000000 ) ) ;
#2140 = EDGE_CURVE ( 'NONE', #3898, #2268, #3446, .T. ) ;
#2141 = STYLED_ITEM ( 'NONE', ( #3259 ), #1181 ) ;
#2142 = CARTESIAN_POINT ( 'NONE',  ( -0.8196130114428304969, 1.641708791698089920, 3.400000000001600853 ) ) ;
#2143 = EDGE_CURVE ( 'NONE', #3330, #4007, #490, .T. ) ;
#2144 = ORIENTED_EDGE ( 'NONE', *, *, #1709, .F. ) ;
#2145 = PLANE ( 'NONE',  #4497 ) ;
#2146 =( NAMED_UNIT ( * ) SI_UNIT ( $, .STERADIAN. ) SOLID_ANGLE_UNIT ( ) );
#2147 = ADVANCED_FACE ( 'NONE', ( #231 ), #923, .F. ) ;
#2148 = MECHANICAL_DESIGN_GEOMETRIC_PRESENTATION_REPRESENTATION (  '', ( #1694 ), #222 ) ;
#2149 = DIRECTION ( 'NONE',  ( 1.376933246922772114E-16, -1.000000000000000000, -0.000000000000000000 ) ) ;
#2150 = LINE ( 'NONE', #4036, #2843 ) ;
#2151 = UNCERTAINTY_MEASURE_WITH_UNIT (LENGTH_MEASURE( 1.000000000000000082E-05 ), #2270, 'distance_accuracy_value', 'NONE');
#2152 = ORIENTED_EDGE ( 'NONE', *, *, #1185, .F. ) ;
#2153 = EDGE_LOOP ( 'NONE', ( #3395, #2695, #2929, #4222 ) ) ;
#2154 = STYLED_ITEM ( 'NONE', ( #912 ), #835 ) ;
#2155 = UNCERTAINTY_MEASURE_WITH_UNIT (LENGTH_MEASURE( 1.000000000000000082E-05 ), #354, 'distance_accuracy_value', 'NONE');
#2156 = ORIENTED_EDGE ( 'NONE', *, *, #3767, .F. ) ;
#2157 = DIRECTION ( 'NONE',  ( 0.000000000000000000, -0.000000000000000000, -1.000000000000000000 ) ) ;
#2158 = VECTOR ( 'NONE', #2717, 1000.000000000000000 ) ;
#2159 = AXIS2_PLACEMENT_3D ( 'NONE', #3827, #3455, #640 ) ;
#2160 = SURFACE_STYLE_USAGE ( .BOTH. , #2793 ) ;
#2161 = EDGE_CURVE ( 'NONE', #282, #1467, #3794, .T. ) ;
#2162 = DIRECTION ( 'NONE',  ( 1.000000000000000000, 0.000000000000000000, 0.000000000000000000 ) ) ;
#2163 = ORIENTED_EDGE ( 'NONE', *, *, #4467, .T. ) ;
#2164 = SURFACE_STYLE_USAGE ( .BOTH. , #4289 ) ;
#2165 = STYLED_ITEM ( 'NONE', ( #3698 ), #4281 ) ;
#2166 = CYLINDRICAL_SURFACE ( 'NONE', #906, 0.1000000000000000472 ) ;
#2167 = SURFACE_STYLE_FILL_AREA ( #3081 ) ;
#2168 = FILL_AREA_STYLE ('',( #859 ) ) ;
#2169 = VERTEX_POINT ( 'NONE', #207 ) ;
#2170 = DIRECTION ( 'NONE',  ( -1.000000000000000000, 0.000000000000000000, 0.000000000000000000 ) ) ;
#2171 = LINE ( 'NONE', #3602, #3246 ) ;
#2172 = VECTOR ( 'NONE', #1069, 1000.000000000000000 ) ;
#2173 = SURFACE_SIDE_STYLE ('',( #3705 ) ) ;
#2174 = AXIS2_PLACEMENT_3D ( 'NONE', #1985, #3422, #158 ) ;
#2175 = SURFACE_STYLE_USAGE ( .BOTH. , #767 ) ;
#2176 = ORIENTED_EDGE ( 'NONE', *, *, #2618, .T. ) ;
#2177 = EDGE_LOOP ( 'NONE', ( #3297, #4397, #1921, #2480 ) ) ;
#2178 = COLOUR_RGB ( '',0.5372549019607842924, 0.3490196078431372362, 0.3372549019607843368 ) ;
#2179 = DIRECTION ( 'NONE',  ( -8.474091755303839943E-32, -1.000000000000000000, 0.000000000000000000 ) ) ;
#2180 = ORIENTED_EDGE ( 'NONE', *, *, #3598, .T. ) ;
#2181 = DIRECTION ( 'NONE',  ( -1.000000000000000000, 1.114032275271057355E-16, 0.000000000000000000 ) ) ;
#2182 = CARTESIAN_POINT ( 'NONE',  ( -2.169613011442830697, -1.558291208301909814, 5.380000000001600391 ) ) ;
#2183 =( NAMED_UNIT ( * ) PLANE_ANGLE_UNIT ( ) SI_UNIT ( $, .RADIAN. ) );
#2184 = SURFACE_STYLE_FILL_AREA ( #1403 ) ;
#2185 = VERTEX_POINT ( 'NONE', #2337 ) ;
#2186 = SURFACE_SIDE_STYLE ('',( #2559 ) ) ;
#2187 =( NAMED_UNIT ( * ) SI_UNIT ( $, .STERADIAN. ) SOLID_ANGLE_UNIT ( ) );
#2188 = CARTESIAN_POINT ( 'NONE',  ( -2.505310755781160026, -1.008291208301910435, 4.554022906029303819 ) ) ;
#2189 = MECHANICAL_DESIGN_GEOMETRIC_PRESENTATION_REPRESENTATION (  '', ( #103 ), #3855 ) ;
#2190 = ORIENTED_EDGE ( 'NONE', *, *, #2569, .F. ) ;
#2191 = UNCERTAINTY_MEASURE_WITH_UNIT (LENGTH_MEASURE( 1.000000000000000082E-05 ), #1955, 'distance_accuracy_value', 'NONE');
#2192 = DIRECTION ( 'NONE',  ( -0.000000000000000000, -0.000000000000000000, -1.000000000000000000 ) ) ;
#2193 = EDGE_CURVE ( 'NONE', #3330, #4092, #3041, .T. ) ;
#2194 = LINE ( 'NONE', #1846, #744 ) ;
#2195 = FILL_AREA_STYLE ('',( #4344 ) ) ;
#2196 = PRESENTATION_STYLE_ASSIGNMENT (( #3630 ) ) ;
#2197 = UNCERTAINTY_MEASURE_WITH_UNIT (LENGTH_MEASURE( 1.000000000000000082E-05 ), #293, 'distance_accuracy_value', 'NONE');
#2198 = PRESENTATION_LAYER_ASSIGNMENT (  '', '', ( #1391 ) ) ;
#2199 = CARTESIAN_POINT ( 'NONE',  ( -2.505310755781160470, 1.291708791698090053, 4.554022906029303819 ) ) ;
#2200 = MECHANICAL_DESIGN_GEOMETRIC_PRESENTATION_REPRESENTATION (  '', ( #268 ), #1094 ) ;
#2201 = EDGE_CURVE ( 'NONE', #4238, #2986, #3911, .T. ) ;
#2202 = ORIENTED_EDGE ( 'NONE', *, *, #3631, .F. ) ;
#2203 = DIRECTION ( 'NONE',  ( -8.474091755303839943E-32, -1.000000000000000000, 0.000000000000000000 ) ) ;
#2204 = MECHANICAL_DESIGN_GEOMETRIC_PRESENTATION_REPRESENTATION (  '', ( #3759 ), #277 ) ;
#2205 = CARTESIAN_POINT ( 'NONE',  ( -3.169613011442830253, -0.5082912083019104355, 5.180000000001601101 ) ) ;
#2206 = ORIENTED_EDGE ( 'NONE', *, *, #57, .F. ) ;
#2207 =( NAMED_UNIT ( * ) SI_UNIT ( $, .STERADIAN. ) SOLID_ANGLE_UNIT ( ) );
#2208 = DIRECTION ( 'NONE',  ( -0.000000000000000000, -0.000000000000000000, -1.000000000000000000 ) ) ;
#2209 = ORIENTED_EDGE ( 'NONE', *, *, #1033, .T. ) ;
#2210 =( NAMED_UNIT ( * ) SI_UNIT ( $, .STERADIAN. ) SOLID_ANGLE_UNIT ( ) );
#2211 = DIRECTION ( 'NONE',  ( -1.000000000000000000, 0.000000000000000000, 0.000000000000000000 ) ) ;
#2212 = MECHANICAL_DESIGN_GEOMETRIC_PRESENTATION_REPRESENTATION (  '', ( #1851 ), #2439 ) ;
#2213 = STYLED_ITEM ( 'NONE', ( #1217 ), #2586 ) ;
#2214 = CARTESIAN_POINT ( 'NONE',  ( -1.666059620849556389, 1.591708791698089875, 3.420710678120255643 ) ) ;
#2215 = ORIENTED_EDGE ( 'NONE', *, *, #790, .T. ) ;
#2216 =( NAMED_UNIT ( * ) SI_UNIT ( $, .STERADIAN. ) SOLID_ANGLE_UNIT ( ) );
#2217 = PRESENTATION_LAYER_ASSIGNMENT (  '', '', ( #3284 ) ) ;
#2218 = CARTESIAN_POINT ( 'NONE',  ( 0.1303869885571692089, 0.1417087916980891149, 3.750000000001600942 ) ) ;
#2219 = VECTOR ( 'NONE', #2324, 999.9999999999998863 ) ;
#2220 = CARTESIAN_POINT ( 'NONE',  ( 0.5947788770955901860, -1.008291208301909991, 4.900000000001601741 ) ) ;
#2221 = EDGE_CURVE ( 'NONE', #2834, #3196, #3168, .T. ) ;
#2222 = PRESENTATION_LAYER_ASSIGNMENT (  '', '', ( #3823 ) ) ;
#2223 = PLANE ( 'NONE',  #4345 ) ;
#2224 = ORIENTED_EDGE ( 'NONE', *, *, #2687, .F. ) ;
#2225 = LINE ( 'NONE', #1126, #817 ) ;
#2226 = FILL_AREA_STYLE_COLOUR ( '', #2839 ) ;
#2227 = CARTESIAN_POINT ( 'NONE',  ( -2.169613011442830697, -1.008291208301910435, 4.682150905820581244 ) ) ;
#2228 = VECTOR ( 'NONE', #4549, 1000.000000000000000 ) ;
#2229 = ORIENTED_EDGE ( 'NONE', *, *, #4102, .T. ) ;
#2230 = DIRECTION ( 'NONE',  ( -8.474091755303839943E-32, -1.000000000000000000, -0.000000000000000000 ) ) ;
#2231 = UNCERTAINTY_MEASURE_WITH_UNIT (LENGTH_MEASURE( 1.000000000000000082E-05 ), #1191, 'distance_accuracy_value', 'NONE');
#2232 = SURFACE_SIDE_STYLE ('',( #4366 ) ) ;
#2233 = PLANE ( 'NONE',  #1879 ) ;
#2234 = MECHANICAL_DESIGN_GEOMETRIC_PRESENTATION_REPRESENTATION (  '', ( #3823 ), #2968 ) ;
#2235 = FILL_AREA_STYLE_COLOUR ( '', #1599 ) ;
#2236 = UNCERTAINTY_MEASURE_WITH_UNIT (LENGTH_MEASURE( 1.000000000000000082E-05 ), #106, 'distance_accuracy_value', 'NONE');
#2237 =( GEOMETRIC_REPRESENTATION_CONTEXT ( 3 ) GLOBAL_UNCERTAINTY_ASSIGNED_CONTEXT ( ( #992 ) ) GLOBAL_UNIT_ASSIGNED_CONTEXT ( ( #3834, #1247, #4534 ) ) REPRESENTATION_CONTEXT ( 'NONE', 'WORKASPACE' ) );
#2238 = LINE ( 'NONE', #772, #1927 ) ;
#2239 = ADVANCED_FACE ( 'NONE', ( #2029 ), #3471, .T. ) ;
#2240 = AXIS2_PLACEMENT_3D ( 'NONE', #2588, #482, #504 ) ;
#2241 = DIRECTION ( 'NONE',  ( -1.804757342600190166E-16, 1.529367931725233976E-47, -1.000000000000000000 ) ) ;
#2242 = ORIENTED_EDGE ( 'NONE', *, *, #3078, .T. ) ;
#2243 = UNCERTAINTY_MEASURE_WITH_UNIT (LENGTH_MEASURE( 1.000000000000000082E-05 ), #272, 'distance_accuracy_value', 'NONE');
#2244 = ORIENTED_EDGE ( 'NONE', *, *, #2676, .F. ) ;
#2245 = VECTOR ( 'NONE', #1073, 1000.000000000000000 ) ;
#2246 = DIRECTION ( 'NONE',  ( 0.000000000000000000, -1.000000000000000000, 0.000000000000000000 ) ) ;
#2247 = ADVANCED_FACE ( 'NONE', ( #1020 ), #2107, .F. ) ;
#2248 =( NAMED_UNIT ( * ) SI_UNIT ( $, .STERADIAN. ) SOLID_ANGLE_UNIT ( ) );
#2249 =( NAMED_UNIT ( * ) SI_UNIT ( $, .STERADIAN. ) SOLID_ANGLE_UNIT ( ) );
#2250 = ORIENTED_EDGE ( 'NONE', *, *, #1661, .F. ) ;
#2251 = PLANE ( 'NONE',  #2073 ) ;
#2252 = LINE ( 'NONE', #3621, #543 ) ;
#2253 = ORIENTED_EDGE ( 'NONE', *, *, #920, .F. ) ;
#2254 = LINE ( 'NONE', #522, #3935 ) ;
#2255 = FILL_AREA_STYLE ('',( #2631 ) ) ;
#2256 = EDGE_CURVE ( 'NONE', #1131, #1842, #1763, .T. ) ;
#2257 = LINE ( 'NONE', #2875, #1696 ) ;
#2258 = PRESENTATION_LAYER_ASSIGNMENT (  '', '', ( #1456 ) ) ;
#2259 = CARTESIAN_POINT ( 'NONE',  ( 1.080386988557169747, -0.5082912083019098803, 4.800000000001601208 ) ) ;
#2260 = COLOUR_RGB ( '',0.5372549019607842924, 0.3490196078431372362, 0.3372549019607843368 ) ;
#2261 = FILL_AREA_STYLE_COLOUR ( '', #3613 ) ;
#2262 =( NAMED_UNIT ( * ) PLANE_ANGLE_UNIT ( ) SI_UNIT ( $, .RADIAN. ) );
#2263 = LINE ( 'NONE', #3709, #2828 ) ;
#2264 = PRESENTATION_LAYER_ASSIGNMENT (  '', '', ( #3858 ) ) ;
#2265 = PLANE ( 'NONE',  #138 ) ;
#2266 = ORIENTED_EDGE ( 'NONE', *, *, #1866, .T. ) ;
#2267 = COLOUR_RGB ( '',0.5372549019607842924, 0.3490196078431372362, 0.3372549019607843368 ) ;
#2268 = VERTEX_POINT ( 'NONE', #3113 ) ;
#2269 = FACE_OUTER_BOUND ( 'NONE', #1576, .T. ) ;
#2270 =( LENGTH_UNIT ( ) NAMED_UNIT ( * ) SI_UNIT ( .MILLI., .METRE. ) );
#2271 = AXIS2_PLACEMENT_3D ( 'NONE', #2899, #104, #4350 ) ;
#2272 = ADVANCED_FACE ( 'NONE', ( #1419 ), #2838, .F. ) ;
#2273 = CYLINDRICAL_SURFACE ( 'NONE', #4117, 0.1000000000000000472 ) ;
#2274 = VERTEX_POINT ( 'NONE', #101 ) ;
#2275 = FILL_AREA_STYLE ('',( #2537 ) ) ;
#2276 = LINE ( 'NONE', #1283, #4341 ) ;
#2277 = PRESENTATION_LAYER_ASSIGNMENT (  '', '', ( #3266 ) ) ;
#2278 = ORIENTED_EDGE ( 'NONE', *, *, #212, .F. ) ;
#2279 = LINE ( 'NONE', #499, #344 ) ;
#2280 = UNCERTAINTY_MEASURE_WITH_UNIT (LENGTH_MEASURE( 1.000000000000000082E-05 ), #977, 'distance_accuracy_value', 'NONE');
#2281 = MECHANICAL_DESIGN_GEOMETRIC_PRESENTATION_REPRESENTATION (  '', ( #947 ), #3558 ) ;
#2282 = EDGE_CURVE ( 'NONE', #3196, #3317, #4539, .T. ) ;
#2283 = CARTESIAN_POINT ( 'NONE',  ( 1.162207251221640592, 0.7917087916980902751, 5.125977093973898668 ) ) ;
#2284 = EDGE_CURVE ( 'NONE', #3268, #1970, #748, .T. ) ;
#2285 = FACE_OUTER_BOUND ( 'NONE', #3353, .T. ) ;
#2286 = PRESENTATION_LAYER_ASSIGNMENT (  '', '', ( #957 ) ) ;
#2287 = ORIENTED_EDGE ( 'NONE', *, *, #2590, .F. ) ;
#2288 = UNCERTAINTY_MEASURE_WITH_UNIT (LENGTH_MEASURE( 1.000000000000000082E-05 ), #4404, 'distance_accuracy_value', 'NONE');
#2289 = ORIENTED_EDGE ( 'NONE', *, *, #845, .T. ) ;
#2290 = SURFACE_SIDE_STYLE ('',( #3635 ) ) ;
#2291 = DIRECTION ( 'NONE',  ( -1.637951978259724831E-16, -1.000000000000000000, -1.665334536937734811E-16 ) ) ;
#2292 =( LENGTH_UNIT ( ) NAMED_UNIT ( * ) SI_UNIT ( .MILLI., .METRE. ) );
#2293 = CARTESIAN_POINT ( 'NONE',  ( 0.2803869885571691478, 0.07170879169809038500, 3.900000000001600853 ) ) ;
#2294 = EDGE_LOOP ( 'NONE', ( #555, #1822, #1835, #1061 ) ) ;
#2295 = SURFACE_SIDE_STYLE ('',( #1328 ) ) ;
#2296 = COLOUR_RGB ( '',0.5372549019607842924, 0.3490196078431372362, 0.3372549019607843368 ) ;
#2297 = ADVANCED_FACE ( 'NONE', ( #3217 ), #1442, .T. ) ;
#2298 =( BOUNDED_CURVE ( )  B_SPLINE_CURVE ( 3, ( #1627, #2326, #170, #1291 ),
 .UNSPECIFIED., .F., .F. ) 
 B_SPLINE_CURVE_WITH_KNOTS ( ( 4, 4 ),
 ( 0.000000000000000000, 1.570796326794896558 ),
 .UNSPECIFIED. ) 
 CURVE ( )  GEOMETRIC_REPRESENTATION_ITEM ( )  RATIONAL_B_SPLINE_CURVE ( ( 1.000000000000000000, 0.8047378541243649375, 0.8047378541243649375, 1.000000000000000000 ) ) 
 REPRESENTATION_ITEM ( '' )  );
#2299 = EDGE_LOOP ( 'NONE', ( #2190, #4464, #1070, #3926 ) ) ;
#2300 = CARTESIAN_POINT ( 'NONE',  ( -3.169613011442830697, 1.291708791698089831, 5.180000000001601101 ) ) ;
#2301 = SURFACE_SIDE_STYLE ('',( #4389 ) ) ;
#2302 = DIRECTION ( 'NONE',  ( 1.637951978259724831E-16, 1.000000000000000000, 1.665334536937734811E-16 ) ) ;
#2303 = CARTESIAN_POINT ( 'NONE',  ( -1.919613011442830253, -1.308291208301910036, 3.450000000001601119 ) ) ;
#2304 = VECTOR ( 'NONE', #4402, 1000.000000000000000 ) ;
#2305 = DIRECTION ( 'NONE',  ( 0.000000000000000000, 0.000000000000000000, 1.000000000000000000 ) ) ;
#2306 = LINE ( 'NONE', #4461, #3624 ) ;
#2307 = DIRECTION ( 'NONE',  ( 0.000000000000000000, 1.000000000000000000, 0.000000000000000000 ) ) ;
#2308 = FILL_AREA_STYLE ('',( #3689 ) ) ;
#2309 =( NAMED_UNIT ( * ) PLANE_ANGLE_UNIT ( ) SI_UNIT ( $, .RADIAN. ) );
#2310 = VERTEX_POINT ( 'NONE', #3633 ) ;
#2311 = VECTOR ( 'NONE', #2888, 1000.000000000000000 ) ;
#2312 = ORIENTED_EDGE ( 'NONE', *, *, #1721, .F. ) ;
#2313 = STYLED_ITEM ( 'NONE', ( #3261 ), #1764 ) ;
#2314 = DIRECTION ( 'NONE',  ( 1.000000000000000000, 1.942890293094023946E-16, -4.096188189618876484E-16 ) ) ;
#2315 =( NAMED_UNIT ( * ) PLANE_ANGLE_UNIT ( ) SI_UNIT ( $, .RADIAN. ) );
#2316 = DIRECTION ( 'NONE',  ( 8.628166150854817716E-32, 1.000000000000000000, -2.780668966773133237E-49 ) ) ;
#2317 = PRESENTATION_LAYER_ASSIGNMENT (  '', '', ( #3068 ) ) ;
#2318 = ORIENTED_EDGE ( 'NONE', *, *, #2617, .T. ) ;
#2319 = CARTESIAN_POINT ( 'NONE',  ( 0.2303869885571690201, 0.2117087916980894546, 3.900000000001600853 ) ) ;
#2320 =( LENGTH_UNIT ( ) NAMED_UNIT ( * ) SI_UNIT ( .MILLI., .METRE. ) );
#2321 = LINE ( 'NONE', #4166, #1706 ) ;
#2322 = PRESENTATION_LAYER_ASSIGNMENT (  '', '', ( #1884 ) ) ;
#2323 = ORIENTED_EDGE ( 'NONE', *, *, #4151, .T. ) ;
#2324 = DIRECTION ( 'NONE',  ( -0.7071067811865479058, -0.7071067811865472397, -0.000000000000000000 ) ) ;
#2325 = LINE ( 'NONE', #550, #3131 ) ;
#2326 = CARTESIAN_POINT ( 'NONE',  ( -1.869613011442830430, -1.258291208301910213, 3.691421356238910434 ) ) ;
#2327 = ADVANCED_FACE ( 'NONE', ( #2570 ), #39, .T. ) ;
#2328 = FILL_AREA_STYLE ('',( #4174 ) ) ;
#2329 = VECTOR ( 'NONE', #3391, 1000.000000000000000 ) ;
#2330 = CARTESIAN_POINT ( 'NONE',  ( -1.919613011442830253, -1.258291208301910213, 3.900000000001600853 ) ) ;
#2331 = EDGE_LOOP ( 'NONE', ( #998, #1238, #885, #4031 ) ) ;
#2332 = CARTESIAN_POINT ( 'NONE',  ( -2.719613011442830519, 1.291708791698090053, 5.180000000001601101 ) ) ;
#2333 = UNCERTAINTY_MEASURE_WITH_UNIT (LENGTH_MEASURE( 1.000000000000000082E-05 ), #1601, 'distance_accuracy_value', 'NONE');
#2334 = EDGE_CURVE ( 'NONE', #463, #2127, #1609, .T. ) ;
#2335 = ORIENTED_EDGE ( 'NONE', *, *, #1119, .F. ) ;
#2336 = FILL_AREA_STYLE ('',( #1942 ) ) ;
#2337 = CARTESIAN_POINT ( 'NONE',  ( -2.416507001187885972, 1.291708791698090053, 4.500000000001600498 ) ) ;
#2338 = EDGE_CURVE ( 'NONE', #1358, #3871, #226, .T. ) ;
#2339 = MECHANICAL_DESIGN_GEOMETRIC_PRESENTATION_REPRESENTATION (  '', ( #4008 ), #4384 ) ;
#2340 = ADVANCED_FACE ( 'NONE', ( #2285 ), #176, .T. ) ;
#2341 = ORIENTED_EDGE ( 'NONE', *, *, #3598, .F. ) ;
#2342 = CARTESIAN_POINT ( 'NONE',  ( 1.080386988557169747, -1.008291208301909991, 4.800000000001601208 ) ) ;
#2343 = PRESENTATION_LAYER_ASSIGNMENT (  '', '', ( #1834 ) ) ;
#2344 = DIRECTION ( 'NONE',  ( 1.000000000000000000, 1.376933246922771375E-16, -1.586747737394814777E-16 ) ) ;
#2345 = ORIENTED_EDGE ( 'NONE', *, *, #700, .T. ) ;
#2346 = SURFACE_SIDE_STYLE ('',( #1329 ) ) ;
#2347 = VECTOR ( 'NONE', #2431, 1000.000000000000000 ) ;
#2348 = CARTESIAN_POINT ( 'NONE',  ( 1.530386988557169703, -1.008291208301910213, 5.180000000001601990 ) ) ;
#2349 = SURFACE_STYLE_USAGE ( .BOTH. , #3126 ) ;
#2350 = CARTESIAN_POINT ( 'NONE',  ( 1.080386988557169969, -1.008291208301910213, 5.500000000001601386 ) ) ;
#2351 =( GEOMETRIC_REPRESENTATION_CONTEXT ( 3 ) GLOBAL_UNCERTAINTY_ASSIGNED_CONTEXT ( ( #1784 ) ) GLOBAL_UNIT_ASSIGNED_CONTEXT ( ( #3729, #4101, #915 ) ) REPRESENTATION_CONTEXT ( 'NONE', 'WORKASPACE' ) );
#2352 = FILL_AREA_STYLE_COLOUR ( '', #1170 ) ;
#2353 = MECHANICAL_DESIGN_GEOMETRIC_PRESENTATION_REPRESENTATION (  '', ( #3800 ), #510 ) ;
#2354 = SURFACE_SIDE_STYLE ('',( #1959 ) ) ;
#2355 = DIRECTION ( 'NONE',  ( -1.000000000000000000, 0.000000000000000000, 0.000000000000000000 ) ) ;
#2356 = VERTEX_POINT ( 'NONE', #1586 ) ;
#2357 = ORIENTED_EDGE ( 'NONE', *, *, #3975, .T. ) ;
#2358 = PLANE ( 'NONE',  #2174 ) ;
#2359 = ORIENTED_EDGE ( 'NONE', *, *, #57, .T. ) ;
#2360 = DIRECTION ( 'NONE',  ( 1.000000000000000000, 0.000000000000000000, 0.000000000000000000 ) ) ;
#2361 = CARTESIAN_POINT ( 'NONE',  ( 1.078863668138916099, 1.291708791698090275, 5.500000000001601386 ) ) ;
#2362 = CARTESIAN_POINT ( 'NONE',  ( -3.169613011442830697, 1.291708791698089831, 4.682150905820581244 ) ) ;
#2363 = CARTESIAN_POINT ( 'NONE',  ( -2.718089691024577093, 0.7917087916980900530, 5.400000000001600853 ) ) ;
#2364 = CARTESIAN_POINT ( 'NONE',  ( -1.869613011442830652, 0.02170879169809038917, 3.750000000001600942 ) ) ;
#2365 = STYLED_ITEM ( 'NONE', ( #638 ), #838 ) ;
#2366 = SURFACE_SIDE_STYLE ('',( #1314 ) ) ;
#2367 = COLOUR_RGB ( '',0.5372549019607842924, 0.3490196078431372362, 0.3372549019607843368 ) ;
#2368 = LINE ( 'NONE', #4553, #3820 ) ;
#2369 = COLOUR_RGB ( '',0.5372549019607842924, 0.3490196078431372362, 0.3372549019607843368 ) ;
#2370 =( LENGTH_UNIT ( ) NAMED_UNIT ( * ) SI_UNIT ( .MILLI., .METRE. ) );
#2371 =( NAMED_UNIT ( * ) PLANE_ANGLE_UNIT ( ) SI_UNIT ( $, .RADIAN. ) );
#2372 = UNCERTAINTY_MEASURE_WITH_UNIT (LENGTH_MEASURE( 1.000000000000000082E-05 ), #3804, 'distance_accuracy_value', 'NONE');
#2373 = ORIENTED_EDGE ( 'NONE', *, *, #1865, .F. ) ;
#2374 = VERTEX_POINT ( 'NONE', #3034 ) ;
#2375 = SURFACE_STYLE_FILL_AREA ( #727 ) ;
#2376 = DIRECTION ( 'NONE',  ( -1.000000000000000000, 0.000000000000000000, 0.000000000000000000 ) ) ;
#2377 = SURFACE_SIDE_STYLE ('',( #4594 ) ) ;
#2378 = ORIENTED_EDGE ( 'NONE', *, *, #4440, .T. ) ;
#2379 = DIRECTION ( 'NONE',  ( 2.840569171771057842E-17, 1.665334536937734811E-16, -1.000000000000000000 ) ) ;
#2380 = ADVANCED_FACE ( 'NONE', ( #126 ), #2265, .F. ) ;
#2381 = CARTESIAN_POINT ( 'NONE',  ( -2.890237028700575639, -0.5082912083019104355, 5.080000000001600569 ) ) ;
#2382 =( GEOMETRIC_REPRESENTATION_CONTEXT ( 3 ) GLOBAL_UNCERTAINTY_ASSIGNED_CONTEXT ( ( #3953 ) ) GLOBAL_UNIT_ASSIGNED_CONTEXT ( ( #2830, #742, #2072 ) ) REPRESENTATION_CONTEXT ( 'NONE', 'WORKASPACE' ) );
#2383 = AXIS2_PLACEMENT_3D ( 'NONE', #198, #1297, #4106 ) ;
#2384 = SURFACE_STYLE_FILL_AREA ( #278 ) ;
#2385 = FACE_OUTER_BOUND ( 'NONE', #1471, .T. ) ;
#2386 = LINE ( 'NONE', #2300, #1380 ) ;
#2387 = EDGE_LOOP ( 'NONE', ( #716, #2740, #1396, #2698 ) ) ;
#2388 = LINE ( 'NONE', #2362, #4183 ) ;
#2389 = FACE_OUTER_BOUND ( 'NONE', #3341, .T. ) ;
#2390 = CARTESIAN_POINT ( 'NONE',  ( 0.5303869885571695919, 1.841708791698089875, 5.380000000001600391 ) ) ;
#2391 = ORIENTED_EDGE ( 'NONE', *, *, #2687, .T. ) ;
#2392 = PRESENTATION_STYLE_ASSIGNMENT (( #1803 ) ) ;
#2393 = ADVANCED_FACE ( 'NONE', ( #1224 ), #2639, .F. ) ;
#2394 = CARTESIAN_POINT ( 'NONE',  ( -1.574638264612246763, 1.470998113579435440, 3.650000000001600853 ) ) ;
#2395 = DIRECTION ( 'NONE',  ( 0.8880375459327497500, -6.888904301284852856E-17, -0.4597709397229662320 ) ) ;
#2396 = FILL_AREA_STYLE ('',( #4218 ) ) ;
#2397 = FILL_AREA_STYLE_COLOUR ( '', #3726 ) ;
#2398 = LINE ( 'NONE', #3059, #3763 ) ;
#2399 = CYLINDRICAL_SURFACE ( 'NONE', #1091, 0.09999999999999982514 ) ;
#2400 = ORIENTED_EDGE ( 'NONE', *, *, #3310, .F. ) ;
#2401 = ORIENTED_EDGE ( 'NONE', *, *, #4452, .F. ) ;
#2402 = LINE ( 'NONE', #3141, #2347 ) ;
#2403 = PRESENTATION_LAYER_ASSIGNMENT (  '', '', ( #4216 ) ) ;
#2404 = SURFACE_SIDE_STYLE ('',( #4198 ) ) ;
#2405 = MECHANICAL_DESIGN_GEOMETRIC_PRESENTATION_REPRESENTATION (  '', ( #1456 ), #1084 ) ;
#2406 = COLOUR_RGB ( '',0.5372549019607842924, 0.3490196078431372362, 0.3372549019607843368 ) ;
#2407 = VERTEX_POINT ( 'NONE', #403 ) ;
#2408 = FILL_AREA_STYLE_COLOUR ( '', #3044 ) ;
#2409 =( NAMED_UNIT ( * ) SI_UNIT ( $, .STERADIAN. ) SOLID_ANGLE_UNIT ( ) );
#2410 = CARTESIAN_POINT ( 'NONE',  ( -2.119613011442830430, 0.1417087916980893370, 3.400000000001600853 ) ) ;
#2411 = DIRECTION ( 'NONE',  ( 0.7071067811865464625, -0.7071067811865486830, 0.000000000000000000 ) ) ;
#2412 = PRESENTATION_STYLE_ASSIGNMENT (( #3590 ) ) ;
#2413 = EDGE_CURVE ( 'NONE', #1761, #1257, #4219, .T. ) ;
#2414 = LINE ( 'NONE', #2064, #1199 ) ;
#2415 = ORIENTED_EDGE ( 'NONE', *, *, #1151, .T. ) ;
#2416 = PRESENTATION_STYLE_ASSIGNMENT (( #1058 ) ) ;
#2417 = CARTESIAN_POINT ( 'NONE',  ( -0.8196130114428307190, 0.3617087916980894491, 3.750000000001600942 ) ) ;
#2418 = DIRECTION ( 'NONE',  ( -1.376933246922772114E-16, 1.000000000000000000, 0.000000000000000000 ) ) ;
#2419 =( GEOMETRIC_REPRESENTATION_CONTEXT ( 3 ) GLOBAL_UNCERTAINTY_ASSIGNED_CONTEXT ( ( #2572 ) ) GLOBAL_UNIT_ASSIGNED_CONTEXT ( ( #816, #2530, #2216 ) ) REPRESENTATION_CONTEXT ( 'NONE', 'WORKASPACE' ) );
#2420 = ORIENTED_EDGE ( 'NONE', *, *, #1320, .F. ) ;
#2421 =( LENGTH_UNIT ( ) NAMED_UNIT ( * ) SI_UNIT ( .MILLI., .METRE. ) );
#2422 = CARTESIAN_POINT ( 'NONE',  ( 1.080386988557169747, 0.7917087916980902751, 4.800000000001601208 ) ) ;
#2423 = EDGE_CURVE ( 'NONE', #3398, #2798, #2870, .T. ) ;
#2424 = EDGE_CURVE ( 'NONE', #2185, #3419, #1736, .T. ) ;
#2425 = DIRECTION ( 'NONE',  ( 1.637951978259724831E-16, 1.000000000000000000, 1.665334536937734811E-16 ) ) ;
#2426 = VECTOR ( 'NONE', #2775, 1000.000000000000000 ) ;
#2427 = CARTESIAN_POINT ( 'NONE',  ( -2.416507001187885528, -0.5082912083019104355, 4.600000000001601030 ) ) ;
#2428 = UNCERTAINTY_MEASURE_WITH_UNIT (LENGTH_MEASURE( 1.000000000000000082E-05 ), #3649, 'distance_accuracy_value', 'NONE');
#2429 = VERTEX_POINT ( 'NONE', #2026 ) ;
#2430 = ORIENTED_EDGE ( 'NONE', *, *, #1598, .T. ) ;
#2431 = DIRECTION ( 'NONE',  ( 8.474091755303839943E-32, 1.000000000000000000, 0.000000000000000000 ) ) ;
#2432 = AXIS2_PLACEMENT_3D ( 'NONE', #3914, #16, #3474 ) ;
#2433 = SURFACE_STYLE_FILL_AREA ( #627 ) ;
#2434 = FACE_OUTER_BOUND ( 'NONE', #773, .T. ) ;
#2435 = CARTESIAN_POINT ( 'NONE',  ( 0.2803869885571688148, 0.07170879169809032949, 3.420710678120255643 ) ) ;
#2436 = CARTESIAN_POINT ( 'NONE',  ( 1.251011005814915533, 0.7917087916980902751, 5.080000000001601457 ) ) ;
#2437 = AXIS2_PLACEMENT_3D ( 'NONE', #1549, #4132, #511 ) ;
#2438 = DIRECTION ( 'NONE',  ( 0.4597709397229660100, 6.330738928734775571E-17, -0.8880375459327498611 ) ) ;
#2439 =( GEOMETRIC_REPRESENTATION_CONTEXT ( 3 ) GLOBAL_UNCERTAINTY_ASSIGNED_CONTEXT ( ( #4085 ) ) GLOBAL_UNIT_ASSIGNED_CONTEXT ( ( #1796, #4208, #4027 ) ) REPRESENTATION_CONTEXT ( 'NONE', 'WORKASPACE' ) );
#2440 =( NAMED_UNIT ( * ) PLANE_ANGLE_UNIT ( ) SI_UNIT ( $, .RADIAN. ) );
#2441 = ORIENTED_EDGE ( 'NONE', *, *, #1721, .T. ) ;
#2442 = PLANE ( 'NONE',  #223 ) ;
#2443 = CARTESIAN_POINT ( 'NONE',  ( -1.828191655205520627, 1.300287435460780960, 3.650000000001601297 ) ) ;
#2444 =( GEOMETRIC_REPRESENTATION_CONTEXT ( 3 ) GLOBAL_UNCERTAINTY_ASSIGNED_CONTEXT ( ( #1909 ) ) GLOBAL_UNIT_ASSIGNED_CONTEXT ( ( #2813, #2485, #1498 ) ) REPRESENTATION_CONTEXT ( 'NONE', 'WORKASPACE' ) );
#2445 = DIRECTION ( 'NONE',  ( 1.637951978259724831E-16, 1.000000000000000000, 1.665334536937734811E-16 ) ) ;
#2446 = EDGE_LOOP ( 'NONE', ( #1273, #3920, #3274, #452 ) ) ;
#2447 = CARTESIAN_POINT ( 'NONE',  ( -2.169613011442831141, 0.7917087916980901641, 4.682150905820581244 ) ) ;
#2448 = CYLINDRICAL_SURFACE ( 'NONE', #1341, 0.09999999999999982514 ) ;
#2449 = AXIS2_PLACEMENT_3D ( 'NONE', #1052, #4282, #2033 ) ;
#2450 = ADVANCED_FACE ( 'NONE', ( #4520 ), #1679, .T. ) ;
#2451 = DIRECTION ( 'NONE',  ( 1.942890293094024439E-16, -1.000000000000000000, -0.000000000000000000 ) ) ;
#2452 = PRESENTATION_LAYER_ASSIGNMENT (  '', '', ( #302 ) ) ;
#2453 = CARTESIAN_POINT ( 'NONE',  ( 0.1303869885571689868, 0.3617087916980894491, 3.650000000001600853 ) ) ;
#2454 = VECTOR ( 'NONE', #3680, 1000.000000000000000 ) ;
#2455 = DIRECTION ( 'NONE',  ( 1.942890293094024439E-16, -1.000000000000000000, 0.000000000000000000 ) ) ;
#2456 = ORIENTED_EDGE ( 'NONE', *, *, #4519, .F. ) ;
#2457 = ORIENTED_EDGE ( 'NONE', *, *, #3178, .T. ) ;
#2458 = VECTOR ( 'NONE', #4125, 1000.000000000000000 ) ;
#2459 = LINE ( 'NONE', #3119, #450 ) ;
#2460 = VECTOR ( 'NONE', #978, 1000.000000000000000 ) ;
#2461 = CARTESIAN_POINT ( 'NONE',  ( -2.336514574684991352, 1.291708791698090053, 4.880495591899754793 ) ) ;
#2462 =( GEOMETRIC_REPRESENTATION_CONTEXT ( 3 ) GLOBAL_UNCERTAINTY_ASSIGNED_CONTEXT ( ( #3138 ) ) GLOBAL_UNIT_ASSIGNED_CONTEXT ( ( #1584, #1957, #4488 ) ) REPRESENTATION_CONTEXT ( 'NONE', 'WORKASPACE' ) );
#2463 = ORIENTED_EDGE ( 'NONE', *, *, #2599, .F. ) ;
#2464 = FACE_OUTER_BOUND ( 'NONE', #3361, .T. ) ;
#2465 =( NAMED_UNIT ( * ) PLANE_ANGLE_UNIT ( ) SI_UNIT ( $, .RADIAN. ) );
#2466 = SURFACE_STYLE_USAGE ( .BOTH. , #3157 ) ;
#2467 = VERTEX_POINT ( 'NONE', #2048 ) ;
#2468 = COLOUR_RGB ( '',0.5372549019607842924, 0.3490196078431372362, 0.3372549019607843368 ) ;
#2469 = DIRECTION ( 'NONE',  ( 5.551115123125780237E-17, -0.000000000000000000, 1.000000000000000000 ) ) ;
#2470 = ORIENTED_EDGE ( 'NONE', *, *, #1284, .F. ) ;
#2471 = FILL_AREA_STYLE ('',( #2 ) ) ;
#2472 = UNCERTAINTY_MEASURE_WITH_UNIT (LENGTH_MEASURE( 1.000000000000000082E-05 ), #1514, 'distance_accuracy_value', 'NONE');
#2473 = CARTESIAN_POINT ( 'NONE',  ( -1.869613011442830430, 0.2617087916980894713, 3.900000000001600853 ) ) ;
#2474 = PRESENTATION_LAYER_ASSIGNMENT (  '', '', ( #706 ) ) ;
#2475 = DIRECTION ( 'NONE',  ( -6.377659838150026227E-17, -1.000000000000000000, 0.000000000000000000 ) ) ;
#2476 = AXIS2_PLACEMENT_3D ( 'NONE', #2552, #1509, #2179 ) ;
#2477 = LINE ( 'NONE', #3903, #904 ) ;
#2478 = ADVANCED_FACE ( 'NONE', ( #1337 ), #962, .T. ) ;
#2479 = EDGE_CURVE ( 'NONE', #2274, #463, #2084, .T. ) ;
#2480 = ORIENTED_EDGE ( 'NONE', *, *, #3581, .F. ) ;
#2481 = ORIENTED_EDGE ( 'NONE', *, *, #1241, .T. ) ;
#2482 = DIRECTION ( 'NONE',  ( 1.000000000000000000, -1.114032275271057355E-16, 0.000000000000000000 ) ) ;
#2483 = ADVANCED_FACE ( 'NONE', ( #4598 ), #3201, .T. ) ;
#2484 = EDGE_CURVE ( 'NONE', #486, #1480, #3122, .T. ) ;
#2485 =( NAMED_UNIT ( * ) PLANE_ANGLE_UNIT ( ) SI_UNIT ( $, .RADIAN. ) );
#2486 = EDGE_CURVE ( 'NONE', #3583, #1131, #4572, .T. ) ;
#2487 = AXIS2_PLACEMENT_3D ( 'NONE', #3102, #987, #1334 ) ;
#2488 =( NAMED_UNIT ( * ) SI_UNIT ( $, .STERADIAN. ) SOLID_ANGLE_UNIT ( ) );
#2489 = LINE ( 'NONE', #1376, #1873 ) ;
#2490 = EDGE_LOOP ( 'NONE', ( #4211, #2229, #3811, #881 ) ) ;
#2491 = CARTESIAN_POINT ( 'NONE',  ( 0.7772809783022245345, -0.5082912083019097693, 4.500000000001601386 ) ) ;
#2492 = DIRECTION ( 'NONE',  ( -1.000000000000000000, 8.628166150854818811E-32, 1.804757342600190413E-16 ) ) ;
#2493 = VECTOR ( 'NONE', #2438, 999.9999999999998863 ) ;
#2494 = FILL_AREA_STYLE_COLOUR ( '', #1912 ) ;
#2495 = DIRECTION ( 'NONE',  ( 1.376933246922772114E-16, -1.000000000000000000, -0.000000000000000000 ) ) ;
#2496 = ORIENTED_EDGE ( 'NONE', *, *, #1827, .F. ) ;
#2497 = STYLED_ITEM ( 'NONE', ( #2196 ), #2952 ) ;
#2498 = SURFACE_SIDE_STYLE ('',( #3258 ) ) ;
#2499 = DIRECTION ( 'NONE',  ( 0.000000000000000000, 1.000000000000000000, 0.000000000000000000 ) ) ;
#2500 = DIRECTION ( 'NONE',  ( 1.571307496355803202E-16, -1.000000000000000000, 0.000000000000000000 ) ) ;
#2501 =( LENGTH_UNIT ( ) NAMED_UNIT ( * ) SI_UNIT ( .MILLI., .METRE. ) );
#2502 = EDGE_LOOP ( 'NONE', ( #3069, #575, #2481, #411 ) ) ;
#2503 = EDGE_LOOP ( 'NONE', ( #3957, #2242, #3954, #4159 ) ) ;
#2504 = EDGE_CURVE ( 'NONE', #2529, #3498, #3938, .T. ) ;
#2505 = COLOUR_RGB ( '',0.5372549019607842924, 0.3490196078431372362, 0.3372549019607843368 ) ;
#2506 = SURFACE_STYLE_USAGE ( .BOTH. , #2109 ) ;
#2507 = ORIENTED_EDGE ( 'NONE', *, *, #1575, .F. ) ;
#2508 = FILL_AREA_STYLE ('',( #3915 ) ) ;
#2509 = MECHANICAL_DESIGN_GEOMETRIC_PRESENTATION_REPRESENTATION (  '', ( #1324 ), #1479 ) ;
#2510 = CLOSED_SHELL ( 'NONE', ( #1802, #2949, #4558, #1566, #2546, #500, #1515, #10, #702, #2961, #320, #143, #3606, #4281, #3826, #2836, #1181, #3571, #2879, #3610, #4300, #1764, #262, #1781, #5, #2772, #2586, #4601, #712, #2102, #1325, #2952, #2380, #503, #4450, #3013, #3405, #982, #3263, #2923, #2297, #585, #4506, #414, #1930, #2135, #2393, #1998, #461, #649, #1992, #838, #1092, #2914, #3452, #1984, #2478, #3324, #4503, #4094, #2327, #1475, #3053, #3421, #4150, #1768, #3523, #1933, #2450, #979, #2239, #1809, #301, #2483, #4270, #1462, #2887, #1338, #710, #520, #3116, #2132, #1485, #844, #4518, #667, #942, #608, #1938, #835, #2147, #3242, #3272, #2340, #4570, #708, #2272, #2757, #1906, #1917, #2928, #4328, #780, #2247 ) ) ;
#2511 = LINE ( 'NONE', #2461, #2493 ) ;
#2512 = PRESENTATION_STYLE_ASSIGNMENT (( #3544 ) ) ;
#2513 = ORIENTED_EDGE ( 'NONE', *, *, #2052, .T. ) ;
#2514 = DIRECTION ( 'NONE',  ( -1.376933246922772114E-16, 1.000000000000000000, 0.000000000000000000 ) ) ;
#2515 = CARTESIAN_POINT ( 'NONE',  ( 0.9900599135456411570, -1.008291208301910213, 5.445977093973898064 ) ) ;
#2516 = VECTOR ( 'NONE', #851, 1000.000000000000000 ) ;
#2517 = PLANE ( 'NONE',  #507 ) ;
#2518 = ORIENTED_EDGE ( 'NONE', *, *, #1618, .F. ) ;
#2519 = DIRECTION ( 'NONE',  ( -0.7071067811865486830, -0.7071067811865464625, -0.000000000000000000 ) ) ;
#2520 = CARTESIAN_POINT ( 'NONE',  ( -2.719613011442830075, -0.5082912083019104355, 4.800000000001600320 ) ) ;
#2521 = VECTOR ( 'NONE', #2792, 1000.000000000000000 ) ;
#2522 = CARTESIAN_POINT ( 'NONE',  ( 0.3303869885571688592, 0.1617087916980894657, 3.400000000001600853 ) ) ;
#2523 = DIRECTION ( 'NONE',  ( 1.000000000000000000, -1.637951978259724831E-16, 2.840569171771059074E-17 ) ) ;
#2524 = UNCERTAINTY_MEASURE_WITH_UNIT (LENGTH_MEASURE( 1.000000000000000082E-05 ), #3565, 'distance_accuracy_value', 'NONE');
#2525 = ORIENTED_EDGE ( 'NONE', *, *, #4452, .T. ) ;
#2526 = ORIENTED_EDGE ( 'NONE', *, *, #1292, .T. ) ;
#2527 =( NAMED_UNIT ( * ) PLANE_ANGLE_UNIT ( ) SI_UNIT ( $, .RADIAN. ) );
#2528 = STYLED_ITEM ( 'NONE', ( #3076 ), #780 ) ;
#2529 = VERTEX_POINT ( 'NONE', #975 ) ;
#2530 =( NAMED_UNIT ( * ) PLANE_ANGLE_UNIT ( ) SI_UNIT ( $, .RADIAN. ) );
#2531 = VECTOR ( 'NONE', #1594, 1000.000000000000000 ) ;
#2532 = DIRECTION ( 'NONE',  ( -1.000000000000000000, 0.000000000000000000, 0.000000000000000000 ) ) ;
#2533 = PRESENTATION_LAYER_ASSIGNMENT (  '', '', ( #1717 ) ) ;
#2534 = EDGE_CURVE ( 'NONE', #4049, #3239, #4231, .T. ) ;
#2535 = EDGE_LOOP ( 'NONE', ( #1450, #1096, #1343, #23 ) ) ;
#2536 = CARTESIAN_POINT ( 'NONE',  ( 1.078863668138916099, -0.5082912083019099914, 5.500000000001601386 ) ) ;
#2537 = FILL_AREA_STYLE_COLOUR ( '', #4581 ) ;
#2538 = LINE ( 'NONE', #497, #86 ) ;
#2539 = VECTOR ( 'NONE', #361, 1000.000000000000000 ) ;
#2540 = VERTEX_POINT ( 'NONE', #332 ) ;
#2541 = VECTOR ( 'NONE', #2100, 1000.000000000000000 ) ;
#2542 = CARTESIAN_POINT ( 'NONE',  ( 1.530386988557169925, -0.5082912083019099914, 4.682150905820582132 ) ) ;
#2543 = CARTESIAN_POINT ( 'NONE',  ( -2.169613011442830253, 1.441708791698089298, 3.450000000001601119 ) ) ;
#2544 = STYLED_ITEM ( 'NONE', ( #3334 ), #1485 ) ;
#2545 = CARTESIAN_POINT ( 'NONE',  ( 0.2803869885571689258, 1.591708791698089653, 3.450000000001601119 ) ) ;
#2546 = ADVANCED_FACE ( 'NONE', ( #2385 ), #827, .F. ) ;
#2547 = CARTESIAN_POINT ( 'NONE',  ( 1.078863668138916099, -1.008291208301910213, 5.400000000001601741 ) ) ;
#2548 = STYLED_ITEM ( 'NONE', ( #4069 ), #2135 ) ;
#2549 = ORIENTED_EDGE ( 'NONE', *, *, #14, .F. ) ;
#2550 = DIRECTION ( 'NONE',  ( -0.000000000000000000, -0.000000000000000000, -1.000000000000000000 ) ) ;
#2551 = AXIS2_PLACEMENT_3D ( 'NONE', #327, #3444, #996 ) ;
#2552 = CARTESIAN_POINT ( 'NONE',  ( -3.169613011442830253, -0.5082912083019104355, 4.682150905820581244 ) ) ;
#2553 = EDGE_LOOP ( 'NONE', ( #2975, #2579, #2357, #4288, #3545 ) ) ;
#2554 =( NAMED_UNIT ( * ) SI_UNIT ( $, .STERADIAN. ) SOLID_ANGLE_UNIT ( ) );
#2555 = CARTESIAN_POINT ( 'NONE',  ( 0.2303869885571690201, -1.258291208301910213, 3.900000000001600853 ) ) ;
#2556 = FILL_AREA_STYLE_COLOUR ( '', #934 ) ;
#2557 = CARTESIAN_POINT ( 'NONE',  ( -2.718089691024576648, -0.5082912083019104355, 5.400000000001600853 ) ) ;
#2558 = VERTEX_POINT ( 'NONE', #2584 ) ;
#2559 = SURFACE_STYLE_FILL_AREA ( #1154 ) ;
#2560 = DIRECTION ( 'NONE',  ( 1.000000000000000000, -1.637951978259724831E-16, 2.840569171771059074E-17 ) ) ;
#2561 = VERTEX_POINT ( 'NONE', #3646 ) ;
#2562 = CYLINDRICAL_SURFACE ( 'NONE', #3252, 0.09999999999999982514 ) ;
#2563 = AXIS2_PLACEMENT_3D ( 'NONE', #3543, #2864, #4205 ) ;
#2564 = CARTESIAN_POINT ( 'NONE',  ( 0.8660847328954995872, -0.5082912083019097693, 4.554022906029304707 ) ) ;
#2565 = PRESENTATION_LAYER_ASSIGNMENT (  '', '', ( #1966 ) ) ;
#2566 = CARTESIAN_POINT ( 'NONE',  ( 0.2303869885571692422, 0.02170879169809038917, 3.750000000001600942 ) ) ;
#2567 = CARTESIAN_POINT ( 'NONE',  ( -1.769613011442830341, 1.317444722986160999, 3.650000000001600853 ) ) ;
#2568 = UNCERTAINTY_MEASURE_WITH_UNIT (LENGTH_MEASURE( 1.000000000000000082E-05 ), #2663, 'distance_accuracy_value', 'NONE');
#2569 = EDGE_CURVE ( 'NONE', #2407, #1082, #1621, .T. ) ;
#2570 = FACE_OUTER_BOUND ( 'NONE', #377, .T. ) ;
#2571 =( GEOMETRIC_REPRESENTATION_CONTEXT ( 3 ) GLOBAL_UNCERTAINTY_ASSIGNED_CONTEXT ( ( #3148 ) ) GLOBAL_UNIT_ASSIGNED_CONTEXT ( ( #81, #3332, #1837 ) ) REPRESENTATION_CONTEXT ( 'NONE', 'WORKASPACE' ) );
#2572 = UNCERTAINTY_MEASURE_WITH_UNIT (LENGTH_MEASURE( 1.000000000000000082E-05 ), #816, 'distance_accuracy_value', 'NONE');
#2573 = ORIENTED_EDGE ( 'NONE', *, *, #4425, .T. ) ;
#2574 =( GEOMETRIC_REPRESENTATION_CONTEXT ( 3 ) GLOBAL_UNCERTAINTY_ASSIGNED_CONTEXT ( ( #2854 ) ) GLOBAL_UNIT_ASSIGNED_CONTEXT ( ( #2799, #738, #4579 ) ) REPRESENTATION_CONTEXT ( 'NONE', 'WORKASPACE' ) );
#2575 = SURFACE_STYLE_USAGE ( .BOTH. , #4023 ) ;
#2576 = CARTESIAN_POINT ( 'NONE',  ( 1.251011005814915311, -0.5082912083019099914, 5.080000000001601457 ) ) ;
#2577 = DIRECTION ( 'NONE',  ( 1.586747737394815023E-16, 2.184845714098404788E-32, 1.000000000000000000 ) ) ;
#2578 = STYLED_ITEM ( 'NONE', ( #2810 ), #1984 ) ;
#2579 = ORIENTED_EDGE ( 'NONE', *, *, #1853, .T. ) ;
#2580 = PRESENTATION_LAYER_ASSIGNMENT (  '', '', ( #1026 ) ) ;
#2581 = SURFACE_STYLE_FILL_AREA ( #2275 ) ;
#2582 = CARTESIAN_POINT ( 'NONE',  ( 1.080386988557169747, 1.291708791698090275, 5.180000000001601990 ) ) ;
#2583 = EDGE_LOOP ( 'NONE', ( #1788, #2032, #498, #2624 ) ) ;
#2584 = CARTESIAN_POINT ( 'NONE',  ( -2.718089691024576648, -1.008291208301910435, 5.500000000001600498 ) ) ;
#2585 =( NAMED_UNIT ( * ) SI_UNIT ( $, .STERADIAN. ) SOLID_ANGLE_UNIT ( ) );
#2586 = ADVANCED_FACE ( 'NONE', ( #117 ), #2562, .F. ) ;
#2587 = VECTOR ( 'NONE', #1147, 1000.000000000000000 ) ;
#2588 = CARTESIAN_POINT ( 'NONE',  ( 1.251011005814915533, 1.291708791698090275, 5.080000000001601457 ) ) ;
#2589 =( GEOMETRIC_REPRESENTATION_CONTEXT ( 3 ) GLOBAL_UNCERTAINTY_ASSIGNED_CONTEXT ( ( #2568 ) ) GLOBAL_UNIT_ASSIGNED_CONTEXT ( ( #2663, #1936, #836 ) ) REPRESENTATION_CONTEXT ( 'NONE', 'WORKASPACE' ) );
#2590 = EDGE_CURVE ( 'NONE', #3268, #4214, #3702, .T. ) ;
#2591 = FACE_OUTER_BOUND ( 'NONE', #837, .T. ) ;
#2592 = CARTESIAN_POINT ( 'NONE',  ( 0.2803869885571689258, -1.308291208301910036, 3.900000000001600853 ) ) ;
#2593 =( NAMED_UNIT ( * ) SI_UNIT ( $, .STERADIAN. ) SOLID_ANGLE_UNIT ( ) );
#2594 = ORIENTED_EDGE ( 'NONE', *, *, #3183, .F. ) ;
#2595 = DIRECTION ( 'NONE',  ( 0.000000000000000000, 0.000000000000000000, -1.000000000000000000 ) ) ;
#2596 = COLOUR_RGB ( '',0.5372549019607842924, 0.3490196078431372362, 0.3372549019607843368 ) ;
#2597 = FILL_AREA_STYLE ('',( #2965 ) ) ;
#2598 = AXIS2_PLACEMENT_3D ( 'NONE', #219, #2302, #3430 ) ;
#2599 = EDGE_CURVE ( 'NONE', #3498, #1899, #4387, .T. ) ;
#2600 = CARTESIAN_POINT ( 'NONE',  ( -0.8196130114428307190, 0.1417087916980892537, 3.650000000001600853 ) ) ;
#2601 = COLOUR_RGB ( '',0.000000000000000000, 0.000000000000000000, 0.000000000000000000 ) ;
#2602 =( BOUNDED_CURVE ( )  B_SPLINE_CURVE ( 3, ( #1774, #3925, #3575, #1454 ),
 .UNSPECIFIED., .F., .F. ) 
 B_SPLINE_CURVE_WITH_KNOTS ( ( 4, 4 ),
 ( 1.570796326794896780, 3.141592653589793116 ),
 .UNSPECIFIED. ) 
 CURVE ( )  GEOMETRIC_REPRESENTATION_ITEM ( )  RATIONAL_B_SPLINE_CURVE ( ( 1.000000000000000000, 0.8047378541243650485, 0.8047378541243650485, 1.000000000000000000 ) ) 
 REPRESENTATION_ITEM ( '' )  );
#2603 =( LENGTH_UNIT ( ) NAMED_UNIT ( * ) SI_UNIT ( .MILLI., .METRE. ) );
#2604 = ORIENTED_EDGE ( 'NONE', *, *, #3597, .F. ) ;
#2605 =( NAMED_UNIT ( * ) SI_UNIT ( $, .STERADIAN. ) SOLID_ANGLE_UNIT ( ) );
#2606 = CARTESIAN_POINT ( 'NONE',  ( -2.234004899981250958, -0.5082912083019104355, 4.800000000001600320 ) ) ;
#2607 = VERTEX_POINT ( 'NONE', #1172 ) ;
#2608 = DIRECTION ( 'NONE',  ( 1.804757342600190413E-16, 0.000000000000000000, 1.000000000000000000 ) ) ;
#2609 = UNCERTAINTY_MEASURE_WITH_UNIT (LENGTH_MEASURE( 1.000000000000000082E-05 ), #3055, 'distance_accuracy_value', 'NONE');
#2610 = CARTESIAN_POINT ( 'NONE',  ( 0.2303869885571690201, 1.541708791698089831, 3.900000000001600853 ) ) ;
#2611 = PRESENTATION_LAYER_ASSIGNMENT (  '', '', ( #4122 ) ) ;
#2612 = FILL_AREA_STYLE ('',( #4035 ) ) ;
#2613 = CARTESIAN_POINT ( 'NONE',  ( 0.2803869885571691478, 0.07170879169809038500, 3.900000000001600853 ) ) ;
#2614 = DIRECTION ( 'NONE',  ( 8.474091755303839943E-32, 1.000000000000000000, 0.000000000000000000 ) ) ;
#2615 = STYLED_ITEM ( 'NONE', ( #1232 ), #1515 ) ;
#2616 = AXIS2_PLACEMENT_3D ( 'NONE', #1976, #1318, #916 ) ;
#2617 = EDGE_CURVE ( 'NONE', #2356, #2009, #4032, .T. ) ;
#2618 = EDGE_CURVE ( 'NONE', #55, #2620, #2279, .T. ) ;
#2619 = ORIENTED_EDGE ( 'NONE', *, *, #2424, .T. ) ;
#2620 = VERTEX_POINT ( 'NONE', #4409 ) ;
#2621 = COLOUR_RGB ( '',0.5372549019607842924, 0.3490196078431372362, 0.3372549019607843368 ) ;
#2622 =( LENGTH_UNIT ( ) NAMED_UNIT ( * ) SI_UNIT ( .MILLI., .METRE. ) );
#2623 =( NAMED_UNIT ( * ) SI_UNIT ( $, .STERADIAN. ) SOLID_ANGLE_UNIT ( ) );
#2624 = ORIENTED_EDGE ( 'NONE', *, *, #2627, .F. ) ;
#2625 = SURFACE_SIDE_STYLE ('',( #134 ) ) ;
#2626 = CARTESIAN_POINT ( 'NONE',  ( -1.969613011442830519, -1.308291208301910036, 3.450000000001601119 ) ) ;
#2627 = EDGE_CURVE ( 'NONE', #1032, #1550, #2976, .T. ) ;
#2628 = EDGE_CURVE ( 'NONE', #1439, #2947, #3679, .T. ) ;
#2629 =( NAMED_UNIT ( * ) PLANE_ANGLE_UNIT ( ) SI_UNIT ( $, .RADIAN. ) );
#2630 = ORIENTED_EDGE ( 'NONE', *, *, #1048, .F. ) ;
#2631 = FILL_AREA_STYLE_COLOUR ( '', #2003 ) ;
#2632 = SURFACE_STYLE_FILL_AREA ( #1219 ) ;
#2633 = COLOUR_RGB ( '',0.4392156862745097978, 0.4392156862745097978, 0.4392156862745097978 ) ;
#2634 = SURFACE_SIDE_STYLE ('',( #4060 ) ) ;
#2635 = SURFACE_STYLE_FILL_AREA ( #2659 ) ;
#2636 = CARTESIAN_POINT ( 'NONE',  ( -1.919613011442830253, 1.338155401104816011, 3.900000000001600853 ) ) ;
#2637 = DIRECTION ( 'NONE',  ( 1.571307496355803202E-16, 1.000000000000000000, 0.000000000000000000 ) ) ;
#2638 = STYLED_ITEM ( 'NONE', ( #2883 ), #2887 ) ;
#2639 = PLANE ( 'NONE',  #2662 ) ;
#2640 = ORIENTED_EDGE ( 'NONE', *, *, #3913, .T. ) ;
#2641 = PRESENTATION_LAYER_ASSIGNMENT (  '', '', ( #726 ) ) ;
#2642 = EDGE_LOOP ( 'NONE', ( #788, #1, #4630, #4403, #2754 ) ) ;
#2643 = DIRECTION ( 'NONE',  ( 0.4597709397229662320, -3.966980059264409515E-32, -0.8880375459327497500 ) ) ;
#2644 = EDGE_CURVE ( 'NONE', #139, #155, #2254, .T. ) ;
#2645 = VECTOR ( 'NONE', #2840, 1000.000000000000000 ) ;
#2646 = DIRECTION ( 'NONE',  ( 1.376933246922772114E-16, -1.000000000000000000, 0.000000000000000000 ) ) ;
#2647 = ORIENTED_EDGE ( 'NONE', *, *, #4067, .T. ) ;
#2648 =( NAMED_UNIT ( * ) PLANE_ANGLE_UNIT ( ) SI_UNIT ( $, .RADIAN. ) );
#2649 = SURFACE_STYLE_FILL_AREA ( #2674 ) ;
#2650 = FILL_AREA_STYLE_COLOUR ( '', #4111 ) ;
#2651 = MECHANICAL_DESIGN_GEOMETRIC_PRESENTATION_REPRESENTATION (  '', ( #1397 ), #428 ) ;
#2652 = ORIENTED_EDGE ( 'NONE', *, *, #2413, .T. ) ;
#2653 = FILL_AREA_STYLE_COLOUR ( '', #225 ) ;
#2654 = FACE_OUTER_BOUND ( 'NONE', #2535, .T. ) ;
#2655 = DIRECTION ( 'NONE',  ( -0.4597709397229662320, 3.966980059264409515E-32, 0.8880375459327497500 ) ) ;
#2656 = PRESENTATION_LAYER_ASSIGNMENT (  '', '', ( #53 ) ) ;
#2657 = STYLED_ITEM ( 'NONE', ( #3549 ), #5 ) ;
#2658 = PLANE ( 'NONE',  #4628 ) ;
#2659 = FILL_AREA_STYLE ('',( #2235 ) ) ;
#2660 = CARTESIAN_POINT ( 'NONE',  ( 1.080386988557169747, 1.291708791698090275, 4.682150905820582132 ) ) ;
#2661 = CARTESIAN_POINT ( 'NONE',  ( 0.2303869885571690201, 0.2617087916980894713, 3.750000000001600942 ) ) ;
#2662 = AXIS2_PLACEMENT_3D ( 'NONE', #2780, #1107, #1453 ) ;
#2663 =( LENGTH_UNIT ( ) NAMED_UNIT ( * ) SI_UNIT ( .MILLI., .METRE. ) );
#2664 = CARTESIAN_POINT ( 'NONE',  ( -3.169613011442830253, -0.5082912083019104355, 5.500000000001600498 ) ) ;
#2665 = ORIENTED_EDGE ( 'NONE', *, *, #2161, .T. ) ;
#2666 = PRESENTATION_LAYER_ASSIGNMENT (  '', '', ( #1851 ) ) ;
#2667 = VERTEX_POINT ( 'NONE', #3362 ) ;
#2668 = COLOUR_RGB ( '',0.4392156862745097978, 0.4392156862745097978, 0.4392156862745097978 ) ;
#2669 = CARTESIAN_POINT ( 'NONE',  ( 1.080386988557169747, 0.7917087916980902751, 4.500000000001601386 ) ) ;
#2670 = FILL_AREA_STYLE ('',( #1276 ) ) ;
#2671 = LINE ( 'NONE', #2293, #605 ) ;
#2672 = VERTEX_POINT ( 'NONE', #167 ) ;
#2673 = DIRECTION ( 'NONE',  ( -1.942890293094024439E-16, 1.000000000000000000, -0.000000000000000000 ) ) ;
#2674 = FILL_AREA_STYLE ('',( #4544 ) ) ;
#2675 =( GEOMETRIC_REPRESENTATION_CONTEXT ( 3 ) GLOBAL_UNCERTAINTY_ASSIGNED_CONTEXT ( ( #2333 ) ) GLOBAL_UNIT_ASSIGNED_CONTEXT ( ( #1601, #2764, #631 ) ) REPRESENTATION_CONTEXT ( 'NONE', 'WORKASPACE' ) );
#2676 = EDGE_CURVE ( 'NONE', #3527, #1366, #1581, .T. ) ;
#2677 = MECHANICAL_DESIGN_GEOMETRIC_PRESENTATION_REPRESENTATION (  '', ( #4113 ), #304 ) ;
#2678 = COLOUR_RGB ( '',0.4392156862745097978, 0.4392156862745097978, 0.4392156862745097978 ) ;
#2679 = ORIENTED_EDGE ( 'NONE', *, *, #2108, .T. ) ;
#2680 =( NAMED_UNIT ( * ) PLANE_ANGLE_UNIT ( ) SI_UNIT ( $, .RADIAN. ) );
#2681 = CARTESIAN_POINT ( 'NONE',  ( -1.940323689561485043, -1.329001886420564382, 3.400000000001600409 ) ) ;
#2682 =( GEOMETRIC_REPRESENTATION_CONTEXT ( 3 ) GLOBAL_UNCERTAINTY_ASSIGNED_CONTEXT ( ( #3553 ) ) GLOBAL_UNIT_ASSIGNED_CONTEXT ( ( #340, #3992, #4637 ) ) REPRESENTATION_CONTEXT ( 'NONE', 'WORKASPACE' ) );
#2683 = STYLED_ITEM ( 'NONE', ( #1991 ), #4300 ) ;
#2684 = CARTESIAN_POINT ( 'NONE',  ( -1.769613011442830564, 0.1417087916980891149, 3.750000000001600942 ) ) ;
#2685 = EDGE_CURVE ( 'NONE', #1366, #2607, #2868, .T. ) ;
#2686 =( GEOMETRIC_REPRESENTATION_CONTEXT ( 3 ) GLOBAL_UNCERTAINTY_ASSIGNED_CONTEXT ( ( #478 ) ) GLOBAL_UNIT_ASSIGNED_CONTEXT ( ( #4600, #2440, #4653 ) ) REPRESENTATION_CONTEXT ( 'NONE', 'WORKASPACE' ) );
#2687 = EDGE_CURVE ( 'NONE', #334, #826, #257, .T. ) ;
#2688 = VERTEX_POINT ( 'NONE', #3407 ) ;
#2689 = COLOUR_RGB ( '',0.5372549019607842924, 0.3490196078431372362, 0.3372549019607843368 ) ;
#2690 = VECTOR ( 'NONE', #3533, 1000.000000000000000 ) ;
#2691 = ORIENTED_EDGE ( 'NONE', *, *, #3188, .F. ) ;
#2692 = FACE_BOUND ( 'NONE', #4327, .T. ) ;
#2693 = CARTESIAN_POINT ( 'NONE',  ( 1.251011005814915311, -1.008291208301910213, 5.080000000001601457 ) ) ;
#2694 =( GEOMETRIC_REPRESENTATION_CONTEXT ( 3 ) GLOBAL_UNCERTAINTY_ASSIGNED_CONTEXT ( ( #1875 ) ) GLOBAL_UNIT_ASSIGNED_CONTEXT ( ( #991, #1680, #4463 ) ) REPRESENTATION_CONTEXT ( 'NONE', 'WORKASPACE' ) );
#2695 = ORIENTED_EDGE ( 'NONE', *, *, #1103, .T. ) ;
#2696 =( NAMED_UNIT ( * ) SI_UNIT ( $, .STERADIAN. ) SOLID_ANGLE_UNIT ( ) );
#2697 =( GEOMETRIC_REPRESENTATION_CONTEXT ( 3 ) GLOBAL_UNCERTAINTY_ASSIGNED_CONTEXT ( ( #99 ) ) GLOBAL_UNIT_ASSIGNED_CONTEXT ( ( #728, #1116, #58 ) ) REPRESENTATION_CONTEXT ( 'NONE', 'WORKASPACE' ) );
#2698 = ORIENTED_EDGE ( 'NONE', *, *, #4161, .T. ) ;
#2699 = LINE ( 'NONE', #1673, #2787 ) ;
#2700 = DIRECTION ( 'NONE',  ( 1.000000000000000000, 0.000000000000000000, 0.000000000000000000 ) ) ;
#2701 = SURFACE_STYLE_FILL_AREA ( #3052 ) ;
#2702 = SURFACE_SIDE_STYLE ('',( #1296 ) ) ;
#2703 = SURFACE_STYLE_FILL_AREA ( #2328 ) ;
#2704 =( NAMED_UNIT ( * ) SI_UNIT ( $, .STERADIAN. ) SOLID_ANGLE_UNIT ( ) );
#2705 =( NAMED_UNIT ( * ) SI_UNIT ( $, .STERADIAN. ) SOLID_ANGLE_UNIT ( ) );
#2706 =( BOUNDED_CURVE ( )  B_SPLINE_CURVE ( 3, ( #3156, #4604, #2443, #3547 ),
 .UNSPECIFIED., .F., .F. ) 
 B_SPLINE_CURVE_WITH_KNOTS ( ( 4, 4 ),
 ( 3.141592653589793116, 4.712388980384690562 ),
 .UNSPECIFIED. ) 
 CURVE ( )  GEOMETRIC_REPRESENTATION_ITEM ( )  RATIONAL_B_SPLINE_CURVE ( ( 1.000000000000000000, 0.8047378541243648264, 0.8047378541243648264, 1.000000000000000000 ) ) 
 REPRESENTATION_ITEM ( '' )  );
#2707 = EDGE_LOOP ( 'NONE', ( #4565, #2518, #309, #4575 ) ) ;
#2708 = ORIENTED_EDGE ( 'NONE', *, *, #2769, .T. ) ;
#2709 =( GEOMETRIC_REPRESENTATION_CONTEXT ( 3 ) GLOBAL_UNCERTAINTY_ASSIGNED_CONTEXT ( ( #2280 ) ) GLOBAL_UNIT_ASSIGNED_CONTEXT ( ( #977, #634, #2036 ) ) REPRESENTATION_CONTEXT ( 'NONE', 'WORKASPACE' ) );
#2710 =( LENGTH_UNIT ( ) NAMED_UNIT ( * ) SI_UNIT ( .MILLI., .METRE. ) );
#2711 = CARTESIAN_POINT ( 'NONE',  ( -2.890237028700575639, -0.5082912083019104355, 5.080000000001600569 ) ) ;
#2712 = ORIENTED_EDGE ( 'NONE', *, *, #2256, .F. ) ;
#2713 =( LENGTH_UNIT ( ) NAMED_UNIT ( * ) SI_UNIT ( .MILLI., .METRE. ) );
#2714 = MECHANICAL_DESIGN_GEOMETRIC_PRESENTATION_REPRESENTATION (  '', ( #1470 ), #2571 ) ;
#2715 = PLANE ( 'NONE',  #3734 ) ;
#2716 = STYLED_ITEM ( 'NONE', ( #1741 ), #4638 ) ;
#2717 = DIRECTION ( 'NONE',  ( -0.000000000000000000, -0.000000000000000000, -1.000000000000000000 ) ) ;
#2718 = CARTESIAN_POINT ( 'NONE',  ( 0.5303869885571695919, -1.008291208301909547, 4.500000000001600498 ) ) ;
#2719 = CARTESIAN_POINT ( 'NONE',  ( -0.8196130114428307190, 0.1417087916980892537, 5.380000000001600391 ) ) ;
#2720 = PRESENTATION_LAYER_ASSIGNMENT (  '', '', ( #123 ) ) ;
#2721 = FILL_AREA_STYLE ('',( #2352 ) ) ;
#2722 = FACE_OUTER_BOUND ( 'NONE', #4246, .T. ) ;
#2723 = AXIS2_PLACEMENT_3D ( 'NONE', #4179, #2011, #274 ) ;
#2724 = FILL_AREA_STYLE_COLOUR ( '', #2056 ) ;
#2725 = AXIS2_PLACEMENT_3D ( 'NONE', #2660, #3031, #4487 ) ;
#2726 = PLANE ( 'NONE',  #4127 ) ;
#2727 = FACE_OUTER_BOUND ( 'NONE', #2490, .T. ) ;
#2728 = EDGE_CURVE ( 'NONE', #4054, #3924, #2699, .T. ) ;
#2729 = ORIENTED_EDGE ( 'NONE', *, *, #359, .F. ) ;
#2730 = VERTEX_POINT ( 'NONE', #238 ) ;
#2731 = SURFACE_STYLE_USAGE ( .BOTH. , #922 ) ;
#2732 = VECTOR ( 'NONE', #3300, 1000.000000000000000 ) ;
#2733 = CARTESIAN_POINT ( 'NONE',  ( 0.2303869885571692422, 0.02170879169809038917, 3.750000000001600942 ) ) ;
#2734 = ORIENTED_EDGE ( 'NONE', *, *, #2982, .T. ) ;
#2735 = CARTESIAN_POINT ( 'NONE',  ( -2.629285936431302151, 1.291708791698090053, 5.445977093973897176 ) ) ;
#2736 =( NAMED_UNIT ( * ) SI_UNIT ( $, .STERADIAN. ) SOLID_ANGLE_UNIT ( ) );
#2737 = EDGE_CURVE ( 'NONE', #35, #1439, #2386, .T. ) ;
#2738 = DIRECTION ( 'NONE',  ( 0.000000000000000000, 0.000000000000000000, -1.000000000000000000 ) ) ;
#2739 = LINE ( 'NONE', #258, #3909 ) ;
#2740 = ORIENTED_EDGE ( 'NONE', *, *, #1267, .T. ) ;
#2741 = LINE ( 'NONE', #3097, #4654 ) ;
#2742 = CARTESIAN_POINT ( 'NONE',  ( 0.2303869885571690201, 0.2617087916980894713, 3.750000000001600942 ) ) ;
#2743 = CARTESIAN_POINT ( 'NONE',  ( 1.251011005814915311, -1.008291208301910213, 5.080000000001601457 ) ) ;
#2744 = VECTOR ( 'NONE', #3070, 1000.000000000000000 ) ;
#2745 = AXIS2_PLACEMENT_3D ( 'NONE', #265, #3856, #3105 ) ;
#2746 = SURFACE_STYLE_FILL_AREA ( #224 ) ;
#2747 = CARTESIAN_POINT ( 'NONE',  ( 0.5303869885571699250, 0.7917087916980901641, 4.500000000001601386 ) ) ;
#2748 = VECTOR ( 'NONE', #3209, 1000.000000000000000 ) ;
#2749 = CIRCLE ( 'NONE', #893, 0.1000000000000000472 ) ;
#2750 = FILL_AREA_STYLE_COLOUR ( '', #2766 ) ;
#2751 = DIRECTION ( 'NONE',  ( 0.000000000000000000, 0.000000000000000000, 1.000000000000000000 ) ) ;
#2752 = UNCERTAINTY_MEASURE_WITH_UNIT (LENGTH_MEASURE( 1.000000000000000082E-05 ), #1222, 'distance_accuracy_value', 'NONE');
#2753 = EDGE_LOOP ( 'NONE', ( #3768, #3980, #3600, #270 ) ) ;
#2754 = ORIENTED_EDGE ( 'NONE', *, *, #954, .T. ) ;
#2755 = DIRECTION ( 'NONE',  ( -0.4597709397229662320, 2.231962315604803643E-16, -0.8880375459327497500 ) ) ;
#2756 = PRESENTATION_LAYER_ASSIGNMENT (  '', '', ( #2683 ) ) ;
#2757 = ADVANCED_FACE ( 'NONE', ( #956 ), #4505, .F. ) ;
#2758 = EDGE_CURVE ( 'NONE', #685, #2834, #3824, .T. ) ;
#2759 = FILL_AREA_STYLE ('',( #250 ) ) ;
#2760 = PRESENTATION_STYLE_ASSIGNMENT (( #3115 ) ) ;
#2761 = VERTEX_POINT ( 'NONE', #609 ) ;
#2762 = FILL_AREA_STYLE ('',( #2408 ) ) ;
#2763 = LINE ( 'NONE', #4649, #1016 ) ;
#2764 =( NAMED_UNIT ( * ) PLANE_ANGLE_UNIT ( ) SI_UNIT ( $, .RADIAN. ) );
#2765 = FILL_AREA_STYLE ('',( #1693 ) ) ;
#2766 = COLOUR_RGB ( '',0.4392156862745097978, 0.4392156862745097978, 0.4392156862745097978 ) ;
#2767 =( NAMED_UNIT ( * ) PLANE_ANGLE_UNIT ( ) SI_UNIT ( $, .RADIAN. ) );
#2768 = SURFACE_STYLE_FILL_AREA ( #1288 ) ;
#2769 = EDGE_CURVE ( 'NONE', #214, #2730, #4574, .T. ) ;
#2770 = EDGE_LOOP ( 'NONE', ( #2594, #1186, #404, #3939 ) ) ;
#2771 = SURFACE_SIDE_STYLE ('',( #3127 ) ) ;
#2772 = ADVANCED_FACE ( 'NONE', ( #1649 ), #1352, .T. ) ;
#2773 = FACE_OUTER_BOUND ( 'NONE', #4224, .T. ) ;
#2774 = ORIENTED_EDGE ( 'NONE', *, *, #407, .T. ) ;
#2775 = DIRECTION ( 'NONE',  ( -1.637951978259724831E-16, -1.000000000000000000, -1.665334536937734811E-16 ) ) ;
#2776 = ORIENTED_EDGE ( 'NONE', *, *, #434, .F. ) ;
#2777 = SURFACE_STYLE_FILL_AREA ( #3783 ) ;
#2778 =( NAMED_UNIT ( * ) PLANE_ANGLE_UNIT ( ) SI_UNIT ( $, .RADIAN. ) );
#2779 = LINE ( 'NONE', #3163, #4055 ) ;
#2780 = CARTESIAN_POINT ( 'NONE',  ( 0.2803869885571689258, -1.308291208301910036, 3.900000000001600853 ) ) ;
#2781 = SURFACE_STYLE_FILL_AREA ( #598 ) ;
#2782 = ORIENTED_EDGE ( 'NONE', *, *, #1575, .T. ) ;
#2783 = ORIENTED_EDGE ( 'NONE', *, *, #1373, .F. ) ;
#2784 = COLOUR_RGB ( '',0.4392156862745097978, 0.4392156862745097978, 0.4392156862745097978 ) ;
#2785 = SURFACE_STYLE_USAGE ( .BOTH. , #4249 ) ;
#2786 = FILL_AREA_STYLE_COLOUR ( '', #4635 ) ;
#2787 = VECTOR ( 'NONE', #3385, 1000.000000000000000 ) ;
#2788 = VERTEX_POINT ( 'NONE', #730 ) ;
#2789 = DIRECTION ( 'NONE',  ( -1.000000000000000000, 0.000000000000000000, 0.000000000000000000 ) ) ;
#2790 = EDGE_CURVE ( 'NONE', #2429, #675, #3918, .T. ) ;
#2791 = DIRECTION ( 'NONE',  ( 0.000000000000000000, -1.000000000000000000, 0.000000000000000000 ) ) ;
#2792 = DIRECTION ( 'NONE',  ( 1.637951978259724831E-16, 1.000000000000000000, 1.665334536937734811E-16 ) ) ;
#2793 = SURFACE_SIDE_STYLE ('',( #3965 ) ) ;
#2794 = EDGE_LOOP ( 'NONE', ( #3515, #745, #4580, #2818 ) ) ;
#2795 =( NAMED_UNIT ( * ) PLANE_ANGLE_UNIT ( ) SI_UNIT ( $, .RADIAN. ) );
#2796 =( GEOMETRIC_REPRESENTATION_CONTEXT ( 3 ) GLOBAL_UNCERTAINTY_ASSIGNED_CONTEXT ( ( #2191 ) ) GLOBAL_UNIT_ASSIGNED_CONTEXT ( ( #1955, #1527, #1565 ) ) REPRESENTATION_CONTEXT ( 'NONE', 'WORKASPACE' ) );
#2797 = CYLINDRICAL_SURFACE ( 'NONE', #3290, 0.05000000000000007216 ) ;
#2798 = VERTEX_POINT ( 'NONE', #3570 ) ;
#2799 =( LENGTH_UNIT ( ) NAMED_UNIT ( * ) SI_UNIT ( .MILLI., .METRE. ) );
#2800 = ORIENTED_EDGE ( 'NONE', *, *, #2823, .T. ) ;
#2801 = CARTESIAN_POINT ( 'NONE',  ( -1.919613011442830253, -1.308291208301910036, 3.900000000001600853 ) ) ;
#2802 = SURFACE_STYLE_USAGE ( .BOTH. , #315 ) ;
#2803 = FACE_OUTER_BOUND ( 'NONE', #1928, .T. ) ;
#2804 = LINE ( 'NONE', #4242, #15 ) ;
#2805 = DIRECTION ( 'NONE',  ( 1.000000000000000000, 0.000000000000000000, 0.000000000000000000 ) ) ;
#2806 = PRESENTATION_LAYER_ASSIGNMENT (  '', '', ( #1762 ) ) ;
#2807 = CARTESIAN_POINT ( 'NONE',  ( 1.080386988557169747, 0.7917087916980902751, 4.800000000001601208 ) ) ;
#2808 = ORIENTED_EDGE ( 'NONE', *, *, #1048, .T. ) ;
#2809 = ORIENTED_EDGE ( 'NONE', *, *, #1600, .T. ) ;
#2810 = PRESENTATION_STYLE_ASSIGNMENT (( #328 ) ) ;
#2811 = CARTESIAN_POINT ( 'NONE',  ( 0.3303869885571690812, 0.1217087916980903739, 3.400000000001600853 ) ) ;
#2812 = AXIS2_PLACEMENT_3D ( 'NONE', #4236, #1728, #1489 ) ;
#2813 =( LENGTH_UNIT ( ) NAMED_UNIT ( * ) SI_UNIT ( .MILLI., .METRE. ) );
#2814 = MECHANICAL_DESIGN_GEOMETRIC_PRESENTATION_REPRESENTATION (  '', ( #3112 ), #3491 ) ;
#2815 = FACE_OUTER_BOUND ( 'NONE', #2770, .T. ) ;
#2816 = CIRCLE ( 'NONE', #3644, 0.1000000000000000472 ) ;
#2817 = CARTESIAN_POINT ( 'NONE',  ( -0.8196130114428307190, -1.358291208301910080, 3.400000000001600853 ) ) ;
#2818 = ORIENTED_EDGE ( 'NONE', *, *, #1231, .F. ) ;
#2819 = DIRECTION ( 'NONE',  ( -0.7071067811865479058, -0.7071067811865472397, 0.000000000000000000 ) ) ;
#2820 = LINE ( 'NONE', #402, #3982 ) ;
#2821 = CARTESIAN_POINT ( 'NONE',  ( 0.2303869885571690201, -1.258291208301910213, 3.900000000001600853 ) ) ;
#2822 = CARTESIAN_POINT ( 'NONE',  ( 1.080386988557169747, 0.7917087916980902751, 4.682150905820582132 ) ) ;
#2823 = EDGE_CURVE ( 'NONE', #2761, #1612, #1897, .T. ) ;
#2824 = EDGE_CURVE ( 'NONE', #539, #1257, #2511, .T. ) ;
#2825 = EDGE_LOOP ( 'NONE', ( #1466, #17, #4337, #533 ) ) ;
#2826 = LINE ( 'NONE', #761, #2900 ) ;
#2827 = PRESENTATION_STYLE_ASSIGNMENT (( #1413 ) ) ;
#2828 = VECTOR ( 'NONE', #3350, 1000.000000000000000 ) ;
#2829 = EDGE_CURVE ( 'NONE', #513, #3898, #3222, .T. ) ;
#2830 =( LENGTH_UNIT ( ) NAMED_UNIT ( * ) SI_UNIT ( .MILLI., .METRE. ) );
#2831 = FILL_AREA_STYLE_COLOUR ( '', #4079 ) ;
#2832 = EDGE_CURVE ( 'NONE', #2268, #1487, #4651, .T. ) ;
#2833 = ORIENTED_EDGE ( 'NONE', *, *, #4659, .T. ) ;
#2834 = VERTEX_POINT ( 'NONE', #2136 ) ;
#2835 = CARTESIAN_POINT ( 'NONE',  ( -2.505310755781160026, -1.008291208301910435, 4.554022906029303819 ) ) ;
#2836 = ADVANCED_FACE ( 'NONE', ( #1746 ), #1793, .F. ) ;
#2837 =( GEOMETRIC_REPRESENTATION_CONTEXT ( 3 ) GLOBAL_UNCERTAINTY_ASSIGNED_CONTEXT ( ( #1499 ) ) GLOBAL_UNIT_ASSIGNED_CONTEXT ( ( #2603, #1212, #4070 ) ) REPRESENTATION_CONTEXT ( 'NONE', 'WORKASPACE' ) );
#2838 = PLANE ( 'NONE',  #2476 ) ;
#2839 = COLOUR_RGB ( '',0.4392156862745097978, 0.4392156862745097978, 0.4392156862745097978 ) ;
#2840 = DIRECTION ( 'NONE',  ( 5.551115123125780237E-17, -0.000000000000000000, 1.000000000000000000 ) ) ;
#2841 = DIRECTION ( 'NONE',  ( 0.000000000000000000, 1.000000000000000000, 0.000000000000000000 ) ) ;
#2842 =( NAMED_UNIT ( * ) SI_UNIT ( $, .STERADIAN. ) SOLID_ANGLE_UNIT ( ) );
#2843 = VECTOR ( 'NONE', #4392, 1000.000000000000000 ) ;
#2844 = FILL_AREA_STYLE_COLOUR ( '', #2678 ) ;
#2845 = ORIENTED_EDGE ( 'NONE', *, *, #4440, .F. ) ;
#2846 = SURFACE_STYLE_FILL_AREA ( #4259 ) ;
#2847 = CARTESIAN_POINT ( 'NONE',  ( -2.890237028700576083, 0.7917087916980900530, 5.080000000001600569 ) ) ;
#2848 = PRESENTATION_LAYER_ASSIGNMENT (  '', '', ( #3916 ) ) ;
#2849 = SURFACE_SIDE_STYLE ('',( #338 ) ) ;
#2850 = ORIENTED_EDGE ( 'NONE', *, *, #790, .F. ) ;
#2851 = DIRECTION ( 'NONE',  ( 1.586747737394815023E-16, 0.000000000000000000, 1.000000000000000000 ) ) ;
#2852 = AXIS2_PLACEMENT_3D ( 'NONE', #2182, #442, #1858 ) ;
#2853 = PLANE ( 'NONE',  #1014 ) ;
#2854 = UNCERTAINTY_MEASURE_WITH_UNIT (LENGTH_MEASURE( 1.000000000000000082E-05 ), #2799, 'distance_accuracy_value', 'NONE');
#2855 = VERTEX_POINT ( 'NONE', #1402 ) ;
#2856 = ORIENTED_EDGE ( 'NONE', *, *, #4213, .F. ) ;
#2857 =( LENGTH_UNIT ( ) NAMED_UNIT ( * ) SI_UNIT ( .MILLI., .METRE. ) );
#2858 = PRESENTATION_STYLE_ASSIGNMENT (( #3658 ) ) ;
#2859 = UNCERTAINTY_MEASURE_WITH_UNIT (LENGTH_MEASURE( 1.000000000000000082E-05 ), #3065, 'distance_accuracy_value', 'NONE');
#2860 = FACE_OUTER_BOUND ( 'NONE', #3473, .T. ) ;
#2861 = ORIENTED_EDGE ( 'NONE', *, *, #1103, .F. ) ;
#2862 =( GEOMETRIC_REPRESENTATION_CONTEXT ( 3 ) GLOBAL_UNCERTAINTY_ASSIGNED_CONTEXT ( ( #3713 ) ) GLOBAL_UNIT_ASSIGNED_CONTEXT ( ( #1374, #3093, #1722 ) ) REPRESENTATION_CONTEXT ( 'NONE', 'WORKASPACE' ) );
#2863 = CARTESIAN_POINT ( 'NONE',  ( 0.2803869885571689258, 1.591708791698089653, 3.450000000001601119 ) ) ;
#2864 = DIRECTION ( 'NONE',  ( 1.376933246922772114E-16, -1.000000000000000000, -0.000000000000000000 ) ) ;
#2865 = SURFACE_SIDE_STYLE ('',( #1476 ) ) ;
#2866 = ORIENTED_EDGE ( 'NONE', *, *, #1995, .T. ) ;
#2867 = FILL_AREA_STYLE_COLOUR ( '', #2633 ) ;
#2868 = CIRCLE ( 'NONE', #1161, 0.1000000000000000472 ) ;
#2869 = DIRECTION ( 'NONE',  ( -1.000000000000000000, -1.942890293094023946E-16, 5.551115123125782702E-17 ) ) ;
#2870 = LINE ( 'NONE', #4587, #1615 ) ;
#2871 =( NAMED_UNIT ( * ) SI_UNIT ( $, .STERADIAN. ) SOLID_ANGLE_UNIT ( ) );
#2872 = ORIENTED_EDGE ( 'NONE', *, *, #2106, .F. ) ;
#2873 = FACE_OUTER_BOUND ( 'NONE', #1903, .T. ) ;
#2874 =( GEOMETRIC_REPRESENTATION_CONTEXT ( 3 ) GLOBAL_UNCERTAINTY_ASSIGNED_CONTEXT ( ( #1870 ) ) GLOBAL_UNIT_ASSIGNED_CONTEXT ( ( #1393, #322, #2103 ) ) REPRESENTATION_CONTEXT ( 'NONE', 'WORKASPACE' ) );
#2875 = CARTESIAN_POINT ( 'NONE',  ( 0.5303869885571695919, -1.558291208301909814, 5.380000000001600391 ) ) ;
#2876 = CARTESIAN_POINT ( 'NONE',  ( 0.1889656323198596888, -0.01971256453921911914, 3.650000000001601297 ) ) ;
#2877 = FILL_AREA_STYLE ('',( #4299 ) ) ;
#2878 = EDGE_LOOP ( 'NONE', ( #2895, #655, #2619, #1497 ) ) ;
#2879 = ADVANCED_FACE ( 'NONE', ( #2815 ), #3174, .F. ) ;
#2880 = CARTESIAN_POINT ( 'NONE',  ( -1.919613011442830253, 0.2617087916980894713, 3.900000000001600853 ) ) ;
#2881 = ORIENTED_EDGE ( 'NONE', *, *, #4100, .T. ) ;
#2882 = PRESENTATION_LAYER_ASSIGNMENT (  '', '', ( #4475 ) ) ;
#2883 = PRESENTATION_STYLE_ASSIGNMENT (( #919 ) ) ;
#2884 = PRESENTATION_STYLE_ASSIGNMENT (( #3224 ) ) ;
#2885 = ORIENTED_EDGE ( 'NONE', *, *, #2423, .F. ) ;
#2886 = CARTESIAN_POINT ( 'NONE',  ( 0.4803869885571696585, 1.791708791698090053, 3.400000000001600853 ) ) ;
#2887 = ADVANCED_FACE ( 'NONE', ( #775 ), #897, .T. ) ;
#2888 = DIRECTION ( 'NONE',  ( -2.840569171771057842E-17, -1.665334536937734811E-16, 1.000000000000000000 ) ) ;
#2889 = MECHANICAL_DESIGN_GEOMETRIC_PRESENTATION_REPRESENTATION (  '', ( #3344 ), #4552 ) ;
#2890 = ORIENTED_EDGE ( 'NONE', *, *, #1130, .F. ) ;
#2891 = UNCERTAINTY_MEASURE_WITH_UNIT (LENGTH_MEASURE( 1.000000000000000082E-05 ), #52, 'distance_accuracy_value', 'NONE');
#2892 = STYLED_ITEM ( 'NONE', ( #711 ), #2483 ) ;
#2893 = CARTESIAN_POINT ( 'NONE',  ( 0.2303869885571690201, 1.441708791698089742, 3.650000000001600853 ) ) ;
#2894 = UNCERTAINTY_MEASURE_WITH_UNIT (LENGTH_MEASURE( 1.000000000000000082E-05 ), #1932, 'distance_accuracy_value', 'NONE');
#2895 = ORIENTED_EDGE ( 'NONE', *, *, #206, .F. ) ;
#2896 = AXIS2_PLACEMENT_3D ( 'NONE', #3722, #4453, #563 ) ;
#2897 = AXIS2_PLACEMENT_3D ( 'NONE', #235, #973, #927 ) ;
#2898 = ORIENTED_EDGE ( 'NONE', *, *, #3659, .T. ) ;
#2899 = CARTESIAN_POINT ( 'NONE',  ( 1.080386988557169969, -1.008291208301910213, 5.500000000001601386 ) ) ;
#2900 = VECTOR ( 'NONE', #3973, 1000.000000000000000 ) ;
#2901 = EDGE_CURVE ( 'NONE', #187, #675, #4379, .T. ) ;
#2902 = SURFACE_STYLE_FILL_AREA ( #20 ) ;
#2903 = SURFACE_STYLE_USAGE ( .BOTH. , #1492 ) ;
#2904 = CARTESIAN_POINT ( 'NONE',  ( -3.169613011442830697, 1.291708791698089831, 4.682150905820581244 ) ) ;
#2905 = ORIENTED_EDGE ( 'NONE', *, *, #66, .F. ) ;
#2906 =( NAMED_UNIT ( * ) PLANE_ANGLE_UNIT ( ) SI_UNIT ( $, .RADIAN. ) );
#2907 = SURFACE_STYLE_USAGE ( .BOTH. , #801 ) ;
#2908 = MECHANICAL_DESIGN_GEOMETRIC_PRESENTATION_REPRESENTATION (  '', ( #3904 ), #1427 ) ;
#2909 = CARTESIAN_POINT ( 'NONE',  ( 0.2303869885571689646, 1.541708791698089831, 3.691421356238910434 ) ) ;
#2910 = VECTOR ( 'NONE', #3930, 1000.000000000000000 ) ;
#2911 = ORIENTED_EDGE ( 'NONE', *, *, #3672, .F. ) ;
#2912 = DIRECTION ( 'NONE',  ( -1.942890293094024439E-16, 1.000000000000000000, 0.000000000000000000 ) ) ;
#2913 = STYLED_ITEM ( 'NONE', ( #2946 ), #143 ) ;
#2914 = ADVANCED_FACE ( 'NONE', ( #4047 ), #3790, .F. ) ;
#2915 = CARTESIAN_POINT ( 'NONE',  ( 1.078863668138916321, 0.7917087916980902751, 5.500000000001601386 ) ) ;
#2916 = CARTESIAN_POINT ( 'NONE',  ( -2.169613011442830697, -1.558291208301909814, 3.450000000001601119 ) ) ;
#2917 = STYLED_ITEM ( 'NONE', ( #1813 ), #2272 ) ;
#2918 = DIRECTION ( 'NONE',  ( 0.000000000000000000, 1.000000000000000000, 0.000000000000000000 ) ) ;
#2919 = EDGE_LOOP ( 'NONE', ( #133, #1205, #3374, #1937, #676 ) ) ;
#2920 = CARTESIAN_POINT ( 'NONE',  ( 0.5303869885571695919, 0.7917087916980901641, 4.800000000001601208 ) ) ;
#2921 = LINE ( 'NONE', #1164, #4200 ) ;
#2922 =( NAMED_UNIT ( * ) SI_UNIT ( $, .STERADIAN. ) SOLID_ANGLE_UNIT ( ) );
#2923 = ADVANCED_FACE ( 'NONE', ( #417 ), #1840, .T. ) ;
#2924 = FILL_AREA_STYLE_COLOUR ( '', #2369 ) ;
#2925 = VERTEX_POINT ( 'NONE', #3810 ) ;
#2926 = LINE ( 'NONE', #4030, #2311 ) ;
#2927 = MECHANICAL_DESIGN_GEOMETRIC_PRESENTATION_REPRESENTATION (  '', ( #1745 ), #2111 ) ;
#2928 = ADVANCED_FACE ( 'NONE', ( #1340 ), #2399, .T. ) ;
#2929 = ORIENTED_EDGE ( 'NONE', *, *, #3234, .T. ) ;
#2930 = CARTESIAN_POINT ( 'NONE',  ( -2.416507001187885528, -0.5082912083019104355, 4.600000000001601030 ) ) ;
#2931 = UNCERTAINTY_MEASURE_WITH_UNIT (LENGTH_MEASURE( 1.000000000000000082E-05 ), #3410, 'distance_accuracy_value', 'NONE');
#2932 = SURFACE_STYLE_USAGE ( .BOTH. , #2232 ) ;
#2933 = VECTOR ( 'NONE', #2608, 1000.000000000000000 ) ;
#2934 = UNCERTAINTY_MEASURE_WITH_UNIT (LENGTH_MEASURE( 1.000000000000000082E-05 ), #2370, 'distance_accuracy_value', 'NONE');
#2935 = SURFACE_STYLE_USAGE ( .BOTH. , #196 ) ;
#2936 =( GEOMETRIC_REPRESENTATION_CONTEXT ( 3 ) GLOBAL_UNCERTAINTY_ASSIGNED_CONTEXT ( ( #2155 ) ) GLOBAL_UNIT_ASSIGNED_CONTEXT ( ( #354, #3522, #1207 ) ) REPRESENTATION_CONTEXT ( 'NONE', 'WORKASPACE' ) );
#2937 = CARTESIAN_POINT ( 'NONE',  ( -1.686770298968210957, 1.641708791698089920, 3.400000000001600853 ) ) ;
#2938 = STYLED_ITEM ( 'NONE', ( #1639 ), #4601 ) ;
#2939 = VERTEX_POINT ( 'NONE', #3165 ) ;
#2940 = COLOUR_RGB ( '',0.4392156862745097978, 0.4392156862745097978, 0.4392156862745097978 ) ;
#2941 =( NAMED_UNIT ( * ) PLANE_ANGLE_UNIT ( ) SI_UNIT ( $, .RADIAN. ) );
#2942 = LINE ( 'NONE', #1535, #2304 ) ;
#2943 = ORIENTED_EDGE ( 'NONE', *, *, #1865, .T. ) ;
#2944 = LINE ( 'NONE', #3275, #1259 ) ;
#2945 =( GEOMETRIC_REPRESENTATION_CONTEXT ( 3 ) GLOBAL_UNCERTAINTY_ASSIGNED_CONTEXT ( ( #1416 ) ) GLOBAL_UNIT_ASSIGNED_CONTEXT ( ( #1915, #1203, #174 ) ) REPRESENTATION_CONTEXT ( 'NONE', 'WORKASPACE' ) );
#2946 = PRESENTATION_STYLE_ASSIGNMENT (( #422 ) ) ;
#2947 = VERTEX_POINT ( 'NONE', #229 ) ;
#2948 = CYLINDRICAL_SURFACE ( 'NONE', #1065, 0.09999999999999982514 ) ;
#2949 = ADVANCED_FACE ( 'NONE', ( #1665 ), #944, .F. ) ;
#2950 = CARTESIAN_POINT ( 'NONE',  ( 0.5303869885571699250, 0.7917087916980901641, 4.682150905820582132 ) ) ;
#2951 = VECTOR ( 'NONE', #192, 1000.000000000000000 ) ;
#2952 = ADVANCED_FACE ( 'NONE', ( #3109, #2074, #3997 ), #1463, .F. ) ;
#2953 = CARTESIAN_POINT ( 'NONE',  ( -2.322808654574525900, 0.7917087916980901641, 4.854022906029303641 ) ) ;
#2954 = COLOUR_RGB ( '',0.4392156862745097978, 0.4392156862745097978, 0.4392156862745097978 ) ;
#2955 = CARTESIAN_POINT ( 'NONE',  ( -2.629285936431301707, -0.5082912083019104355, 5.445977093973897176 ) ) ;
#2956 = PRESENTATION_STYLE_ASSIGNMENT (( #1547 ) ) ;
#2957 = EDGE_CURVE ( 'NONE', #1740, #1962, #3282, .T. ) ;
#2958 = PLANE ( 'NONE',  #376 ) ;
#2959 =( LENGTH_UNIT ( ) NAMED_UNIT ( * ) SI_UNIT ( .MILLI., .METRE. ) );
#2960 = ORIENTED_EDGE ( 'NONE', *, *, #109, .F. ) ;
#2961 = ADVANCED_FACE ( 'NONE', ( #76 ), #3535, .T. ) ;
#2962 = EDGE_CURVE ( 'NONE', #724, #1301, #3237, .T. ) ;
#2963 = EDGE_LOOP ( 'NONE', ( #909, #1947, #3502, #1371 ) ) ;
#2964 = PRESENTATION_STYLE_ASSIGNMENT (( #4003 ) ) ;
#2965 = FILL_AREA_STYLE_COLOUR ( '', #2689 ) ;
#2966 = DIRECTION ( 'NONE',  ( 1.942890293094024439E-16, -1.000000000000000000, 0.000000000000000000 ) ) ;
#2967 = CARTESIAN_POINT ( 'NONE',  ( -1.919613011442830253, -1.308291208301910036, 3.900000000001600853 ) ) ;
#2968 =( GEOMETRIC_REPRESENTATION_CONTEXT ( 3 ) GLOBAL_UNCERTAINTY_ASSIGNED_CONTEXT ( ( #1825 ) ) GLOBAL_UNIT_ASSIGNED_CONTEXT ( ( #611, #4529, #589 ) ) REPRESENTATION_CONTEXT ( 'NONE', 'WORKASPACE' ) );
#2969 = DIRECTION ( 'NONE',  ( -1.000000000000000000, 0.000000000000000000, 0.000000000000000000 ) ) ;
#2970 = ORIENTED_EDGE ( 'NONE', *, *, #3584, .T. ) ;
#2971 =( LENGTH_UNIT ( ) NAMED_UNIT ( * ) SI_UNIT ( .MILLI., .METRE. ) );
#2972 = SURFACE_STYLE_USAGE ( .BOTH. , #3641 ) ;
#2973 = DIRECTION ( 'NONE',  ( 1.000000000000000000, 1.376933246922771375E-16, -1.586747737394814777E-16 ) ) ;
#2974 = STYLED_ITEM ( 'NONE', ( #3927 ), #3826 ) ;
#2975 = ORIENTED_EDGE ( 'NONE', *, *, #1465, .T. ) ;
#2976 = LINE ( 'NONE', #4056, #2114 ) ;
#2977 = CARTESIAN_POINT ( 'NONE',  ( -2.602925838464816621, 1.291708791698090053, 4.742564309982864934 ) ) ;
#2978 = VECTOR ( 'NONE', #562, 1000.000000000000000 ) ;
#2979 =( NAMED_UNIT ( * ) SI_UNIT ( $, .STERADIAN. ) SOLID_ANGLE_UNIT ( ) );
#2980 = DIRECTION ( 'NONE',  ( -1.376933246922771375E-16, 1.000000000000000000, -1.094764425253763337E-47 ) ) ;
#2981 = CARTESIAN_POINT ( 'NONE',  ( -2.169613011442830253, 1.441708791698089298, 5.380000000001600391 ) ) ;
#2982 = EDGE_CURVE ( 'NONE', #4258, #3746, #389, .T. ) ;
#2983 = PLANE ( 'NONE',  #2725 ) ;
#2984 = FILL_AREA_STYLE ('',( #149 ) ) ;
#2985 = DIRECTION ( 'NONE',  ( 0.000000000000000000, 0.000000000000000000, -1.000000000000000000 ) ) ;
#2986 = VERTEX_POINT ( 'NONE', #8 ) ;
#2987 = ORIENTED_EDGE ( 'NONE', *, *, #1600, .F. ) ;
#2988 = MECHANICAL_DESIGN_GEOMETRIC_PRESENTATION_REPRESENTATION (  '', ( #3068 ), #1654 ) ;
#2989 = FACE_OUTER_BOUND ( 'NONE', #4477, .T. ) ;
#2990 = PRODUCT ( 'QRE1113GR', 'QRE1113GR', '', ( #3304 ) ) ;
#2991 = FACE_OUTER_BOUND ( 'NONE', #2387, .T. ) ;
#2992 = DIRECTION ( 'NONE',  ( 0.000000000000000000, -1.000000000000000000, 0.000000000000000000 ) ) ;
#2993 =( NAMED_UNIT ( * ) PLANE_ANGLE_UNIT ( ) SI_UNIT ( $, .RADIAN. ) );
#2994 = FACE_OUTER_BOUND ( 'NONE', #2446, .T. ) ;
#2995 = ORIENTED_EDGE ( 'NONE', *, *, #884, .F. ) ;
#2996 = DIRECTION ( 'NONE',  ( -1.637951978259724831E-16, -1.000000000000000000, -1.665334536937734811E-16 ) ) ;
#2997 = DIRECTION ( 'NONE',  ( -1.000000000000000000, -1.376933246922771375E-16, -1.954328939911483930E-16 ) ) ;
#2998 = CARTESIAN_POINT ( 'NONE',  ( -2.719613011442830519, 0.7917087916980900530, 4.500000000001600498 ) ) ;
#2999 = ORIENTED_EDGE ( 'NONE', *, *, #2413, .F. ) ;
#3000 = CARTESIAN_POINT ( 'NONE',  ( -3.169613011442830253, -0.5082912083019104355, 4.682150905820581244 ) ) ;
#3001 = LINE ( 'NONE', #1952, #4263 ) ;
#3002 = AXIS2_PLACEMENT_3D ( 'NONE', #3325, #2614, #3758 ) ;
#3003 = CARTESIAN_POINT ( 'NONE',  ( -2.890237028700576083, 0.7917087916980900530, 5.180000000001601101 ) ) ;
#3004 = PRESENTATION_LAYER_ASSIGNMENT (  '', '', ( #3699 ) ) ;
#3005 = PRESENTATION_LAYER_ASSIGNMENT (  '', '', ( #720 ) ) ;
#3006 =( LENGTH_UNIT ( ) NAMED_UNIT ( * ) SI_UNIT ( .MILLI., .METRE. ) );
#3007 = CARTESIAN_POINT ( 'NONE',  ( 0.5303869885571698140, -0.5082912083019097693, 4.800000000001601208 ) ) ;
#3008 = PRESENTATION_LAYER_ASSIGNMENT (  '', '', ( #1387 ) ) ;
#3009 = FILL_AREA_STYLE ('',( #4107 ) ) ;
#3010 = VERTEX_POINT ( 'NONE', #4642 ) ;
#3011 = ORIENTED_EDGE ( 'NONE', *, *, #4513, .T. ) ;
#3012 = PLANE ( 'NONE',  #4082 ) ;
#3013 = ADVANCED_FACE ( 'NONE', ( #1438 ), #2853, .F. ) ;
#3014 = FILL_AREA_STYLE ('',( #1381 ) ) ;
#3015 = AXIS2_PLACEMENT_3D ( 'NONE', #396, #2246, #2595 ) ;
#3016 = DIRECTION ( 'NONE',  ( -1.000000000000000000, 0.000000000000000000, 0.000000000000000000 ) ) ;
#3017 = SURFACE_STYLE_USAGE ( .BOTH. , #3665 ) ;
#3018 = LINE ( 'NONE', #1256, #2531 ) ;
#3019 = ORIENTED_EDGE ( 'NONE', *, *, #1384, .F. ) ;
#3020 = PLANE ( 'NONE',  #825 ) ;
#3021 = SURFACE_SIDE_STYLE ('',( #2013 ) ) ;
#3022 = DIRECTION ( 'NONE',  ( 1.000000000000000000, -8.628166150854818811E-32, -1.804757342600190413E-16 ) ) ;
#3023 = ORIENTED_EDGE ( 'NONE', *, *, #3171, .F. ) ;
#3024 = DIRECTION ( 'NONE',  ( 8.474091755303839943E-32, 1.000000000000000000, 0.000000000000000000 ) ) ;
#3025 =( LENGTH_UNIT ( ) NAMED_UNIT ( * ) SI_UNIT ( .MILLI., .METRE. ) );
#3026 = EDGE_CURVE ( 'NONE', #1035, #3711, #2306, .T. ) ;
#3027 = DIRECTION ( 'NONE',  ( 1.942890293094024439E-16, -1.000000000000000000, -0.000000000000000000 ) ) ;
#3028 = LINE ( 'NONE', #1700, #2228 ) ;
#3029 = LINE ( 'NONE', #3003, #2951 ) ;
#3030 = DIRECTION ( 'NONE',  ( -1.376933246922772114E-16, 1.000000000000000000, 0.000000000000000000 ) ) ;
#3031 = DIRECTION ( 'NONE',  ( 1.942890293094023946E-16, -1.000000000000000000, 2.736911063134408342E-48 ) ) ;
#3032 = VECTOR ( 'NONE', #1159, 1000.000000000000000 ) ;
#3033 = DIRECTION ( 'NONE',  ( 1.000000000000000000, -0.000000000000000000, 0.000000000000000000 ) ) ;
#3034 = CARTESIAN_POINT ( 'NONE',  ( 0.9900599135456411570, -0.5082912083019099914, 5.445977093973898064 ) ) ;
#3035 = FILL_AREA_STYLE_COLOUR ( '', #808 ) ;
#3036 = ORIENTED_EDGE ( 'NONE', *, *, #3828, .F. ) ;
#3037 = VECTOR ( 'NONE', #4315, 1000.000000000000000 ) ;
#3038 =( NAMED_UNIT ( * ) SI_UNIT ( $, .STERADIAN. ) SOLID_ANGLE_UNIT ( ) );
#3039 = ORIENTED_EDGE ( 'NONE', *, *, #2052, .F. ) ;
#3040 = STYLED_ITEM ( 'NONE', ( #1744 ), #2546 ) ;
#3041 = LINE ( 'NONE', #4496, #2245 ) ;
#3042 = ORIENTED_EDGE ( 'NONE', *, *, #3875, .T. ) ;
#3043 = FILL_AREA_STYLE_COLOUR ( '', #753 ) ;
#3044 = COLOUR_RGB ( '',0.4392156862745097978, 0.4392156862745097978, 0.4392156862745097978 ) ;
#3045 = MECHANICAL_DESIGN_GEOMETRIC_PRESENTATION_REPRESENTATION (  '', ( #3356 ), #1628 ) ;
#3046 = CARTESIAN_POINT ( 'NONE',  ( 0.3303869885571688592, 1.641708791698089698, 3.400000000001600853 ) ) ;
#3047 = CIRCLE ( 'NONE', #2896, 0.1000000000000000472 ) ;
#3048 = ORIENTED_EDGE ( 'NONE', *, *, #443, .F. ) ;
#3049 = CARTESIAN_POINT ( 'NONE',  ( -1.940323689561485043, 0.1909981135794347196, 3.400000000001600409 ) ) ;
#3050 =( NAMED_UNIT ( * ) PLANE_ANGLE_UNIT ( ) SI_UNIT ( $, .RADIAN. ) );
#3051 = CARTESIAN_POINT ( 'NONE',  ( 1.251011005814915533, 0.7917087916980902751, 5.080000000001601457 ) ) ;
#3052 = FILL_AREA_STYLE ('',( #4510 ) ) ;
#3053 = ADVANCED_FACE ( 'NONE', ( #483 ), #525, .T. ) ;
#3054 = CIRCLE ( 'NONE', #160, 0.1000000000000000472 ) ;
#3055 =( LENGTH_UNIT ( ) NAMED_UNIT ( * ) SI_UNIT ( .MILLI., .METRE. ) );
#3056 = CARTESIAN_POINT ( 'NONE',  ( -1.769613011442830341, 0.3617087916980894491, 3.650000000001600853 ) ) ;
#3057 =( NAMED_UNIT ( * ) PLANE_ANGLE_UNIT ( ) SI_UNIT ( $, .RADIAN. ) );
#3058 = AXIS2_PLACEMENT_3D ( 'NONE', #1027, #3248, #2162 ) ;
#3059 = CARTESIAN_POINT ( 'NONE',  ( 1.080386988557169747, -0.5082912083019098803, 4.500000000001601386 ) ) ;
#3060 = ORIENTED_EDGE ( 'NONE', *, *, #892, .T. ) ;
#3061 = CIRCLE ( 'NONE', #1646, 0.09999999999999982514 ) ;
#3062 = STYLED_ITEM ( 'NONE', ( #2827 ), #1092 ) ;
#3063 = ORIENTED_EDGE ( 'NONE', *, *, #3753, .F. ) ;
#3064 = ORIENTED_EDGE ( 'NONE', *, *, #4416, .T. ) ;
#3065 =( LENGTH_UNIT ( ) NAMED_UNIT ( * ) SI_UNIT ( .MILLI., .METRE. ) );
#3066 = MECHANICAL_DESIGN_GEOMETRIC_PRESENTATION_REPRESENTATION (  '', ( #469 ), #1437 ) ;
#3067 =( NAMED_UNIT ( * ) SI_UNIT ( $, .STERADIAN. ) SOLID_ANGLE_UNIT ( ) );
#3068 = STYLED_ITEM ( 'NONE', ( #1211 ), #2147 ) ;
#3069 = ORIENTED_EDGE ( 'NONE', *, *, #2282, .T. ) ;
#3070 = DIRECTION ( 'NONE',  ( -0.000000000000000000, -0.000000000000000000, -1.000000000000000000 ) ) ;
#3071 = CARTESIAN_POINT ( 'NONE',  ( -1.869613011442830430, 0.3617087916980894491, 3.650000000001600853 ) ) ;
#3072 = SURFACE_STYLE_USAGE ( .BOTH. , #1969 ) ;
#3073 =( GEOMETRIC_REPRESENTATION_CONTEXT ( 3 ) GLOBAL_UNCERTAINTY_ASSIGNED_CONTEXT ( ( #1179 ) ) GLOBAL_UNIT_ASSIGNED_CONTEXT ( ( #4540, #677, #1050 ) ) REPRESENTATION_CONTEXT ( 'NONE', 'WORKASPACE' ) );
#3074 = FILL_AREA_STYLE ('',( #1971 ) ) ;
#3075 = CARTESIAN_POINT ( 'NONE',  ( -2.169613011442830697, -0.5082912083019104355, 4.682150905820581244 ) ) ;
#3076 = PRESENTATION_STYLE_ASSIGNMENT (( #2349 ) ) ;
#3077 = LINE ( 'NONE', #2350, #4191 ) ;
#3078 = EDGE_CURVE ( 'NONE', #1377, #1410, #1894, .T. ) ;
#3079 = DIRECTION ( 'NONE',  ( 1.942890293094024439E-16, -1.000000000000000000, -0.000000000000000000 ) ) ;
#3080 = CARTESIAN_POINT ( 'NONE',  ( -1.666059620849556167, 1.591708791698089875, 3.450000000001601119 ) ) ;
#3081 = FILL_AREA_STYLE ('',( #4318 ) ) ;
#3082 = EDGE_CURVE ( 'NONE', #3746, #214, #1585, .T. ) ;
#3083 = ORIENTED_EDGE ( 'NONE', *, *, #3234, .F. ) ;
#3084 = ORIENTED_EDGE ( 'NONE', *, *, #1316, .T. ) ;
#3085 = MECHANICAL_DESIGN_GEOMETRIC_PRESENTATION_REPRESENTATION (  '', ( #3858 ), #263 ) ;
#3086 =( NAMED_UNIT ( * ) SI_UNIT ( $, .STERADIAN. ) SOLID_ANGLE_UNIT ( ) );
#3087 =( NAMED_UNIT ( * ) PLANE_ANGLE_UNIT ( ) SI_UNIT ( $, .RADIAN. ) );
#3088 = AXIS2_PLACEMENT_3D ( 'NONE', #3667, #1979, #3985 ) ;
#3089 = UNCERTAINTY_MEASURE_WITH_UNIT (LENGTH_MEASURE( 1.000000000000000082E-05 ), #2421, 'distance_accuracy_value', 'NONE');
#3090 = VERTEX_POINT ( 'NONE', #552 ) ;
#3091 = LINE ( 'NONE', #1644, #2744 ) ;
#3092 = STYLED_ITEM ( 'NONE', ( #3354 ), #4570 ) ;
#3093 =( NAMED_UNIT ( * ) PLANE_ANGLE_UNIT ( ) SI_UNIT ( $, .RADIAN. ) );
#3094 =( NAMED_UNIT ( * ) PLANE_ANGLE_UNIT ( ) SI_UNIT ( $, .RADIAN. ) );
#3095 = DIRECTION ( 'NONE',  ( -1.000000000000000000, 0.000000000000000000, 0.000000000000000000 ) ) ;
#3096 = CARTESIAN_POINT ( 'NONE',  ( -1.969613011442830519, 0.1617087916980894657, 3.400000000001600853 ) ) ;
#3097 = CARTESIAN_POINT ( 'NONE',  ( 0.6835826316888653498, 0.7917087916980901641, 4.854022906029304529 ) ) ;
#3098 = CARTESIAN_POINT ( 'NONE',  ( -1.748902333324173330, 1.791708791698090053, 3.400000000001600853 ) ) ;
#3099 = LINE ( 'NONE', #1010, #2539 ) ;
#3100 = PRESENTATION_LAYER_ASSIGNMENT (  '', '', ( #2050 ) ) ;
#3101 = FILL_AREA_STYLE_COLOUR ( '', #19 ) ;
#3102 = CARTESIAN_POINT ( 'NONE',  ( 1.080386988557169747, -1.008291208301909991, 4.500000000001601386 ) ) ;
#3103 = EDGE_CURVE ( 'NONE', #1286, #2947, #122, .T. ) ;
#3104 =( GEOMETRIC_REPRESENTATION_CONTEXT ( 3 ) GLOBAL_UNCERTAINTY_ASSIGNED_CONTEXT ( ( #1088 ) ) GLOBAL_UNIT_ASSIGNED_CONTEXT ( ( #1398, #2309, #2049 ) ) REPRESENTATION_CONTEXT ( 'NONE', 'WORKASPACE' ) );
#3105 = DIRECTION ( 'NONE',  ( 0.000000000000000000, -0.000000000000000000, -1.000000000000000000 ) ) ;
#3106 = EDGE_CURVE ( 'NONE', #3195, #1035, #195, .T. ) ;
#3107 = CARTESIAN_POINT ( 'NONE',  ( -2.719613011442830519, 1.291708791698090053, 4.500000000001600498 ) ) ;
#3108 = DIRECTION ( 'NONE',  ( 0.000000000000000000, -1.000000000000000000, 0.000000000000000000 ) ) ;
#3109 = FACE_OUTER_BOUND ( 'NONE', #2642, .T. ) ;
#3110 = EDGE_LOOP ( 'NONE', ( #1718, #946, #1279, #2420 ) ) ;
#3111 = VERTEX_POINT ( 'NONE', #458 ) ;
#3112 = STYLED_ITEM ( 'NONE', ( #2858 ), #2327 ) ;
#3113 = CARTESIAN_POINT ( 'NONE',  ( 0.9900599135456413791, 0.7917087916980902751, 5.445977093973898064 ) ) ;
#3114 = EDGE_CURVE ( 'NONE', #4010, #1410, #4415, .T. ) ;
#3115 = SURFACE_STYLE_USAGE ( .BOTH. , #997 ) ;
#3116 = ADVANCED_FACE ( 'NONE', ( #1914 ), #4062, .T. ) ;
#3117 = PRESENTATION_LAYER_ASSIGNMENT (  '', '', ( #2213 ) ) ;
#3118 = EDGE_LOOP ( 'NONE', ( #3063, #2513, #629, #380, #2809, #2378, #931, #1539, #965, #3291, #1611, #2890 ) ) ;
#3119 = CARTESIAN_POINT ( 'NONE',  ( -1.919613011442830475, 0.07170879169809038500, 3.900000000001600853 ) ) ;
#3120 = DIRECTION ( 'NONE',  ( 1.376933246922772114E-16, -1.000000000000000000, 0.000000000000000000 ) ) ;
#3121 = CARTESIAN_POINT ( 'NONE',  ( 0.3303869885571688592, 0.2117087916980894546, 3.450000000001601119 ) ) ;
#3122 = LINE ( 'NONE', #4284, #4555 ) ;
#3123 = SURFACE_STYLE_USAGE ( .BOTH. , #2346 ) ;
#3124 = PLANE ( 'NONE',  #1860 ) ;
#3125 = ORIENTED_EDGE ( 'NONE', *, *, #3103, .T. ) ;
#3126 = SURFACE_SIDE_STYLE ('',( #1652 ) ) ;
#3127 = SURFACE_STYLE_FILL_AREA ( #3780 ) ;
#3128 = CARTESIAN_POINT ( 'NONE',  ( -2.169613011442830253, -0.5082912083019105465, 4.800000000001600320 ) ) ;
#3129 = AXIS2_PLACEMENT_3D ( 'NONE', #4542, #2673, #1617 ) ;
#3130 = CARTESIAN_POINT ( 'NONE',  ( -2.169613011442831141, 0.7917087916980901641, 4.800000000001600320 ) ) ;
#3131 = VECTOR ( 'NONE', #4481, 1000.000000000000000 ) ;
#3132 = CARTESIAN_POINT ( 'NONE',  ( -2.169613011442830253, 0.7917087916980901641, 4.500000000001600498 ) ) ;
#3133 = CARTESIAN_POINT ( 'NONE',  ( -2.169613011442830253, 1.841708791698089875, 5.380000000001600391 ) ) ;
#3134 = VECTOR ( 'NONE', #3479, 1000.000000000000000 ) ;
#3135 =( NAMED_UNIT ( * ) SI_UNIT ( $, .STERADIAN. ) SOLID_ANGLE_UNIT ( ) );
#3136 = DIRECTION ( 'NONE',  ( 1.000000000000000000, 0.000000000000000000, 0.000000000000000000 ) ) ;
#3137 =( NAMED_UNIT ( * ) PLANE_ANGLE_UNIT ( ) SI_UNIT ( $, .RADIAN. ) );
#3138 = UNCERTAINTY_MEASURE_WITH_UNIT (LENGTH_MEASURE( 1.000000000000000082E-05 ), #1584, 'distance_accuracy_value', 'NONE');
#3139 = ORIENTED_EDGE ( 'NONE', *, *, #1465, .F. ) ;
#3140 = ORIENTED_EDGE ( 'NONE', *, *, #2423, .T. ) ;
#3141 = CARTESIAN_POINT ( 'NONE',  ( -2.416507001187885528, -0.5082912083019104355, 4.500000000001600498 ) ) ;
#3142 =( GEOMETRIC_REPRESENTATION_CONTEXT ( 3 ) GLOBAL_UNCERTAINTY_ASSIGNED_CONTEXT ( ( #1777 ) ) GLOBAL_UNIT_ASSIGNED_CONTEXT ( ( #2320, #540, #3427 ) ) REPRESENTATION_CONTEXT ( 'NONE', 'WORKASPACE' ) );
#3143 = PRESENTATION_LAYER_ASSIGNMENT (  '', '', ( #2544 ) ) ;
#3144 =( BOUNDED_CURVE ( )  B_SPLINE_CURVE ( 3, ( #2543, #4340, #1133, #4295 ),
 .UNSPECIFIED., .F., .F. ) 
 B_SPLINE_CURVE_WITH_KNOTS ( ( 4, 4 ),
 ( 3.141592653589793116, 4.712388980384687898 ),
 .UNSPECIFIED. ) 
 CURVE ( )  GEOMETRIC_REPRESENTATION_ITEM ( )  RATIONAL_B_SPLINE_CURVE ( ( 1.000000000000000000, 0.8047378541243654926, 0.8047378541243654926, 1.000000000000000000 ) ) 
 REPRESENTATION_ITEM ( '' )  );
#3145 = COLOUR_RGB ( '',0.4392156862745097978, 0.4392156862745097978, 0.4392156862745097978 ) ;
#3146 = DIRECTION ( 'NONE',  ( 1.000000000000000000, 0.000000000000000000, 0.000000000000000000 ) ) ;
#3147 = PRESENTATION_LAYER_ASSIGNMENT (  '', '', ( #2913 ) ) ;
#3148 = UNCERTAINTY_MEASURE_WITH_UNIT (LENGTH_MEASURE( 1.000000000000000082E-05 ), #81, 'distance_accuracy_value', 'NONE');
#3149 = ORIENTED_EDGE ( 'NONE', *, *, #2790, .F. ) ;
#3150 = CARTESIAN_POINT ( 'NONE',  ( -2.169613011442830253, 1.841708791698089875, 3.450000000001601119 ) ) ;
#3151 =( LENGTH_UNIT ( ) NAMED_UNIT ( * ) SI_UNIT ( .MILLI., .METRE. ) );
#3152 = AXIS2_PLACEMENT_3D ( 'NONE', #1244, #3030, #3433 ) ;
#3153 =( LENGTH_UNIT ( ) NAMED_UNIT ( * ) SI_UNIT ( .MILLI., .METRE. ) );
#3154 = EDGE_LOOP ( 'NONE', ( #1144, #2691, #1898, #2850 ) ) ;
#3155 = DIRECTION ( 'NONE',  ( -0.4597709397229662320, -8.932844958344686485E-17, -0.8880375459327497500 ) ) ;
#3156 = CARTESIAN_POINT ( 'NONE',  ( -1.869613011442830430, 1.317444722986160999, 3.750000000001600942 ) ) ;
#3157 = SURFACE_SIDE_STYLE ('',( #1060 ) ) ;
#3158 = DIRECTION ( 'NONE',  ( 1.000000000000000000, 0.000000000000000000, 0.000000000000000000 ) ) ;
#3159 = FACE_OUTER_BOUND ( 'NONE', #419, .T. ) ;
#3160 = ORIENTED_EDGE ( 'NONE', *, *, #153, .F. ) ;
#3161 = CARTESIAN_POINT ( 'NONE',  ( 0.2303869885571692422, -0.07829120830190962332, 3.650000000001600853 ) ) ;
#3162 = LINE ( 'NONE', #571, #38 ) ;
#3163 = CARTESIAN_POINT ( 'NONE',  ( -2.234004899981251402, 0.7917087916980901641, 4.800000000001600320 ) ) ;
#3164 = LINE ( 'NONE', #1364, #2172 ) ;
#3165 = CARTESIAN_POINT ( 'NONE',  ( -2.169613011442830253, -0.5082912083019105465, 4.500000000001600498 ) ) ;
#3166 = ORIENTED_EDGE ( 'NONE', *, *, #3597, .T. ) ;
#3167 = ORIENTED_EDGE ( 'NONE', *, *, #1866, .F. ) ;
#3168 = LINE ( 'NONE', #2079, #1290 ) ;
#3169 = AXIS2_PLACEMENT_3D ( 'NONE', #4312, #1003, #4626 ) ;
#3170 = DIRECTION ( 'NONE',  ( -0.000000000000000000, -0.000000000000000000, -1.000000000000000000 ) ) ;
#3171 = EDGE_CURVE ( 'NONE', #3381, #2788, #618, .T. ) ;
#3172 = PLANE ( 'NONE',  #2123 ) ;
#3173 = FILL_AREA_STYLE_COLOUR ( '', #2668 ) ;
#3174 = PLANE ( 'NONE',  #1460 ) ;
#3175 = CARTESIAN_POINT ( 'NONE',  ( -2.602925838464816621, 1.291708791698090053, 4.742564309982864934 ) ) ;
#3176 = ORIENTED_EDGE ( 'NONE', *, *, #1000, .T. ) ;
#3177 = DIRECTION ( 'NONE',  ( 1.000000000000000000, 0.000000000000000000, 0.000000000000000000 ) ) ;
#3178 = EDGE_CURVE ( 'NONE', #896, #1153, #2045, .T. ) ;
#3179 = STYLED_ITEM ( 'NONE', ( #659 ), #4503 ) ;
#3180 = LINE ( 'NONE', #642, #2587 ) ;
#3181 =( NAMED_UNIT ( * ) PLANE_ANGLE_UNIT ( ) SI_UNIT ( $, .RADIAN. ) );
#3182 = CARTESIAN_POINT ( 'NONE',  ( 0.2803869885571689258, 0.2117087916980894546, 3.900000000001600853 ) ) ;
#3183 = EDGE_CURVE ( 'NONE', #1612, #35, #937, .T. ) ;
#3184 = ORIENTED_EDGE ( 'NONE', *, *, #464, .F. ) ;
#3185 = CARTESIAN_POINT ( 'NONE',  ( -2.169613011442830697, -1.558291208301909814, 5.380000000001600391 ) ) ;
#3186 = UNCERTAINTY_MEASURE_WITH_UNIT (LENGTH_MEASURE( 1.000000000000000082E-05 ), #95, 'distance_accuracy_value', 'NONE');
#3187 = PRESENTATION_STYLE_ASSIGNMENT (( #3232 ) ) ;
#3188 = EDGE_CURVE ( 'NONE', #1301, #2060, #244, .T. ) ;
#3189 = VECTOR ( 'NONE', #2482, 1000.000000000000000 ) ;
#3190 = STYLED_ITEM ( 'NONE', ( #4116 ), #1917 ) ;
#3191 = DIRECTION ( 'NONE',  ( 0.000000000000000000, 1.000000000000000000, 0.000000000000000000 ) ) ;
#3192 = LINE ( 'NONE', #368, #545 ) ;
#3193 = DIRECTION ( 'NONE',  ( -8.474091755303839943E-32, -1.000000000000000000, -0.000000000000000000 ) ) ;
#3194 = COLOUR_RGB ( '',0.5372549019607842924, 0.3490196078431372362, 0.3372549019607843368 ) ;
#3195 = VERTEX_POINT ( 'NONE', #3854 ) ;
#3196 = VERTEX_POINT ( 'NONE', #3080 ) ;
#3197 = CARTESIAN_POINT ( 'NONE',  ( 0.9636998155791555165, -0.5082912083019098803, 4.742564309982865822 ) ) ;
#3198 = DIRECTION ( 'NONE',  ( 1.637951978259724831E-16, 1.000000000000000000, 1.665334536937734811E-16 ) ) ;
#3199 = CARTESIAN_POINT ( 'NONE',  ( -1.769613011442830341, -1.158291208301910125, 3.650000000001600853 ) ) ;
#3200 = VECTOR ( 'NONE', #666, 1000.000000000000000 ) ;
#3201 = CYLINDRICAL_SURFACE ( 'NONE', #1484, 0.04999999999999991257 ) ;
#3202 = CARTESIAN_POINT ( 'NONE',  ( 0.5303869885571697029, -1.008291208301909769, 4.800000000001601208 ) ) ;
#3203 = FACE_OUTER_BOUND ( 'NONE', #3812, .T. ) ;
#3204 = ORIENTED_EDGE ( 'NONE', *, *, #3457, .F. ) ;
#3205 = DIRECTION ( 'NONE',  ( -0.7071067811865472397, 0.7071067811865479058, 0.000000000000000000 ) ) ;
#3206 = SURFACE_STYLE_FILL_AREA ( #4607 ) ;
#3207 = DIRECTION ( 'NONE',  ( -0.7071067811865474617, 0.7071067811865474617, 0.000000000000000000 ) ) ;
#3208 = ORIENTED_EDGE ( 'NONE', *, *, #1956, .T. ) ;
#3209 = DIRECTION ( 'NONE',  ( -0.000000000000000000, -0.000000000000000000, -1.000000000000000000 ) ) ;
#3210 = DIRECTION ( 'NONE',  ( 0.000000000000000000, 0.000000000000000000, -1.000000000000000000 ) ) ;
#3211 = CARTESIAN_POINT ( 'NONE',  ( -1.940323689561485043, 0.09241946981674507844, 3.400000000001600409 ) ) ;
#3212 = PLANE ( 'NONE',  #392 ) ;
#3213 =( GEOMETRIC_REPRESENTATION_CONTEXT ( 3 ) GLOBAL_UNCERTAINTY_ASSIGNED_CONTEXT ( ( #4267 ) ) GLOBAL_UNIT_ASSIGNED_CONTEXT ( ( #3025, #2037, #3408 ) ) REPRESENTATION_CONTEXT ( 'NONE', 'WORKASPACE' ) );
#3214 = EDGE_LOOP ( 'NONE', ( #1477, #2012, #2808, #4560, #2665 ) ) ;
#3215 = ORIENTED_EDGE ( 'NONE', *, *, #3457, .T. ) ;
#3216 = PRESENTATION_LAYER_ASSIGNMENT (  '', '', ( #1868 ) ) ;
#3217 = FACE_OUTER_BOUND ( 'NONE', #3249, .T. ) ;
#3218 = AXIS2_PLACEMENT_3D ( 'NONE', #1426, #4235, #687 ) ;
#3219 = VERTEX_POINT ( 'NONE', #287 ) ;
#3220 = CARTESIAN_POINT ( 'NONE',  ( 0.5303869885571695919, 1.841708791698089875, 3.450000000001601119 ) ) ;
#3221 = CARTESIAN_POINT ( 'NONE',  ( 0.7772809783022247565, 0.7917087916980901641, 4.600000000001601919 ) ) ;
#3222 = LINE ( 'NONE', #1767, #491 ) ;
#3223 =( GEOMETRIC_REPRESENTATION_CONTEXT ( 3 ) GLOBAL_UNCERTAINTY_ASSIGNED_CONTEXT ( ( #2151 ) ) GLOBAL_UNIT_ASSIGNED_CONTEXT ( ( #2270, #818, #1533 ) ) REPRESENTATION_CONTEXT ( 'NONE', 'WORKASPACE' ) );
#3224 = SURFACE_STYLE_USAGE ( .BOTH. , #2865 ) ;
#3225 = PRESENTATION_LAYER_ASSIGNMENT (  '', '', ( #4585 ) ) ;
#3226 = EDGE_LOOP ( 'NONE', ( #375, #658, #3607, #2905 ) ) ;
#3227 = CARTESIAN_POINT ( 'NONE',  ( 0.6972885517993305804, 1.291708791698090275, 4.880495591899755681 ) ) ;
#3228 = SURFACE_STYLE_FILL_AREA ( #1008 ) ;
#3229 = PRESENTATION_STYLE_ASSIGNMENT (( #941 ) ) ;
#3230 = PLANE ( 'NONE',  #1246 ) ;
#3231 = ORIENTED_EDGE ( 'NONE', *, *, #969, .F. ) ;
#3232 = SURFACE_STYLE_USAGE ( .BOTH. , #2498 ) ;
#3233 = STYLED_ITEM ( 'NONE', ( #4490 ), #1998 ) ;
#3234 = EDGE_CURVE ( 'NONE', #371, #3239, #3162, .T. ) ;
#3235 = SURFACE_STYLE_FILL_AREA ( #2396 ) ;
#3236 = CARTESIAN_POINT ( 'NONE',  ( 0.9636998155791556275, 0.7917087916980902751, 4.742564309982865822 ) ) ;
#3237 = LINE ( 'NONE', #2567, #190 ) ;
#3238 = UNCERTAINTY_MEASURE_WITH_UNIT (LENGTH_MEASURE( 1.000000000000000082E-05 ), #1883, 'distance_accuracy_value', 'NONE');
#3239 = VERTEX_POINT ( 'NONE', #3130 ) ;
#3240 = APPLICATION_PROTOCOL_DEFINITION ( 'draft international standard', 'automotive_design', 1998, #1608 ) ;
#3241 = DIRECTION ( 'NONE',  ( 0.000000000000000000, -1.000000000000000000, 0.000000000000000000 ) ) ;
#3242 = ADVANCED_FACE ( 'NONE', ( #4582 ), #1630, .F. ) ;
#3243 = VERTEX_POINT ( 'NONE', #2002 ) ;
#3244 = CARTESIAN_POINT ( 'NONE',  ( -1.969613011442830519, 1.358866079223470802, 3.400000000001600853 ) ) ;
#3245 = VECTOR ( 'NONE', #3155, 999.9999999999998863 ) ;
#3246 = VECTOR ( 'NONE', #1432, 1000.000000000000000 ) ;
#3247 =( LENGTH_UNIT ( ) NAMED_UNIT ( * ) SI_UNIT ( .MILLI., .METRE. ) );
#3248 = DIRECTION ( 'NONE',  ( -6.377659838150027460E-17, -1.000000000000000000, 0.000000000000000000 ) ) ;
#3249 = EDGE_LOOP ( 'NONE', ( #664, #560, #152, #3537 ) ) ;
#3250 = SURFACE_STYLE_USAGE ( .BOTH. , #2186 ) ;
#3251 = CARTESIAN_POINT ( 'NONE',  ( -1.919613011442830253, 0.2117087916980894546, 3.450000000001601119 ) ) ;
#3252 = AXIS2_PLACEMENT_3D ( 'NONE', #3299, #1908, #1519 ) ;
#3253 = FILL_AREA_STYLE_COLOUR ( '', #698 ) ;
#3254 =( LENGTH_UNIT ( ) NAMED_UNIT ( * ) SI_UNIT ( .MILLI., .METRE. ) );
#3255 = ORIENTED_EDGE ( 'NONE', *, *, #4067, .F. ) ;
#3256 = LINE ( 'NONE', #4266, #150 ) ;
#3257 = AXIS2_PLACEMENT_3D ( 'NONE', #3262, #431, #722 ) ;
#3258 = SURFACE_STYLE_FILL_AREA ( #3554 ) ;
#3259 = PRESENTATION_STYLE_ASSIGNMENT (( #1459 ) ) ;
#3260 = VECTOR ( 'NONE', #4623, 1000.000000000000000 ) ;
#3261 = PRESENTATION_STYLE_ASSIGNMENT (( #4414 ) ) ;
#3262 = CARTESIAN_POINT ( 'NONE',  ( -0.8196130114428307190, 0.1417087916980892537, 3.400000000001600853 ) ) ;
#3263 = ADVANCED_FACE ( 'NONE', ( #1658, #2722 ), #3459, .T. ) ;
#3264 = EDGE_LOOP ( 'NONE', ( #1616, #3406, #4522, #1235 ) ) ;
#3265 = FACE_OUTER_BOUND ( 'NONE', #692, .T. ) ;
#3266 = STYLED_ITEM ( 'NONE', ( #4472 ), #1930 ) ;
#3267 = FILL_AREA_STYLE ('',( #2129 ) ) ;
#3268 = VERTEX_POINT ( 'NONE', #2473 ) ;
#3269 =( LENGTH_UNIT ( ) NAMED_UNIT ( * ) SI_UNIT ( .MILLI., .METRE. ) );
#3270 = EDGE_CURVE ( 'NONE', #3983, #4092, #3578, .T. ) ;
#3271 = PRESENTATION_LAYER_ASSIGNMENT (  '', '', ( #2657 ) ) ;
#3272 = ADVANCED_FACE ( 'NONE', ( #3 ), #719, .F. ) ;
#3273 = CARTESIAN_POINT ( 'NONE',  ( 0.5303869885571698140, -0.5082912083019097693, 4.682150905820582132 ) ) ;
#3274 = ORIENTED_EDGE ( 'NONE', *, *, #812, .F. ) ;
#3275 = CARTESIAN_POINT ( 'NONE',  ( -2.719613011442830963, 1.291708791698090053, 5.500000000001600498 ) ) ;
#3276 = CARTESIAN_POINT ( 'NONE',  ( 0.1889656323198594667, 1.500287435460780916, 3.650000000001601297 ) ) ;
#3277 = ORIENTED_EDGE ( 'NONE', *, *, #4513, .F. ) ;
#3278 =( NAMED_UNIT ( * ) PLANE_ANGLE_UNIT ( ) SI_UNIT ( $, .RADIAN. ) );
#3279 = UNCERTAINTY_MEASURE_WITH_UNIT (LENGTH_MEASURE( 1.000000000000000082E-05 ), #477, 'distance_accuracy_value', 'NONE');
#3280 = FILL_AREA_STYLE ('',( #1110 ) ) ;
#3281 = DIRECTION ( 'NONE',  ( -1.000000000000000000, 0.000000000000000000, 0.000000000000000000 ) ) ;
#3282 = LINE ( 'NONE', #4274, #3620 ) ;
#3283 = UNCERTAINTY_MEASURE_WITH_UNIT (LENGTH_MEASURE( 1.000000000000000082E-05 ), #3254, 'distance_accuracy_value', 'NONE');
#3284 = STYLED_ITEM ( 'NONE', ( #3742 ), #585 ) ;
#3285 = MECHANICAL_DESIGN_GEOMETRIC_PRESENTATION_REPRESENTATION (  '', ( #2365 ), #4569 ) ;
#3286 = EDGE_CURVE ( 'NONE', #2104, #3991, #69, .T. ) ;
#3287 = ORIENTED_EDGE ( 'NONE', *, *, #2618, .F. ) ;
#3288 = CIRCLE ( 'NONE', #457, 0.1000000000000000472 ) ;
#3289 = LINE ( 'NONE', #85, #4285 ) ;
#3290 = AXIS2_PLACEMENT_3D ( 'NONE', #1726, #1406, #757 ) ;
#3291 = ORIENTED_EDGE ( 'NONE', *, *, #3767, .T. ) ;
#3292 = SURFACE_STYLE_USAGE ( .BOTH. , #2625 ) ;
#3293 = DIRECTION ( 'NONE',  ( -1.000000000000000000, 0.000000000000000000, 0.000000000000000000 ) ) ;
#3294 = VECTOR ( 'NONE', #1747, 1000.000000000000000 ) ;
#3295 = AXIS2_PLACEMENT_3D ( 'NONE', #2218, #3716, #4469 ) ;
#3296 =( BOUNDED_CURVE ( )  B_SPLINE_CURVE ( 3, ( #1362, #387, #3211, #1807 ),
 .UNSPECIFIED., .F., .F. ) 
 B_SPLINE_CURVE_WITH_KNOTS ( ( 4, 4 ),
 ( 3.141592653589793116, 4.712388980384689674 ),
 .UNSPECIFIED. ) 
 CURVE ( )  GEOMETRIC_REPRESENTATION_ITEM ( )  RATIONAL_B_SPLINE_CURVE ( ( 1.000000000000000000, 0.8047378541243649375, 0.8047378541243649375, 1.000000000000000000 ) ) 
 REPRESENTATION_ITEM ( '' )  );
#3297 = ORIENTED_EDGE ( 'NONE', *, *, #2758, .T. ) ;
#3298 = VECTOR ( 'NONE', #2475, 1000.000000000000000 ) ;
#3299 = CARTESIAN_POINT ( 'NONE',  ( -2.234004899981251402, 1.291708791698090275, 4.900000000001600853 ) ) ;
#3300 = DIRECTION ( 'NONE',  ( 1.000000000000000000, 0.000000000000000000, 0.000000000000000000 ) ) ;
#3301 = DIRECTION ( 'NONE',  ( -1.637951978259724831E-16, -1.000000000000000000, -1.665334536937734811E-16 ) ) ;
#3302 = SURFACE_SIDE_STYLE ('',( #2635 ) ) ;
#3303 = FILL_AREA_STYLE ('',( #1528 ) ) ;
#3304 = PRODUCT_CONTEXT ( 'NONE', #4438, 'mechanical' ) ;
#3305 = COLOUR_RGB ( '',0.4392156862745097978, 0.4392156862745097978, 0.4392156862745097978 ) ;
#3306 = EDGE_LOOP ( 'NONE', ( #2323, #4455, #733, #3660 ) ) ;
#3307 = SURFACE_STYLE_FILL_AREA ( #4398 ) ;
#3308 = DIRECTION ( 'NONE',  ( 1.000000000000000000, -8.628166150854817716E-32, -1.804757342600189920E-16 ) ) ;
#3309 = SURFACE_SIDE_STYLE ('',( #4025 ) ) ;
#3310 = EDGE_CURVE ( 'NONE', #2407, #2939, #2171, .T. ) ;
#3311 = DIRECTION ( 'NONE',  ( -1.571307496355803202E-16, 1.000000000000000000, -0.000000000000000000 ) ) ;
#3312 = ORIENTED_EDGE ( 'NONE', *, *, #2143, .T. ) ;
#3313 = EDGE_CURVE ( 'NONE', #1410, #3489, #3144, .T. ) ;
#3314 = CARTESIAN_POINT ( 'NONE',  ( 0.7772809783022245345, 1.291708791698090275, 4.600000000001601919 ) ) ;
#3315 = FACE_OUTER_BOUND ( 'NONE', #2963, .T. ) ;
#3316 = MECHANICAL_DESIGN_GEOMETRIC_PRESENTATION_REPRESENTATION (  '', ( #3389 ), #488 ) ;
#3317 = VERTEX_POINT ( 'NONE', #1085 ) ;
#3318 = DIRECTION ( 'NONE',  ( 5.551115123125780237E-17, 1.078520768856851804E-32, 1.000000000000000000 ) ) ;
#3319 = EDGE_CURVE ( 'NONE', #2688, #2672, #406, .T. ) ;
#3320 = CARTESIAN_POINT ( 'NONE',  ( -1.666059620849556167, 1.591708791698089875, 3.900000000001600853 ) ) ;
#3321 = PLANE ( 'NONE',  #4173 ) ;
#3322 = EDGE_CURVE ( 'NONE', #921, #2761, #3625, .T. ) ;
#3323 =( NAMED_UNIT ( * ) SI_UNIT ( $, .STERADIAN. ) SOLID_ANGLE_UNIT ( ) );
#3324 = ADVANCED_FACE ( 'NONE', ( #168 ), #3748, .T. ) ;
#3325 = CARTESIAN_POINT ( 'NONE',  ( -2.890237028700575639, -1.008291208301910435, 5.080000000001600569 ) ) ;
#3326 = SURFACE_SIDE_STYLE ('',( #1895 ) ) ;
#3327 = MECHANICAL_DESIGN_GEOMETRIC_PRESENTATION_REPRESENTATION (  '', ( #654 ), #572 ) ;
#3328 = CARTESIAN_POINT ( 'NONE',  ( -2.119613011442830430, -1.508291208301909991, 3.400000000001600853 ) ) ;
#3329 = DIRECTION ( 'NONE',  ( 8.474091755303839943E-32, 1.000000000000000000, 0.000000000000000000 ) ) ;
#3330 = VERTEX_POINT ( 'NONE', #2610 ) ;
#3331 = ORIENTED_EDGE ( 'NONE', *, *, #1857, .F. ) ;
#3332 =( NAMED_UNIT ( * ) PLANE_ANGLE_UNIT ( ) SI_UNIT ( $, .RADIAN. ) );
#3333 = VECTOR ( 'NONE', #2469, 1000.000000000000000 ) ;
#3334 = PRESENTATION_STYLE_ASSIGNMENT (( #83 ) ) ;
#3335 = PRESENTATION_LAYER_ASSIGNMENT (  '', '', ( #947 ) ) ;
#3336 = ORIENTED_EDGE ( 'NONE', *, *, #1075, .T. ) ;
#3337 = FACE_OUTER_BOUND ( 'NONE', #1206, .T. ) ;
#3338 = AXIS2_PLACEMENT_3D ( 'NONE', #3808, #1632, #1317 ) ;
#3339 = CARTESIAN_POINT ( 'NONE',  ( 0.2303869885571690201, -1.258291208301910213, 3.750000000001600942 ) ) ;
#3340 = CARTESIAN_POINT ( 'NONE',  ( -1.869613011442830430, -1.258291208301910213, 3.750000000001600942 ) ) ;
#3341 = EDGE_LOOP ( 'NONE', ( #3593, #3231, #285, #12 ) ) ;
#3342 = DIRECTION ( 'NONE',  ( 0.4597709397229664541, 8.932844958344691415E-17, 0.8880375459327495280 ) ) ;
#3343 = CARTESIAN_POINT ( 'NONE',  ( -1.666059620849556167, 1.591708791698089875, 3.900000000001600853 ) ) ;
#3344 = STYLED_ITEM ( 'NONE', ( #990 ), #2393 ) ;
#3345 = LINE ( 'NONE', #809, #3728 ) ;
#3346 = CIRCLE ( 'NONE', #4405, 0.09999999999999982514 ) ;
#3347 = FILL_AREA_STYLE_COLOUR ( '', #4130 ) ;
#3348 =( GEOMETRIC_REPRESENTATION_CONTEXT ( 3 ) GLOBAL_UNCERTAINTY_ASSIGNED_CONTEXT ( ( #1137 ) ) GLOBAL_UNIT_ASSIGNED_CONTEXT ( ( #2959, #874, #2593 ) ) REPRESENTATION_CONTEXT ( 'NONE', 'WORKASPACE' ) );
#3349 = DIRECTION ( 'NONE',  ( -1.000000000000000000, 1.637951978259724831E-16, -2.840569171771059074E-17 ) ) ;
#3350 = DIRECTION ( 'NONE',  ( 1.000000000000000000, -1.114032275271057355E-16, -0.000000000000000000 ) ) ;
#3351 = CARTESIAN_POINT ( 'NONE',  ( -2.719613011442830075, -0.5082912083019104355, 4.500000000001600498 ) ) ;
#3352 = ORIENTED_EDGE ( 'NONE', *, *, #2081, .F. ) ;
#3353 = EDGE_LOOP ( 'NONE', ( #234, #348, #1495, #4247 ) ) ;
#3354 = PRESENTATION_STYLE_ASSIGNMENT (( #2731 ) ) ;
#3355 = COLOUR_RGB ( '',0.4392156862745097978, 0.4392156862745097978, 0.4392156862745097978 ) ;
#3356 = STYLED_ITEM ( 'NONE', ( #1567 ), #844 ) ;
#3357 = FILL_AREA_STYLE_COLOUR ( '', #2505 ) ;
#3358 = PRESENTATION_LAYER_ASSIGNMENT (  '', '', ( #2974 ) ) ;
#3359 = PRESENTATION_STYLE_ASSIGNMENT (( #1192 ) ) ;
#3360 = ORIENTED_EDGE ( 'NONE', *, *, #1525, .T. ) ;
#3361 = EDGE_LOOP ( 'NONE', ( #3208, #446, #3060, #1711 ) ) ;
#3362 = CARTESIAN_POINT ( 'NONE',  ( -1.869613011442830652, 0.02170879169809038917, 3.900000000001600853 ) ) ;
#3363 = PRESENTATION_LAYER_ASSIGNMENT (  '', '', ( #4502 ) ) ;
#3364 = DIRECTION ( 'NONE',  ( 1.942890293094024439E-16, -1.000000000000000000, -0.000000000000000000 ) ) ;
#3365 = VECTOR ( 'NONE', #1558, 1000.000000000000000 ) ;
#3366 = EDGE_CURVE ( 'NONE', #3478, #1440, #1521, .T. ) ;
#3367 = STYLED_ITEM ( 'NONE', ( #3949 ), #1566 ) ;
#3368 = PLANE ( 'NONE',  #281 ) ;
#3369 = FACE_OUTER_BOUND ( 'NONE', #2177, .T. ) ;
#3370 =( GEOMETRIC_REPRESENTATION_CONTEXT ( 3 ) GLOBAL_UNCERTAINTY_ASSIGNED_CONTEXT ( ( #811 ) ) GLOBAL_UNIT_ASSIGNED_CONTEXT ( ( #3963, #1189, #839 ) ) REPRESENTATION_CONTEXT ( 'NONE', 'WORKASPACE' ) );
#3371 = SURFACE_STYLE_USAGE ( .BOTH. , #151 ) ;
#3372 = ORIENTED_EDGE ( 'NONE', *, *, #4425, .F. ) ;
#3373 = UNCERTAINTY_MEASURE_WITH_UNIT (LENGTH_MEASURE( 1.000000000000000082E-05 ), #852, 'distance_accuracy_value', 'NONE');
#3374 = ORIENTED_EDGE ( 'NONE', *, *, #2962, .T. ) ;
#3375 = PRESENTATION_LAYER_ASSIGNMENT (  '', '', ( #3529 ) ) ;
#3376 = SURFACE_STYLE_FILL_AREA ( #2336 ) ;
#3377 = SURFACE_STYLE_FILL_AREA ( #2597 ) ;
#3378 = EDGE_CURVE ( 'NONE', #4164, #4442, #3001, .T. ) ;
#3379 = PLANE ( 'NONE',  #356 ) ;
#3380 = LINE ( 'NONE', #2447, #386 ) ;
#3381 = VERTEX_POINT ( 'NONE', #1218 ) ;
#3382 = CARTESIAN_POINT ( 'NONE',  ( -2.719613011442830963, 1.291708791698090053, 5.500000000001600498 ) ) ;
#3383 = CYLINDRICAL_SURFACE ( 'NONE', #854, 0.05000000000000012768 ) ;
#3384 = ORIENTED_EDGE ( 'NONE', *, *, #3656, .F. ) ;
#3385 = DIRECTION ( 'NONE',  ( -1.000000000000000000, 1.637951978259724831E-16, -2.840569171771059074E-17 ) ) ;
#3386 =( LENGTH_UNIT ( ) NAMED_UNIT ( * ) SI_UNIT ( .MILLI., .METRE. ) );
#3387 = CARTESIAN_POINT ( 'NONE',  ( -1.869613011442830430, 1.317444722986160999, 3.750000000001600942 ) ) ;
#3388 = CARTESIAN_POINT ( 'NONE',  ( -2.003191655205520672, 1.325287435460780205, 3.400000000001600853 ) ) ;
#3389 = STYLED_ITEM ( 'NONE', ( #3187 ), #3263 ) ;
#3390 = VECTOR ( 'NONE', #3526, 1000.000000000000000 ) ;
#3391 = DIRECTION ( 'NONE',  ( 1.376933246922772114E-16, -1.000000000000000000, -0.000000000000000000 ) ) ;
#3392 = AXIS2_PLACEMENT_3D ( 'NONE', #4237, #2418, #3158 ) ;
#3393 = COLOUR_RGB ( '',0.5372549019607842924, 0.3490196078431372362, 0.3372549019607843368 ) ;
#3394 = PRESENTATION_STYLE_ASSIGNMENT (( #4557 ) ) ;
#3395 = ORIENTED_EDGE ( 'NONE', *, *, #2108, .F. ) ;
#3396 = FILL_AREA_STYLE_COLOUR ( '', #4459 ) ;
#3397 = MECHANICAL_DESIGN_GEOMETRIC_PRESENTATION_REPRESENTATION (  '', ( #1391 ), #2796 ) ;
#3398 = VERTEX_POINT ( 'NONE', #4457 ) ;
#3399 = PLANE ( 'NONE',  #3708 ) ;
#3400 = CARTESIAN_POINT ( 'NONE',  ( 1.080386988557170191, 0.7917087916980902751, 5.500000000001601386 ) ) ;
#3401 = COLOUR_RGB ( '',0.4392156862745097978, 0.4392156862745097978, 0.4392156862745097978 ) ;
#3402 = DIRECTION ( 'NONE',  ( -0.000000000000000000, 1.000000000000000000, -0.000000000000000000 ) ) ;
#3403 = CARTESIAN_POINT ( 'NONE',  ( -2.719613011442830075, -0.5082912083019104355, 4.682150905820581244 ) ) ;
#3404 = VERTEX_POINT ( 'NONE', #3343 ) ;
#3405 = ADVANCED_FACE ( 'NONE', ( #2654 ), #4034, .F. ) ;
#3406 = ORIENTED_EDGE ( 'NONE', *, *, #2676, .T. ) ;
#3407 = CARTESIAN_POINT ( 'NONE',  ( -1.869613011442830430, -1.258291208301910213, 3.900000000001600853 ) ) ;
#3408 =( NAMED_UNIT ( * ) SI_UNIT ( $, .STERADIAN. ) SOLID_ANGLE_UNIT ( ) );
#3409 = FILL_AREA_STYLE_COLOUR ( '', #3737 ) ;
#3410 =( LENGTH_UNIT ( ) NAMED_UNIT ( * ) SI_UNIT ( .MILLI., .METRE. ) );
#3411 =( LENGTH_UNIT ( ) NAMED_UNIT ( * ) SI_UNIT ( .MILLI., .METRE. ) );
#3412 = CIRCLE ( 'NONE', #4028, 0.1000000000000000472 ) ;
#3413 = DIRECTION ( 'NONE',  ( 1.000000000000000000, -8.628166150854818811E-32, 1.736319334706108787E-16 ) ) ;
#3414 =( GEOMETRIC_REPRESENTATION_CONTEXT ( 3 ) GLOBAL_UNCERTAINTY_ASSIGNED_CONTEXT ( ( #2524 ) ) GLOBAL_UNIT_ASSIGNED_CONTEXT ( ( #3565, #4347, #791 ) ) REPRESENTATION_CONTEXT ( 'NONE', 'WORKASPACE' ) );
#3415 = DIRECTION ( 'NONE',  ( -1.000000000000000000, 1.114032275271057355E-16, 0.000000000000000000 ) ) ;
#3416 = EDGE_LOOP ( 'NONE', ( #2156, #521, #3582, #2244 ) ) ;
#3417 = COLOUR_RGB ( '',0.5372549019607842924, 0.3490196078431372362, 0.3372549019607843368 ) ;
#3418 = FILL_AREA_STYLE ('',( #1886 ) ) ;
#3419 = VERTEX_POINT ( 'NONE', #1541 ) ;
#3420 = SURFACE_SIDE_STYLE ('',( #3376 ) ) ;
#3421 = ADVANCED_FACE ( 'NONE', ( #1871 ), #2948, .T. ) ;
#3422 = DIRECTION ( 'NONE',  ( 0.000000000000000000, -1.000000000000000000, 0.000000000000000000 ) ) ;
#3423 = DIRECTION ( 'NONE',  ( -1.000000000000000000, 0.000000000000000000, 0.000000000000000000 ) ) ;
#3424 = EDGE_LOOP ( 'NONE', ( #2776, #4591, #3838, #3732 ) ) ;
#3425 = AXIS2_PLACEMENT_3D ( 'NONE', #1372, #3198, #2789 ) ;
#3426 = EDGE_CURVE ( 'NONE', #102, #2986, #3779, .T. ) ;
#3427 =( NAMED_UNIT ( * ) SI_UNIT ( $, .STERADIAN. ) SOLID_ANGLE_UNIT ( ) );
#3428 = CARTESIAN_POINT ( 'NONE',  ( -2.801433274107301141, -0.5082912083019104355, 5.125977093973897780 ) ) ;
#3429 = DIRECTION ( 'NONE',  ( 1.637951978259724831E-16, 1.000000000000000000, 1.665334536937734811E-16 ) ) ;
#3430 = DIRECTION ( 'NONE',  ( 1.000000000000000000, 0.000000000000000000, 0.000000000000000000 ) ) ;
#3431 = LINE ( 'NONE', #2020, #4573 ) ;
#3432 = LINE ( 'NONE', #4147, #1408 ) ;
#3433 = DIRECTION ( 'NONE',  ( 1.000000000000000000, 0.000000000000000000, 0.000000000000000000 ) ) ;
#3434 = EDGE_CURVE ( 'NONE', #4207, #4096, #3789, .T. ) ;
#3435 = VECTOR ( 'NONE', #2791, 1000.000000000000000 ) ;
#3436 = DIRECTION ( 'NONE',  ( 1.000000000000000000, 1.376933246922771375E-16, -1.586747737394814777E-16 ) ) ;
#3437 = FILL_AREA_STYLE_COLOUR ( '', #1210 ) ;
#3438 =( LENGTH_UNIT ( ) NAMED_UNIT ( * ) SI_UNIT ( .MILLI., .METRE. ) );
#3439 = PRESENTATION_LAYER_ASSIGNMENT (  '', '', ( #2615 ) ) ;
#3440 =( GEOMETRIC_REPRESENTATION_CONTEXT ( 3 ) GLOBAL_UNCERTAINTY_ASSIGNED_CONTEXT ( ( #4221 ) ) GLOBAL_UNIT_ASSIGNED_CONTEXT ( ( #4584, #3556, #4 ) ) REPRESENTATION_CONTEXT ( 'NONE', 'WORKASPACE' ) );
#3441 = ORIENTED_EDGE ( 'NONE', *, *, #4593, .T. ) ;
#3442 = ORIENTED_EDGE ( 'NONE', *, *, #2424, .F. ) ;
#3443 = SURFACE_STYLE_FILL_AREA ( #4443 ) ;
#3444 = DIRECTION ( 'NONE',  ( 8.474091755303839943E-32, 1.000000000000000000, 0.000000000000000000 ) ) ;
#3445 =( NAMED_UNIT ( * ) PLANE_ANGLE_UNIT ( ) SI_UNIT ( $, .RADIAN. ) );
#3446 = CIRCLE ( 'NONE', #4363, 0.1000000000000000472 ) ;
#3447 = ORIENTED_EDGE ( 'NONE', *, *, #3512, .T. ) ;
#3448 = LINE ( 'NONE', #4499, #3503 ) ;
#3449 = SURFACE_STYLE_USAGE ( .BOTH. , #3021 ) ;
#3450 = CARTESIAN_POINT ( 'NONE',  ( -1.969613011442830519, 0.1417087916980892537, 3.400000000001600853 ) ) ;
#3451 = EDGE_CURVE ( 'NONE', #102, #2075, #2414, .T. ) ;
#3452 = ADVANCED_FACE ( 'NONE', ( #3847 ), #3124, .F. ) ;
#3453 = CARTESIAN_POINT ( 'NONE',  ( 1.530386988557169703, -1.008291208301910213, 5.180000000001601990 ) ) ;
#3454 = SURFACE_STYLE_FILL_AREA ( #240 ) ;
#3455 = DIRECTION ( 'NONE',  ( -1.376933246922772114E-16, 1.000000000000000000, 0.000000000000000000 ) ) ;
#3456 = DIRECTION ( 'NONE',  ( 0.4597709397229664541, -2.231962315604803643E-16, 0.8880375459327496390 ) ) ;
#3457 = EDGE_CURVE ( 'NONE', #3478, #1962, #4144, .T. ) ;
#3458 = PRESENTATION_STYLE_ASSIGNMENT (( #616 ) ) ;
#3459 = PLANE ( 'NONE',  #409 ) ;
#3460 = FACE_OUTER_BOUND ( 'NONE', #1322, .T. ) ;
#3461 = SURFACE_SIDE_STYLE ('',( #4083 ) ) ;
#3462 = EDGE_CURVE ( 'NONE', #4207, #3010, #239, .T. ) ;
#3463 = EDGE_CURVE ( 'NONE', #2939, #1358, #1651, .T. ) ;
#3464 = AXIS2_PLACEMENT_3D ( 'NONE', #2520, #3974, #2121 ) ;
#3465 = FILL_AREA_STYLE ('',( #652 ) ) ;
#3466 = DIRECTION ( 'NONE',  ( 0.000000000000000000, -0.000000000000000000, 1.000000000000000000 ) ) ;
#3467 = ORIENTED_EDGE ( 'NONE', *, *, #1045, .F. ) ;
#3468 = ORIENTED_EDGE ( 'NONE', *, *, #3971, .F. ) ;
#3469 =( GEOMETRIC_REPRESENTATION_CONTEXT ( 3 ) GLOBAL_UNCERTAINTY_ASSIGNED_CONTEXT ( ( #3647 ) ) GLOBAL_UNIT_ASSIGNED_CONTEXT ( ( #684, #661, #2488 ) ) REPRESENTATION_CONTEXT ( 'NONE', 'WORKASPACE' ) );
#3470 =( NAMED_UNIT ( * ) SI_UNIT ( $, .STERADIAN. ) SOLID_ANGLE_UNIT ( ) );
#3471 = CYLINDRICAL_SURFACE ( 'NONE', #4367, 0.05000000000000012768 ) ;
#3472 = STYLED_ITEM ( 'NONE', ( #4006 ), #2923 ) ;
#3473 = EDGE_LOOP ( 'NONE', ( #918, #80, #4359, #1988 ) ) ;
#3474 = DIRECTION ( 'NONE',  ( 1.571307496355803202E-16, -1.000000000000000000, 0.000000000000000000 ) ) ;
#3475 = LINE ( 'NONE', #1281, #237 ) ;
#3476 = FILL_AREA_STYLE_COLOUR ( '', #4451 ) ;
#3477 = CARTESIAN_POINT ( 'NONE',  ( -1.861770298968211446, 1.183866079223470980, 3.750000000001600942 ) ) ;
#3478 = VERTEX_POINT ( 'NONE', #3453 ) ;
#3479 = DIRECTION ( 'NONE',  ( 0.000000000000000000, 1.000000000000000000, 0.000000000000000000 ) ) ;
#3480 = CARTESIAN_POINT ( 'NONE',  ( -0.8196130114428307190, -1.508291208301909991, 3.400000000001600853 ) ) ;
#3481 = FILL_AREA_STYLE ('',( #2494 ) ) ;
#3482 = EDGE_CURVE ( 'NONE', #2688, #2667, #2739, .T. ) ;
#3483 = VECTOR ( 'NONE', #4264, 1000.000000000000000 ) ;
#3484 = CARTESIAN_POINT ( 'NONE',  ( -1.869613011442830430, 0.2617087916980894713, 3.691421356238910434 ) ) ;
#3485 = DIRECTION ( 'NONE',  ( -1.000000000000000000, -1.376933246922771375E-16, 1.586747737394814777E-16 ) ) ;
#3486 = CARTESIAN_POINT ( 'NONE',  ( 0.6972885517993304694, -1.008291208301909991, 4.880495591899755681 ) ) ;
#3487 = CARTESIAN_POINT ( 'NONE',  ( -2.719613011442830075, -0.5082912083019104355, 5.500000000001600498 ) ) ;
#3488 = LINE ( 'NONE', #4297, #4351 ) ;
#3489 = VERTEX_POINT ( 'NONE', #3592 ) ;
#3490 = VERTEX_POINT ( 'NONE', #44 ) ;
#3491 =( GEOMETRIC_REPRESENTATION_CONTEXT ( 3 ) GLOBAL_UNCERTAINTY_ASSIGNED_CONTEXT ( ( #54 ) ) GLOBAL_UNIT_ASSIGNED_CONTEXT ( ( #4329, #2527, #4063 ) ) REPRESENTATION_CONTEXT ( 'NONE', 'WORKASPACE' ) );
#3492 = DIRECTION ( 'NONE',  ( 0.000000000000000000, 0.000000000000000000, 1.000000000000000000 ) ) ;
#3493 = MECHANICAL_DESIGN_GEOMETRIC_PRESENTATION_REPRESENTATION (  '', ( #2892 ), #3648 ) ;
#3494 = ORIENTED_EDGE ( 'NONE', *, *, #4243, .T. ) ;
#3495 = CARTESIAN_POINT ( 'NONE',  ( 0.1303869885571689868, 0.2617087916980894713, 3.650000000001600853 ) ) ;
#3496 = DIRECTION ( 'NONE',  ( -1.000000000000000000, -1.942890293094023946E-16, 4.096188189618876484E-16 ) ) ;
#3497 = CARTESIAN_POINT ( 'NONE',  ( -0.8196130114428307190, -1.158291208301910125, 3.750000000001600942 ) ) ;
#3498 = VERTEX_POINT ( 'NONE', #4287 ) ;
#3499 =( LENGTH_UNIT ( ) NAMED_UNIT ( * ) SI_UNIT ( .MILLI., .METRE. ) );
#3500 = CARTESIAN_POINT ( 'NONE',  ( -2.169613011442831141, 1.291708791698090275, 4.682150905820581244 ) ) ;
#3501 = DIRECTION ( 'NONE',  ( 0.000000000000000000, 0.000000000000000000, -1.000000000000000000 ) ) ;
#3502 = ORIENTED_EDGE ( 'NONE', *, *, #559, .F. ) ;
#3503 = VECTOR ( 'NONE', #882, 1000.000000000000000 ) ;
#3504 = ORIENTED_EDGE ( 'NONE', *, *, #1075, .F. ) ;
#3505 = DIRECTION ( 'NONE',  ( -1.942890293094024439E-16, 1.000000000000000000, -0.000000000000000000 ) ) ;
#3506 =( NAMED_UNIT ( * ) PLANE_ANGLE_UNIT ( ) SI_UNIT ( $, .RADIAN. ) );
#3507 = MECHANICAL_DESIGN_GEOMETRIC_PRESENTATION_REPRESENTATION (  '', ( #1868 ), #1054 ) ;
#3508 = CARTESIAN_POINT ( 'NONE',  ( -1.919613011442830253, 1.338155401104816011, 3.900000000001600853 ) ) ;
#3509 = FILL_AREA_STYLE ('',( #2397 ) ) ;
#3510 = DIRECTION ( 'NONE',  ( -6.377659838150027460E-17, -1.000000000000000000, 0.000000000000000000 ) ) ;
#3511 = VECTOR ( 'NONE', #2492, 1000.000000000000000 ) ;
#3512 = EDGE_CURVE ( 'NONE', #1842, #1881, #2489, .T. ) ;
#3513 = DIRECTION ( 'NONE',  ( 8.474091755303839943E-32, 1.000000000000000000, 0.000000000000000000 ) ) ;
#3514 = UNCERTAINTY_MEASURE_WITH_UNIT (LENGTH_MEASURE( 1.000000000000000082E-05 ), #2971, 'distance_accuracy_value', 'NONE');
#3515 = ORIENTED_EDGE ( 'NONE', *, *, #3882, .T. ) ;
#3516 = VERTEX_POINT ( 'NONE', #4336 ) ;
#3517 = AXIS2_PLACEMENT_3D ( 'NONE', #2847, #3942, #335 ) ;
#3518 = AXIS2_PLACEMENT_3D ( 'NONE', #4272, #345, #3136 ) ;
#3519 =( NAMED_UNIT ( * ) SI_UNIT ( $, .STERADIAN. ) SOLID_ANGLE_UNIT ( ) );
#3520 = STYLED_ITEM ( 'NONE', ( #873 ), #982 ) ;
#3521 = CARTESIAN_POINT ( 'NONE',  ( 1.530386988557169925, -0.5082912083019099914, 5.180000000001601990 ) ) ;
#3522 =( NAMED_UNIT ( * ) PLANE_ANGLE_UNIT ( ) SI_UNIT ( $, .RADIAN. ) );
#3523 = ADVANCED_FACE ( 'NONE', ( #3203 ), #754, .T. ) ;
#3524 = SURFACE_SIDE_STYLE ('',( #3542 ) ) ;
#3525 = CIRCLE ( 'NONE', #21, 0.1000000000000000472 ) ;
#3526 = DIRECTION ( 'NONE',  ( -1.942890293094024439E-16, 1.000000000000000000, 0.000000000000000000 ) ) ;
#3527 = VERTEX_POINT ( 'NONE', #1078 ) ;
#3528 = DIRECTION ( 'NONE',  ( -1.942890293094024439E-16, 1.000000000000000000, 0.000000000000000000 ) ) ;
#3529 = STYLED_ITEM ( 'NONE', ( #78 ), #2297 ) ;
#3530 = FILL_AREA_STYLE ('',( #4608 ) ) ;
#3531 = ORIENTED_EDGE ( 'NONE', *, *, #1613, .F. ) ;
#3532 = CARTESIAN_POINT ( 'NONE',  ( 0.7772809783022245345, 1.291708791698090275, 4.500000000001601386 ) ) ;
#3533 = DIRECTION ( 'NONE',  ( -1.000000000000000000, -1.942890293094023946E-16, 5.551115123125782702E-17 ) ) ;
#3534 = DIRECTION ( 'NONE',  ( -0.4597709397229664541, -8.932844958344691415E-17, -0.8880375459327495280 ) ) ;
#3535 = CYLINDRICAL_SURFACE ( 'NONE', #3785, 0.1000000000000000472 ) ;
#3536 = ORIENTED_EDGE ( 'NONE', *, *, #1241, .F. ) ;
#3537 = ORIENTED_EDGE ( 'NONE', *, *, #363, .T. ) ;
#3538 = PRESENTATION_LAYER_ASSIGNMENT (  '', '', ( #1745 ) ) ;
#3539 = PRESENTATION_STYLE_ASSIGNMENT (( #1691 ) ) ;
#3540 = CYLINDRICAL_SURFACE ( 'NONE', #3015, 0.09999999999999982514 ) ;
#3541 = PRESENTATION_LAYER_ASSIGNMENT (  '', '', ( #4008 ) ) ;
#3542 = SURFACE_STYLE_FILL_AREA ( #3891 ) ;
#3543 = CARTESIAN_POINT ( 'NONE',  ( -2.718089691024577093, 1.291708791698090053, 5.400000000001600853 ) ) ;
#3544 = SURFACE_STYLE_USAGE ( .BOTH. , #1099 ) ;
#3545 = ORIENTED_EDGE ( 'NONE', *, *, #3462, .T. ) ;
#3546 = CARTESIAN_POINT ( 'NONE',  ( 1.530386988557169925, 1.291708791698090275, 5.500000000001601386 ) ) ;
#3547 = CARTESIAN_POINT ( 'NONE',  ( -1.769613011442830341, 1.276023366748852084, 3.650000000001600853 ) ) ;
#3548 = DIRECTION ( 'NONE',  ( -1.000000000000000000, 0.000000000000000000, 0.000000000000000000 ) ) ;
#3549 = PRESENTATION_STYLE_ASSIGNMENT (( #3944 ) ) ;
#3550 = MECHANICAL_DESIGN_GEOMETRIC_PRESENTATION_REPRESENTATION (  '', ( #2716 ), #870 ) ;
#3551 = SURFACE_STYLE_USAGE ( .BOTH. , #2849 ) ;
#3552 = ORIENTED_EDGE ( 'NONE', *, *, #4019, .T. ) ;
#3553 = UNCERTAINTY_MEASURE_WITH_UNIT (LENGTH_MEASURE( 1.000000000000000082E-05 ), #340, 'distance_accuracy_value', 'NONE');
#3554 = FILL_AREA_STYLE ('',( #4639 ) ) ;
#3555 = COLOUR_RGB ( '',0.4392156862745097978, 0.4392156862745097978, 0.4392156862745097978 ) ;
#3556 =( NAMED_UNIT ( * ) PLANE_ANGLE_UNIT ( ) SI_UNIT ( $, .RADIAN. ) );
#3557 = DIRECTION ( 'NONE',  ( -0.000000000000000000, -0.000000000000000000, -1.000000000000000000 ) ) ;
#3558 =( GEOMETRIC_REPRESENTATION_CONTEXT ( 3 ) GLOBAL_UNCERTAINTY_ASSIGNED_CONTEXT ( ( #4037 ) ) GLOBAL_UNIT_ASSIGNED_CONTEXT ( ( #3817, #3445, #2080 ) ) REPRESENTATION_CONTEXT ( 'NONE', 'WORKASPACE' ) );
#3559 = SURFACE_STYLE_USAGE ( .BOTH. , #1759 ) ;
#3560 =( GEOMETRIC_REPRESENTATION_CONTEXT ( 3 ) GLOBAL_UNCERTAINTY_ASSIGNED_CONTEXT ( ( #532 ) ) GLOBAL_UNIT_ASSIGNED_CONTEXT ( ( #4081, #2262, #3761 ) ) REPRESENTATION_CONTEXT ( 'NONE', 'WORKASPACE' ) );
#3561 = UNCERTAINTY_MEASURE_WITH_UNIT (LENGTH_MEASURE( 1.000000000000000082E-05 ), #3269, 'distance_accuracy_value', 'NONE');
#3562 = EDGE_LOOP ( 'NONE', ( #1446, #1760, #1225, #3893 ) ) ;
#3563 = ORIENTED_EDGE ( 'NONE', *, *, #1258, .T. ) ;
#3564 = LINE ( 'NONE', #3908, #4232 ) ;
#3565 =( LENGTH_UNIT ( ) NAMED_UNIT ( * ) SI_UNIT ( .MILLI., .METRE. ) );
#3566 =( LENGTH_UNIT ( ) NAMED_UNIT ( * ) SI_UNIT ( .MILLI., .METRE. ) );
#3567 = EDGE_LOOP ( 'NONE', ( #4504, #2266, #2430, #2415 ) ) ;
#3568 = DIRECTION ( 'NONE',  ( 0.000000000000000000, -1.000000000000000000, 0.000000000000000000 ) ) ;
#3569 = SURFACE_STYLE_USAGE ( .BOTH. , #3524 ) ;
#3570 = CARTESIAN_POINT ( 'NONE',  ( 0.5947788770955902971, -0.5082912083019097693, 4.800000000001601208 ) ) ;
#3571 = ADVANCED_FACE ( 'NONE', ( #1817 ), #2137, .F. ) ;
#3572 = ORIENTED_EDGE ( 'NONE', *, *, #635, .F. ) ;
#3573 = LINE ( 'NONE', #358, #3037 ) ;
#3574 =( LENGTH_UNIT ( ) NAMED_UNIT ( * ) SI_UNIT ( .MILLI., .METRE. ) );
#3575 = CARTESIAN_POINT ( 'NONE',  ( 0.2303869885571689646, -1.258291208301909547, 3.691421356238909546 ) ) ;
#3576 = ORIENTED_EDGE ( 'NONE', *, *, #1982, .T. ) ;
#3577 = CARTESIAN_POINT ( 'NONE',  ( -2.169613011442830697, -1.008291208301910435, 4.800000000001600320 ) ) ;
#3578 = LINE ( 'NONE', #1482, #2031 ) ;
#3579 = LINE ( 'NONE', #4613, #2015 ) ;
#3580 =( GEOMETRIC_REPRESENTATION_CONTEXT ( 3 ) GLOBAL_UNCERTAINTY_ASSIGNED_CONTEXT ( ( #2372 ) ) GLOBAL_UNIT_ASSIGNED_CONTEXT ( ( #3804, #3050, #2019 ) ) REPRESENTATION_CONTEXT ( 'NONE', 'WORKASPACE' ) );
#3581 = EDGE_CURVE ( 'NONE', #685, #3404, #4313, .T. ) ;
#3582 = ORIENTED_EDGE ( 'NONE', *, *, #2685, .F. ) ;
#3583 = VERTEX_POINT ( 'NONE', #1794 ) ;
#3584 = EDGE_CURVE ( 'NONE', #2105, #2169, #4629, .T. ) ;
#3585 = PRESENTATION_LAYER_ASSIGNMENT (  '', '', ( #1714 ) ) ;
#3586 =( GEOMETRIC_REPRESENTATION_CONTEXT ( 3 ) GLOBAL_UNCERTAINTY_ASSIGNED_CONTEXT ( ( #1540 ) ) GLOBAL_UNIT_ASSIGNED_CONTEXT ( ( #4029, #863, #2187 ) ) REPRESENTATION_CONTEXT ( 'NONE', 'WORKASPACE' ) );
#3587 = FACE_OUTER_BOUND ( 'NONE', #1643, .T. ) ;
#3588 = ORIENTED_EDGE ( 'NONE', *, *, #1326, .F. ) ;
#3589 = FILL_AREA_STYLE ('',( #4229 ) ) ;
#3590 = SURFACE_STYLE_USAGE ( .BOTH. , #4286 ) ;
#3591 = STYLED_ITEM ( 'NONE', ( #3736 ), #1475 ) ;
#3592 = CARTESIAN_POINT ( 'NONE',  ( -2.119613011442830430, 1.420998113579434285, 3.400000000001600853 ) ) ;
#3593 = ORIENTED_EDGE ( 'NONE', *, *, #4213, .T. ) ;
#3594 = DIRECTION ( 'NONE',  ( -1.000000000000000000, 0.000000000000000000, 0.000000000000000000 ) ) ;
#3595 = DIRECTION ( 'NONE',  ( 1.586747737394815023E-16, 0.000000000000000000, 1.000000000000000000 ) ) ;
#3596 =( NAMED_UNIT ( * ) PLANE_ANGLE_UNIT ( ) SI_UNIT ( $, .RADIAN. ) );
#3597 = EDGE_CURVE ( 'NONE', #637, #471, #1769, .T. ) ;
#3598 = EDGE_CURVE ( 'NONE', #2138, #3195, #1270, .T. ) ;
#3599 = DIRECTION ( 'NONE',  ( -1.376933246922772114E-16, 1.000000000000000000, 0.000000000000000000 ) ) ;
#3600 = ORIENTED_EDGE ( 'NONE', *, *, #1812, .F. ) ;
#3601 = CARTESIAN_POINT ( 'NONE',  ( 0.4803869885571696585, -1.508291208301909991, 3.400000000001600853 ) ) ;
#3602 = CARTESIAN_POINT ( 'NONE',  ( -2.719613011442830075, -0.5082912083019104355, 4.500000000001600498 ) ) ;
#3603 = CARTESIAN_POINT ( 'NONE',  ( -3.169613011442830253, -1.008291208301910435, 5.500000000001600498 ) ) ;
#3604 = FACE_OUTER_BOUND ( 'NONE', #4386, .T. ) ;
#3605 = UNCERTAINTY_MEASURE_WITH_UNIT (LENGTH_MEASURE( 1.000000000000000082E-05 ), #889, 'distance_accuracy_value', 'NONE');
#3606 = ADVANCED_FACE ( 'NONE', ( #1555 ), #2273, .F. ) ;
#3607 = ORIENTED_EDGE ( 'NONE', *, *, #221, .F. ) ;
#3608 = ORIENTED_EDGE ( 'NONE', *, *, #3723, .T. ) ;
#3609 = SURFACE_STYLE_FILL_AREA ( #2984 ) ;
#3610 = ADVANCED_FACE ( 'NONE', ( #2994 ), #2223, .F. ) ;
#3611 = CARTESIAN_POINT ( 'NONE',  ( -1.869613011442830430, 0.2117087916980894546, 3.900000000001600853 ) ) ;
#3612 = ORIENTED_EDGE ( 'NONE', *, *, #4605, .T. ) ;
#3613 = COLOUR_RGB ( '',0.5372549019607842924, 0.3490196078431372362, 0.3372549019607843368 ) ;
#3614 = FILL_AREA_STYLE_COLOUR ( '', #3401 ) ;
#3615 = DIRECTION ( 'NONE',  ( 1.000000000000000000, 1.376933246922771375E-16, -1.586747737394814777E-16 ) ) ;
#3616 = MECHANICAL_DESIGN_GEOMETRIC_PRESENTATION_REPRESENTATION (  '', ( #2638 ), #1236 ) ;
#3617 = ORIENTED_EDGE ( 'NONE', *, *, #4305, .F. ) ;
#3618 = CARTESIAN_POINT ( 'NONE',  ( 0.5947788770955902971, -0.5082912083019098803, 4.900000000001601741 ) ) ;
#3619 = DIRECTION ( 'NONE',  ( -1.571307496355803202E-16, 1.000000000000000000, -0.000000000000000000 ) ) ;
#3620 = VECTOR ( 'NONE', #2523, 1000.000000000000000 ) ;
#3621 = CARTESIAN_POINT ( 'NONE',  ( 1.080386988557169747, -1.008291208301910213, 5.180000000001601990 ) ) ;
#3622 = ORIENTED_EDGE ( 'NONE', *, *, #1618, .T. ) ;
#3623 = CARTESIAN_POINT ( 'NONE',  ( 1.080386988557169969, 0.7917087916980902751, 5.180000000001601990 ) ) ;
#3624 = VECTOR ( 'NONE', #1874, 999.9999999999998863 ) ;
#3625 = LINE ( 'NONE', #2977, #1229 ) ;
#3626 = EDGE_CURVE ( 'NONE', #4064, #1377, #4255, .T. ) ;
#3627 = SURFACE_STYLE_FILL_AREA ( #2612 ) ;
#3628 = AXIS2_PLACEMENT_3D ( 'NONE', #3661, #440, #2181 ) ;
#3629 =( LENGTH_UNIT ( ) NAMED_UNIT ( * ) SI_UNIT ( .MILLI., .METRE. ) );
#3630 = SURFACE_STYLE_USAGE ( .BOTH. , #1136 ) ;
#3631 = EDGE_CURVE ( 'NONE', #4420, #4233, #1887, .T. ) ;
#3632 = VECTOR ( 'NONE', #1885, 1000.000000000000000 ) ;
#3633 = CARTESIAN_POINT ( 'NONE',  ( -2.890237028700576083, 0.7917087916980900530, 5.180000000001601101 ) ) ;
#3634 = ORIENTED_EDGE ( 'NONE', *, *, #3674, .T. ) ;
#3635 = SURFACE_STYLE_FILL_AREA ( #3014 ) ;
#3636 = DIRECTION ( 'NONE',  ( -1.000000000000000000, 0.000000000000000000, 0.000000000000000000 ) ) ;
#3637 = FILL_AREA_STYLE ('',( #2924 ) ) ;
#3638 = ORIENTED_EDGE ( 'NONE', *, *, #4202, .T. ) ;
#3639 = CARTESIAN_POINT ( 'NONE',  ( 1.530386988557169925, 0.7917087916980903861, 4.682150905820582132 ) ) ;
#3640 =( GEOMETRIC_REPRESENTATION_CONTEXT ( 3 ) GLOBAL_UNCERTAINTY_ASSIGNED_CONTEXT ( ( #2894 ) ) GLOBAL_UNIT_ASSIGNED_CONTEXT ( ( #1932, #3781, #336 ) ) REPRESENTATION_CONTEXT ( 'NONE', 'WORKASPACE' ) );
#3641 = SURFACE_SIDE_STYLE ('',( #4406 ) ) ;
#3642 = LINE ( 'NONE', #2515, #771 ) ;
#3643 = VECTOR ( 'NONE', #3599, 1000.000000000000000 ) ;
#3644 = AXIS2_PLACEMENT_3D ( 'NONE', #3618, #3987, #516 ) ;
#3645 = ORIENTED_EDGE ( 'NONE', *, *, #4298, .T. ) ;
#3646 = CARTESIAN_POINT ( 'NONE',  ( 0.1303869885571689868, -1.158291208301910125, 3.650000000001600853 ) ) ;
#3647 = UNCERTAINTY_MEASURE_WITH_UNIT (LENGTH_MEASURE( 1.000000000000000082E-05 ), #684, 'distance_accuracy_value', 'NONE');
#3648 =( GEOMETRIC_REPRESENTATION_CONTEXT ( 3 ) GLOBAL_UNCERTAINTY_ASSIGNED_CONTEXT ( ( #426 ) ) GLOBAL_UNIT_ASSIGNED_CONTEXT ( ( #3153, #3094, #4546 ) ) REPRESENTATION_CONTEXT ( 'NONE', 'WORKASPACE' ) );
#3649 =( LENGTH_UNIT ( ) NAMED_UNIT ( * ) SI_UNIT ( .MILLI., .METRE. ) );
#3650 = CARTESIAN_POINT ( 'NONE',  ( -3.169613011442830253, -1.008291208301910435, 5.180000000001601101 ) ) ;
#3651 = DIRECTION ( 'NONE',  ( -8.474091755303839943E-32, -1.000000000000000000, -0.000000000000000000 ) ) ;
#3652 = UNCERTAINTY_MEASURE_WITH_UNIT (LENGTH_MEASURE( 1.000000000000000082E-05 ), #3411, 'distance_accuracy_value', 'NONE');
#3653 = COLOUR_RGB ( '',0.4392156862745097978, 0.4392156862745097978, 0.4392156862745097978 ) ;
#3654 = DIRECTION ( 'NONE',  ( -1.571307496355803202E-16, -1.000000000000000000, 0.000000000000000000 ) ) ;
#3655 = PRESENTATION_LAYER_ASSIGNMENT (  '', '', ( #1051 ) ) ;
#3656 = EDGE_CURVE ( 'NONE', #2356, #1690, #110, .T. ) ;
#3657 =( GEOMETRIC_REPRESENTATION_CONTEXT ( 3 ) GLOBAL_UNCERTAINTY_ASSIGNED_CONTEXT ( ( #1412 ) ) GLOBAL_UNIT_ASSIGNED_CONTEXT ( ( #3386, #479, #4011 ) ) REPRESENTATION_CONTEXT ( 'NONE', 'WORKASPACE' ) );
#3658 = SURFACE_STYLE_USAGE ( .BOTH. , #4018 ) ;
#3659 = EDGE_CURVE ( 'NONE', #4636, #4021, #2942, .T. ) ;
#3660 = ORIENTED_EDGE ( 'NONE', *, *, #495, .F. ) ;
#3661 = CARTESIAN_POINT ( 'NONE',  ( -1.666059620849556167, 1.541708791698090053, 3.900000000001600853 ) ) ;
#3662 =( NAMED_UNIT ( * ) PLANE_ANGLE_UNIT ( ) SI_UNIT ( $, .RADIAN. ) );
#3663 = EDGE_CURVE ( 'NONE', #400, #271, #3018, .T. ) ;
#3664 = FILL_AREA_STYLE_COLOUR ( '', #2621 ) ;
#3665 = SURFACE_SIDE_STYLE ('',( #840 ) ) ;
#3666 = VECTOR ( 'NONE', #2034, 1000.000000000000000 ) ;
#3667 = CARTESIAN_POINT ( 'NONE',  ( -1.919613011442830253, -1.358291208301910080, 3.450000000001601119 ) ) ;
#3668 = DIRECTION ( 'NONE',  ( 1.000000000000000000, 1.376933246922772114E-16, -1.586747737394814777E-16 ) ) ;
#3669 = ORIENTED_EDGE ( 'NONE', *, *, #4202, .F. ) ;
#3670 = CARTESIAN_POINT ( 'NONE',  ( -1.645348942730901154, 1.541708791698090053, 3.750000000001600942 ) ) ;
#3671 = CARTESIAN_POINT ( 'NONE',  ( -2.169613011442830697, -1.558291208301909814, 5.380000000001600391 ) ) ;
#3672 = EDGE_CURVE ( 'NONE', #2986, #3090, #4473, .T. ) ;
#3673 = PRESENTATION_LAYER_ASSIGNMENT (  '', '', ( #4495 ) ) ;
#3674 = EDGE_CURVE ( 'NONE', #1748, #3219, #2671, .T. ) ;
#3675 = LINE ( 'NONE', #2227, #3365 ) ;
#3676 = COLOUR_RGB ( '',0.5372549019607842924, 0.3490196078431372362, 0.3372549019607843368 ) ;
#3677 = EDGE_LOOP ( 'NONE', ( #1162, #760, #3467, #2163 ) ) ;
#3678 = VECTOR ( 'NONE', #3413, 1000.000000000000000 ) ;
#3679 = LINE ( 'NONE', #849, #930 ) ;
#3680 = DIRECTION ( 'NONE',  ( -2.840569171771057842E-17, -1.665334536937734811E-16, 1.000000000000000000 ) ) ;
#3681 =( GEOMETRIC_REPRESENTATION_CONTEXT ( 3 ) GLOBAL_UNCERTAINTY_ASSIGNED_CONTEXT ( ( #4372 ) ) GLOBAL_UNIT_ASSIGNED_CONTEXT ( ( #144, #51, #3323 ) ) REPRESENTATION_CONTEXT ( 'NONE', 'WORKASPACE' ) );
#3682 = DIRECTION ( 'NONE',  ( -1.586747737394815023E-16, -2.184845714098404788E-32, -1.000000000000000000 ) ) ;
#3683 = CARTESIAN_POINT ( 'NONE',  ( -2.169613011442830253, 1.791708791698090053, 3.450000000001601119 ) ) ;
#3684 =( NAMED_UNIT ( * ) PLANE_ANGLE_UNIT ( ) SI_UNIT ( $, .RADIAN. ) );
#3685 = FILL_AREA_STYLE_COLOUR ( '', #2134 ) ;
#3686 =( BOUNDED_CURVE ( )  B_SPLINE_CURVE ( 3, ( #3601, #1732, #2098, #1036 ),
 .UNSPECIFIED., .F., .F. ) 
 B_SPLINE_CURVE_WITH_KNOTS ( ( 4, 4 ),
 ( 1.570796326794896558, 3.141592653589793116 ),
 .UNSPECIFIED. ) 
 CURVE ( )  GEOMETRIC_REPRESENTATION_ITEM ( )  RATIONAL_B_SPLINE_CURVE ( ( 1.000000000000000000, 0.8047378541243649375, 0.8047378541243649375, 1.000000000000000000 ) ) 
 REPRESENTATION_ITEM ( '' )  );
#3687 = LINE ( 'NONE', #1548, #4257 ) ;
#3688 = VECTOR ( 'NONE', #4647, 1000.000000000000000 ) ;
#3689 = FILL_AREA_STYLE_COLOUR ( '', #2954 ) ;
#3690 = ORIENTED_EDGE ( 'NONE', *, *, #3814, .F. ) ;
#3691 = ORIENTED_EDGE ( 'NONE', *, *, #154, .T. ) ;
#3692 = CARTESIAN_POINT ( 'NONE',  ( -1.919613011442830697, 1.338155401104816455, 3.420710678120256087 ) ) ;
#3693 = SURFACE_STYLE_FILL_AREA ( #466 ) ;
#3694 = SURFACE_STYLE_USAGE ( .BOTH. , #467 ) ;
#3695 = DIRECTION ( 'NONE',  ( 8.474091755303839943E-32, 1.000000000000000000, 0.000000000000000000 ) ) ;
#3696 = ORIENTED_EDGE ( 'NONE', *, *, #3463, .T. ) ;
#3697 = CARTESIAN_POINT ( 'NONE',  ( -1.919613011442830253, 0.2117087916980894546, 3.900000000001600853 ) ) ;
#3698 = PRESENTATION_STYLE_ASSIGNMENT (( #2907 ) ) ;
#3699 = STYLED_ITEM ( 'NONE', ( #1350 ), #320 ) ;
#3700 = COLOUR_RGB ( '',0.5372549019607842924, 0.3490196078431372362, 0.3372549019607843368 ) ;
#3701 = ORIENTED_EDGE ( 'NONE', *, *, #2599, .T. ) ;
#3702 = LINE ( 'NONE', #140, #4149 ) ;
#3703 =( NAMED_UNIT ( * ) PLANE_ANGLE_UNIT ( ) SI_UNIT ( $, .RADIAN. ) );
#3704 = COLOUR_RGB ( '',0.5372549019607842924, 0.3490196078431372362, 0.3372549019607843368 ) ;
#3705 = SURFACE_STYLE_FILL_AREA ( #4370 ) ;
#3706 = SURFACE_STYLE_FILL_AREA ( #145 ) ;
#3707 = PLANE ( 'NONE',  #3338 ) ;
#3708 = AXIS2_PLACEMENT_3D ( 'NONE', #3735, #1981, #2643 ) ;
#3709 = CARTESIAN_POINT ( 'NONE',  ( -1.666059620849556167, 1.591708791698089875, 3.900000000001600853 ) ) ;
#3710 = SURFACE_SIDE_STYLE ('',( #1977 ) ) ;
#3711 = VERTEX_POINT ( 'NONE', #1946 ) ;
#3712 = PRODUCT_DEFINITION_FORMATION_WITH_SPECIFIED_SOURCE ( 'HERHANGÝ', '', #2990, .NOT_KNOWN. ) ;
#3713 = UNCERTAINTY_MEASURE_WITH_UNIT (LENGTH_MEASURE( 1.000000000000000082E-05 ), #1374, 'distance_accuracy_value', 'NONE');
#3714 = VERTEX_POINT ( 'NONE', #538 ) ;
#3715 = COLOUR_RGB ( '',0.5372549019607842924, 0.3490196078431372362, 0.3372549019607843368 ) ;
#3716 = DIRECTION ( 'NONE',  ( 1.571307496355803202E-16, 1.000000000000000000, 0.000000000000000000 ) ) ;
#3717 = LINE ( 'NONE', #2967, #3632 ) ;
#3718 =( GEOMETRIC_REPRESENTATION_CONTEXT ( 3 ) GLOBAL_UNCERTAINTY_ASSIGNED_CONTEXT ( ( #484 ) ) GLOBAL_UNIT_ASSIGNED_CONTEXT ( ( #251, #3087, #4564 ) ) REPRESENTATION_CONTEXT ( 'NONE', 'WORKASPACE' ) );
#3719 = CARTESIAN_POINT ( 'NONE',  ( 0.5947788770955904081, 0.7917087916980901641, 4.900000000001601741 ) ) ;
#3720 = ORIENTED_EDGE ( 'NONE', *, *, #4593, .F. ) ;
#3721 = CARTESIAN_POINT ( 'NONE',  ( 0.1303869885571689868, 0.3617087916980894491, 3.650000000001600853 ) ) ;
#3722 = CARTESIAN_POINT ( 'NONE',  ( 1.078863668138916099, -0.5082912083019099914, 5.400000000001601741 ) ) ;
#3723 = EDGE_CURVE ( 'NONE', #756, #3239, #3380, .T. ) ;
#3724 = EDGE_LOOP ( 'NONE', ( #161, #2215, #253, #63 ) ) ;
#3725 = DIRECTION ( 'NONE',  ( 1.000000000000000000, -0.000000000000000000, 0.000000000000000000 ) ) ;
#3726 = COLOUR_RGB ( '',0.000000000000000000, 0.000000000000000000, 1.000000000000000000 ) ;
#3727 = PRESENTATION_STYLE_ASSIGNMENT (( #1265 ) ) ;
#3728 = VECTOR ( 'NONE', #1177, 1000.000000000000000 ) ;
#3729 =( LENGTH_UNIT ( ) NAMED_UNIT ( * ) SI_UNIT ( .MILLI., .METRE. ) );
#3730 =( NAMED_UNIT ( * ) SI_UNIT ( $, .STERADIAN. ) SOLID_ANGLE_UNIT ( ) );
#3731 = EDGE_CURVE ( 'NONE', #2925, #2104, #3256, .T. ) ;
#3732 = ORIENTED_EDGE ( 'NONE', *, *, #3171, .T. ) ;
#3733 = ORIENTED_EDGE ( 'NONE', *, *, #1751, .F. ) ;
#3734 = AXIS2_PLACEMENT_3D ( 'NONE', #4141, #955, #2344 ) ;
#3735 = CARTESIAN_POINT ( 'NONE',  ( -2.602925838464816177, -0.5082912083019104355, 4.742564309982864934 ) ) ;
#3736 = PRESENTATION_STYLE_ASSIGNMENT (( #130 ) ) ;
#3737 = COLOUR_RGB ( '',0.5372549019607842924, 0.3490196078431372362, 0.3372549019607843368 ) ;
#3738 = DIRECTION ( 'NONE',  ( -1.000000000000000000, 0.000000000000000000, 0.000000000000000000 ) ) ;
#3739 = COLOUR_RGB ( '',0.5372549019607842924, 0.3490196078431372362, 0.3372549019607843368 ) ;
#3740 = DIRECTION ( 'NONE',  ( -0.000000000000000000, -0.000000000000000000, -1.000000000000000000 ) ) ;
#3741 = ORIENTED_EDGE ( 'NONE', *, *, #787, .T. ) ;
#3742 = PRESENTATION_STYLE_ASSIGNMENT (( #1577 ) ) ;
#3743 = FACE_OUTER_BOUND ( 'NONE', #2331, .T. ) ;
#3744 = CARTESIAN_POINT ( 'NONE',  ( 0.3303869885571688592, -1.358291208301910080, 3.400000000001600853 ) ) ;
#3745 = MECHANICAL_DESIGN_GEOMETRIC_PRESENTATION_REPRESENTATION (  '', ( #1717 ), #1346 ) ;
#3746 = VERTEX_POINT ( 'NONE', #313 ) ;
#3747 = DIRECTION ( 'NONE',  ( 1.736319334706108540E-16, -3.055299792471565453E-47, -1.000000000000000000 ) ) ;
#3748 = CYLINDRICAL_SURFACE ( 'NONE', #2085, 0.09999999999999982514 ) ;
#3749 = DIRECTION ( 'NONE',  ( -1.571307496355803202E-16, 1.000000000000000000, 0.000000000000000000 ) ) ;
#3750 = SURFACE_STYLE_USAGE ( .BOTH. , #2771 ) ;
#3751 = VECTOR ( 'NONE', #1671, 1000.000000000000000 ) ;
#3752 = DIRECTION ( 'NONE',  ( 1.000000000000000000, 0.000000000000000000, 0.000000000000000000 ) ) ;
#3753 = EDGE_CURVE ( 'NONE', #3865, #3381, #693, .T. ) ;
#3754 =( GEOMETRIC_REPRESENTATION_CONTEXT ( 3 ) GLOBAL_UNCERTAINTY_ASSIGNED_CONTEXT ( ( #9 ) ) GLOBAL_UNIT_ASSIGNED_CONTEXT ( ( #2622, #2941, #4068 ) ) REPRESENTATION_CONTEXT ( 'NONE', 'WORKASPACE' ) );
#3755 = PRESENTATION_LAYER_ASSIGNMENT (  '', '', ( #3062 ) ) ;
#3756 = SURFACE_SIDE_STYLE ('',( #2746 ) ) ;
#3757 = MECHANICAL_DESIGN_GEOMETRIC_PRESENTATION_REPRESENTATION (  '', ( #1966 ), #1727 ) ;
#3758 = DIRECTION ( 'NONE',  ( 1.000000000000000000, 0.000000000000000000, 0.000000000000000000 ) ) ;
#3759 = STYLED_ITEM ( 'NONE', ( #524 ), #1797 ) ;
#3760 =( BOUNDED_CURVE ( )  B_SPLINE_CURVE ( 3, ( #388, #2876, #1135, #2566 ),
 .UNSPECIFIED., .F., .F. ) 
 B_SPLINE_CURVE_WITH_KNOTS ( ( 4, 4 ),
 ( 1.570796326794896780, 3.141592653589793116 ),
 .UNSPECIFIED. ) 
 CURVE ( )  GEOMETRIC_REPRESENTATION_ITEM ( )  RATIONAL_B_SPLINE_CURVE ( ( 1.000000000000000000, 0.8047378541243650485, 0.8047378541243650485, 1.000000000000000000 ) ) 
 REPRESENTATION_ITEM ( '' )  );
#3761 =( NAMED_UNIT ( * ) SI_UNIT ( $, .STERADIAN. ) SOLID_ANGLE_UNIT ( ) );
#3762 = SURFACE_STYLE_USAGE ( .BOTH. , #573 ) ;
#3763 = VECTOR ( 'NONE', #4521, 1000.000000000000000 ) ;
#3764 = SURFACE_STYLE_USAGE ( .BOTH. , #3710 ) ;
#3765 = ORIENTED_EDGE ( 'NONE', *, *, #1038, .T. ) ;
#3766 =( NAMED_UNIT ( * ) PLANE_ANGLE_UNIT ( ) SI_UNIT ( $, .RADIAN. ) );
#3767 = EDGE_CURVE ( 'NONE', #1968, #3527, #156, .T. ) ;
#3768 = ORIENTED_EDGE ( 'NONE', *, *, #3731, .T. ) ;
#3769 = PRESENTATION_LAYER_ASSIGNMENT (  '', '', ( #1294 ) ) ;
#3770 = DIRECTION ( 'NONE',  ( -5.551115123125780237E-17, -1.078520768856851804E-32, -1.000000000000000000 ) ) ;
#3771 = CARTESIAN_POINT ( 'NONE',  ( 0.5303869885571695919, 1.841708791698089875, 5.380000000001600391 ) ) ;
#3772 = SURFACE_SIDE_STYLE ('',( #4401 ) ) ;
#3773 = VERTEX_POINT ( 'NONE', #365 ) ;
#3774 = DIRECTION ( 'NONE',  ( 1.000000000000000000, 0.000000000000000000, -0.000000000000000000 ) ) ;
#3775 =( NAMED_UNIT ( * ) PLANE_ANGLE_UNIT ( ) SI_UNIT ( $, .RADIAN. ) );
#3776 = FILL_AREA_STYLE ('',( #3799 ) ) ;
#3777 = ORIENTED_EDGE ( 'NONE', *, *, #3482, .T. ) ;
#3778 = CARTESIAN_POINT ( 'NONE',  ( -2.719613011442830075, -0.5082912083019104355, 5.500000000001600498 ) ) ;
#3779 = LINE ( 'NONE', #911, #2158 ) ;
#3780 = FILL_AREA_STYLE ('',( #2041 ) ) ;
#3781 =( NAMED_UNIT ( * ) PLANE_ANGLE_UNIT ( ) SI_UNIT ( $, .RADIAN. ) );
#3782 = STYLED_ITEM ( 'NONE', ( #2412 ), #2879 ) ;
#3783 = FILL_AREA_STYLE ('',( #670 ) ) ;
#3784 = EDGE_CURVE ( 'NONE', #3111, #4010, #1776, .T. ) ;
#3785 = AXIS2_PLACEMENT_3D ( 'NONE', #1504, #4371, #369 ) ;
#3786 = FILL_AREA_STYLE ('',( #2750 ) ) ;
#3787 = EDGE_LOOP ( 'NONE', ( #3617, #1404, #3531, #303 ) ) ;
#3788 = EDGE_CURVE ( 'NONE', #1962, #2274, #1083, .T. ) ;
#3789 =( BOUNDED_CURVE ( )  B_SPLINE_CURVE ( 3, ( #3096, #3049, #4507, #217 ),
 .UNSPECIFIED., .F., .F. ) 
 B_SPLINE_CURVE_WITH_KNOTS ( ( 4, 4 ),
 ( 1.570796326794896558, 3.141592653589793116 ),
 .UNSPECIFIED. ) 
 CURVE ( )  GEOMETRIC_REPRESENTATION_ITEM ( )  RATIONAL_B_SPLINE_CURVE ( ( 1.000000000000000000, 0.8047378541243649375, 0.8047378541243649375, 1.000000000000000000 ) ) 
 REPRESENTATION_ITEM ( '' )  );
#3790 = PLANE ( 'NONE',  #350 ) ;
#3791 = PRESENTATION_LAYER_ASSIGNMENT (  '', '', ( #1470 ) ) ;
#3792 = ORIENTED_EDGE ( 'NONE', *, *, #4416, .F. ) ;
#3793 = PRESENTATION_LAYER_ASSIGNMENT (  '', '', ( #2938 ) ) ;
#3794 = LINE ( 'NONE', #3771, #326 ) ;
#3795 = ORIENTED_EDGE ( 'NONE', *, *, #601, .T. ) ;
#3796 = FILL_AREA_STYLE ('',( #3043 ) ) ;
#3797 = PRESENTATION_LAYER_ASSIGNMENT (  '', '', ( #3190 ) ) ;
#3798 =( LENGTH_UNIT ( ) NAMED_UNIT ( * ) SI_UNIT ( .MILLI., .METRE. ) );
#3799 = FILL_AREA_STYLE_COLOUR ( '', #2296 ) ;
#3800 = STYLED_ITEM ( 'NONE', ( #3394 ), #1992 ) ;
#3801 = ORIENTED_EDGE ( 'NONE', *, *, #2043, .F. ) ;
#3802 = DIRECTION ( 'NONE',  ( -1.942890293094024439E-16, 1.000000000000000000, 0.000000000000000000 ) ) ;
#3803 = MECHANICAL_DESIGN_GEOMETRIC_PRESENTATION_REPRESENTATION (  '', ( #1049 ), #1911 ) ;
#3804 =( LENGTH_UNIT ( ) NAMED_UNIT ( * ) SI_UNIT ( .MILLI., .METRE. ) );
#3805 = CARTESIAN_POINT ( 'NONE',  ( -2.169613011442830253, 1.291708791698090275, 4.800000000001600320 ) ) ;
#3806 = SURFACE_STYLE_USAGE ( .BOTH. , #1655 ) ;
#3807 = SURFACE_SIDE_STYLE ('',( #2777 ) ) ;
#3808 = CARTESIAN_POINT ( 'NONE',  ( -2.719613011442830075, -0.5082912083019104355, 5.180000000001601101 ) ) ;
#3809 = MECHANICAL_DESIGN_GEOMETRIC_PRESENTATION_REPRESENTATION (  '', ( #1187 ), #2589 ) ;
#3810 = CARTESIAN_POINT ( 'NONE',  ( 0.2803869885571689258, 1.591708791698089653, 3.900000000001600853 ) ) ;
#3811 = ORIENTED_EDGE ( 'NONE', *, *, #1444, .F. ) ;
#3812 = EDGE_LOOP ( 'NONE', ( #487, #1305, #2253, #2507 ) ) ;
#3813 = FACE_OUTER_BOUND ( 'NONE', #749, .T. ) ;
#3814 = EDGE_CURVE ( 'NONE', #471, #4096, #2826, .T. ) ;
#3815 = EDGE_CURVE ( 'NONE', #4054, #3583, #2749, .T. ) ;
#3816 = PRESENTATION_STYLE_ASSIGNMENT (( #2785 ) ) ;
#3817 =( LENGTH_UNIT ( ) NAMED_UNIT ( * ) SI_UNIT ( .MILLI., .METRE. ) );
#3818 = ORIENTED_EDGE ( 'NONE', *, *, #3082, .T. ) ;
#3819 =( NAMED_UNIT ( * ) SI_UNIT ( $, .STERADIAN. ) SOLID_ANGLE_UNIT ( ) );
#3820 = VECTOR ( 'NONE', #647, 1000.000000000000000 ) ;
#3821 = EDGE_CURVE ( 'NONE', #68, #2540, #4239, .T. ) ;
#3822 = LINE ( 'NONE', #1578, #454 ) ;
#3823 = STYLED_ITEM ( 'NONE', ( #4206 ), #3452 ) ;
#3824 = LINE ( 'NONE', #1263, #1530 ) ;
#3825 = DIRECTION ( 'NONE',  ( 0.000000000000000000, 0.000000000000000000, -1.000000000000000000 ) ) ;
#3826 = ADVANCED_FACE ( 'NONE', ( #2873 ), #2145, .F. ) ;
#3827 = CARTESIAN_POINT ( 'NONE',  ( -2.416507001187885972, 1.291708791698090053, 4.600000000001601030 ) ) ;
#3828 = EDGE_CURVE ( 'NONE', #3490, #1550, #3686, .T. ) ;
#3829 = FACE_OUTER_BOUND ( 'NONE', #4001, .T. ) ;
#3830 = SURFACE_SIDE_STYLE ('',( #4171 ) ) ;
#3831 = AXIS2_PLACEMENT_3D ( 'NONE', #2626, #3619, #448 ) ;
#3832 = PRESENTATION_STYLE_ASSIGNMENT (( #2802 ) ) ;
#3833 = FILL_AREA_STYLE_COLOUR ( '', #3194 ) ;
#3834 =( LENGTH_UNIT ( ) NAMED_UNIT ( * ) SI_UNIT ( .MILLI., .METRE. ) );
#3835 =( NAMED_UNIT ( * ) PLANE_ANGLE_UNIT ( ) SI_UNIT ( $, .RADIAN. ) );
#3836 = SURFACE_SIDE_STYLE ('',( #2006 ) ) ;
#3837 =( GEOMETRIC_REPRESENTATION_CONTEXT ( 3 ) GLOBAL_UNCERTAINTY_ASSIGNED_CONTEXT ( ( #390 ) ) GLOBAL_UNIT_ASSIGNED_CONTEXT ( ( #4114, #3662, #4399 ) ) REPRESENTATION_CONTEXT ( 'NONE', 'WORKASPACE' ) );
#3838 = ORIENTED_EDGE ( 'NONE', *, *, #3753, .T. ) ;
#3839 = ORIENTED_EDGE ( 'NONE', *, *, #1650, .T. ) ;
#3840 = SURFACE_SIDE_STYLE ('',( #2375 ) ) ;
#3841 = PRESENTATION_STYLE_ASSIGNMENT (( #950 ) ) ;
#3842 = AXIS2_PLACEMENT_3D ( 'NONE', #1254, #1591, #4525 ) ;
#3843 = EDGE_LOOP ( 'NONE', ( #4265, #3733, #2065, #3287 ) ) ;
#3844 = CARTESIAN_POINT ( 'NONE',  ( 1.530386988557170147, 0.7917087916980903861, 5.500000000001601386 ) ) ;
#3845 = CARTESIAN_POINT ( 'NONE',  ( -1.645348942730901154, 1.541708791698090053, 3.750000000001600942 ) ) ;
#3846 = DIRECTION ( 'NONE',  ( 1.942890293094024439E-16, -1.000000000000000000, 0.000000000000000000 ) ) ;
#3847 = FACE_OUTER_BOUND ( 'NONE', #853, .T. ) ;
#3848 = ORIENTED_EDGE ( 'NONE', *, *, #2569, .T. ) ;
#3849 =( LENGTH_UNIT ( ) NAMED_UNIT ( * ) SI_UNIT ( .MILLI., .METRE. ) );
#3850 = CYLINDRICAL_SURFACE ( 'NONE', #535, 0.09999999999999982514 ) ;
#3851 = CARTESIAN_POINT ( 'NONE',  ( -2.169613011442830253, 1.441708791698089298, 3.450000000001601119 ) ) ;
#3852 =( NAMED_UNIT ( * ) SI_UNIT ( $, .STERADIAN. ) SOLID_ANGLE_UNIT ( ) );
#3853 = DIRECTION ( 'NONE',  ( 0.8880375459327497500, 1.725359527895778253E-16, -0.4597709397229662320 ) ) ;
#3854 = CARTESIAN_POINT ( 'NONE',  ( -2.629285936431301707, -0.5082912083019104355, 5.445977093973897176 ) ) ;
#3855 =( GEOMETRIC_REPRESENTATION_CONTEXT ( 3 ) GLOBAL_UNCERTAINTY_ASSIGNED_CONTEXT ( ( #806 ) ) GLOBAL_UNIT_ASSIGNED_CONTEXT ( ( #3006, #3684, #506 ) ) REPRESENTATION_CONTEXT ( 'NONE', 'WORKASPACE' ) );
#3856 = DIRECTION ( 'NONE',  ( 0.000000000000000000, -1.000000000000000000, 0.000000000000000000 ) ) ;
#3857 = CARTESIAN_POINT ( 'NONE',  ( -2.169613011442830697, -1.558291208301909814, 3.450000000001601119 ) ) ;
#3858 = STYLED_ITEM ( 'NONE', ( #1816 ), #2836 ) ;
#3859 = SURFACE_STYLE_FILL_AREA ( #3509 ) ;
#3860 = UNCERTAINTY_MEASURE_WITH_UNIT (LENGTH_MEASURE( 1.000000000000000082E-05 ), #1633, 'distance_accuracy_value', 'NONE');
#3861 = ORIENTED_EDGE ( 'NONE', *, *, #2334, .T. ) ;
#3862 = EDGE_LOOP ( 'NONE', ( #3023, #2069, #3906, #3331 ) ) ;
#3863 = MECHANICAL_DESIGN_GEOMETRIC_PRESENTATION_REPRESENTATION (  '', ( #720 ), #1308 ) ;
#3864 = FILL_AREA_STYLE_COLOUR ( '', #1149 ) ;
#3865 = VERTEX_POINT ( 'NONE', #405 ) ;
#3866 = SURFACE_STYLE_FILL_AREA ( #2762 ) ;
#3867 = CARTESIAN_POINT ( 'NONE',  ( -3.169613011442830253, -0.5082912083019104355, 5.500000000001600498 ) ) ;
#3868 = VECTOR ( 'NONE', #750, 1000.000000000000000 ) ;
#3869 = CARTESIAN_POINT ( 'NONE',  ( 0.8660847328954995872, -0.5082912083019097693, 4.554022906029304707 ) ) ;
#3870 =( GEOMETRIC_REPRESENTATION_CONTEXT ( 3 ) GLOBAL_UNCERTAINTY_ASSIGNED_CONTEXT ( ( #2859 ) ) GLOBAL_UNIT_ASSIGNED_CONTEXT ( ( #3065, #1072, #3470 ) ) REPRESENTATION_CONTEXT ( 'NONE', 'WORKASPACE' ) );
#3871 = VERTEX_POINT ( 'NONE', #3577 ) ;
#3872 = DIRECTION ( 'NONE',  ( -1.000000000000000000, 0.000000000000000000, 0.000000000000000000 ) ) ;
#3873 = DIRECTION ( 'NONE',  ( 1.000000000000000000, -0.000000000000000000, -0.000000000000000000 ) ) ;
#3874 = LINE ( 'NONE', #2410, #639 ) ;
#3875 = EDGE_CURVE ( 'NONE', #4233, #3516, #1823, .T. ) ;
#3876 = CARTESIAN_POINT ( 'NONE',  ( -1.769613011442830341, 0.3617087916980894491, 3.650000000001600853 ) ) ;
#3877 = VERTEX_POINT ( 'NONE', #3532 ) ;
#3878 =( NAMED_UNIT ( * ) PLANE_ANGLE_UNIT ( ) SI_UNIT ( $, .RADIAN. ) );
#3879 = SURFACE_SIDE_STYLE ('',( #619 ) ) ;
#3880 = CARTESIAN_POINT ( 'NONE',  ( -2.322808654574525900, 1.291708791698090275, 4.854022906029303641 ) ) ;
#3881 = CARTESIAN_POINT ( 'NONE',  ( -2.416507001187885528, -1.008291208301910435, 4.600000000001601030 ) ) ;
#3882 = EDGE_CURVE ( 'NONE', #4293, #1032, #1755, .T. ) ;
#3883 = ORIENTED_EDGE ( 'NONE', *, *, #2193, .T. ) ;
#3884 = EDGE_LOOP ( 'NONE', ( #769, #3861, #1385, #770 ) ) ;
#3885 =( NAMED_UNIT ( * ) PLANE_ANGLE_UNIT ( ) SI_UNIT ( $, .RADIAN. ) );
#3886 = MECHANICAL_DESIGN_GEOMETRIC_PRESENTATION_REPRESENTATION (  '', ( #960 ), #4482 ) ;
#3887 = PRESENTATION_LAYER_ASSIGNMENT (  '', '', ( #1990 ) ) ;
#3888 = FILL_AREA_STYLE ('',( #2057 ) ) ;
#3889 = MECHANICAL_DESIGN_GEOMETRIC_PRESENTATION_REPRESENTATION (  '', ( #3040 ), #2444 ) ;
#3890 = SURFACE_SIDE_STYLE ('',( #709 ) ) ;
#3891 = FILL_AREA_STYLE ('',( #3173 ) ) ;
#3892 =( GEOMETRIC_REPRESENTATION_CONTEXT ( 3 ) GLOBAL_UNCERTAINTY_ASSIGNED_CONTEXT ( ( #1044 ) ) GLOBAL_UNIT_ASSIGNED_CONTEXT ( ( #3566, #1445, #2083 ) ) REPRESENTATION_CONTEXT ( 'NONE', 'WORKASPACE' ) );
#3893 = ORIENTED_EDGE ( 'NONE', *, *, #1613, .T. ) ;
#3894 =( GEOMETRIC_REPRESENTATION_CONTEXT ( 3 ) GLOBAL_UNCERTAINTY_ASSIGNED_CONTEXT ( ( #2051 ) ) GLOBAL_UNIT_ASSIGNED_CONTEXT ( ( #883, #2629, #2696 ) ) REPRESENTATION_CONTEXT ( 'NONE', 'WORKASPACE' ) );
#3895 = LINE ( 'NONE', #3480, #1983 ) ;
#3896 = FACE_OUTER_BOUND ( 'NONE', #3118, .T. ) ;
#3897 = LINE ( 'NONE', #1062, #2426 ) ;
#3898 = VERTEX_POINT ( 'NONE', #283 ) ;
#3899 = DIRECTION ( 'NONE',  ( -0.8880375459327498611, -1.222768421510510651E-16, -0.4597709397229659545 ) ) ;
#3900 = VECTOR ( 'NONE', #445, 1000.000000000000000 ) ;
#3901 = FILL_AREA_STYLE ('',( #4241 ) ) ;
#3902 = DIRECTION ( 'NONE',  ( -0.7071067811865472397, 0.7071067811865479058, 0.000000000000000000 ) ) ;
#3903 = CARTESIAN_POINT ( 'NONE',  ( -1.645348942730901154, 1.541708791698090053, 3.900000000001600853 ) ) ;
#3904 = STYLED_ITEM ( 'NONE', ( #903 ), #4328 ) ;
#3905 =( LENGTH_UNIT ( ) NAMED_UNIT ( * ) SI_UNIT ( .MILLI., .METRE. ) );
#3906 = ORIENTED_EDGE ( 'NONE', *, *, #1473, .T. ) ;
#3907 = EDGE_LOOP ( 'NONE', ( #228, #4381, #2038, #204 ) ) ;
#3908 = CARTESIAN_POINT ( 'NONE',  ( 0.6972885517993305804, -0.5082912083019098803, 4.880495591899755681 ) ) ;
#3909 = VECTOR ( 'NONE', #2088, 1000.000000000000000 ) ;
#3910 = AXIS2_PLACEMENT_3D ( 'NONE', #1923, #157, #1209 ) ;
#3911 = LINE ( 'NONE', #2733, #1441 ) ;
#3912 = COLOUR_RGB ( '',0.5372549019607842924, 0.3490196078431372362, 0.3372549019607843368 ) ;
#3913 = EDGE_CURVE ( 'NONE', #4197, #4164, #683, .T. ) ;
#3914 = CARTESIAN_POINT ( 'NONE',  ( -1.869613011442830430, -1.308291208301910036, 3.900000000001600853 ) ) ;
#3915 = FILL_AREA_STYLE_COLOUR ( '', #570 ) ;
#3916 = STYLED_ITEM ( 'NONE', ( #4080 ), #1768 ) ;
#3917 = MECHANICAL_DESIGN_GEOMETRIC_PRESENTATION_REPRESENTATION (  '', ( #706 ), #1579 ) ;
#3918 = LINE ( 'NONE', #3202, #1829 ) ;
#3919 = DIRECTION ( 'NONE',  ( 0.4597709397229662320, 6.330738928734779269E-17, -0.8880375459327497500 ) ) ;
#3920 = ORIENTED_EDGE ( 'NONE', *, *, #3103, .F. ) ;
#3921 = CARTESIAN_POINT ( 'NONE',  ( -1.869613011442830652, 0.02170879169809038917, 3.900000000001600853 ) ) ;
#3922 = LINE ( 'NONE', #714, #3511 ) ;
#3923 = MECHANICAL_DESIGN_GEOMETRIC_PRESENTATION_REPRESENTATION (  '', ( #1294 ), #3073 ) ;
#3924 = VERTEX_POINT ( 'NONE', #2718 ) ;
#3925 = CARTESIAN_POINT ( 'NONE',  ( 0.1889656323198594945, -1.216869852064600410, 3.650000000001601297 ) ) ;
#3926 = ORIENTED_EDGE ( 'NONE', *, *, #4605, .F. ) ;
#3927 = PRESENTATION_STYLE_ASSIGNMENT (( #1481 ) ) ;
#3928 = PRESENTATION_STYLE_ASSIGNMENT (( #1500 ) ) ;
#3929 = LINE ( 'NONE', #1757, #542 ) ;
#3930 = DIRECTION ( 'NONE',  ( -1.000000000000000000, 0.000000000000000000, 0.000000000000000000 ) ) ;
#3931 = EDGE_LOOP ( 'NONE', ( #4602, #690, #1262, #1197 ) ) ;
#3932 = EDGE_LOOP ( 'NONE', ( #3277, #876, #4655, #391 ) ) ;
#3933 = EDGE_CURVE ( 'NONE', #539, #4197, #2325, .T. ) ;
#3934 = SURFACE_STYLE_FILL_AREA ( #1469 ) ;
#3935 = VECTOR ( 'NONE', #1929, 1000.000000000000114 ) ;
#3936 =( NAMED_UNIT ( * ) SI_UNIT ( $, .STERADIAN. ) SOLID_ANGLE_UNIT ( ) );
#3937 = LINE ( 'NONE', #3960, #2645 ) ;
#3938 = LINE ( 'NONE', #632, #1701 ) ;
#3939 = ORIENTED_EDGE ( 'NONE', *, *, #2737, .F. ) ;
#3940 = CARTESIAN_POINT ( 'NONE',  ( -1.919613011442830253, 0.2617087916980894713, 3.900000000001600853 ) ) ;
#3941 = COLOUR_RGB ( '',0.5372549019607842924, 0.3490196078431372362, 0.3372549019607843368 ) ;
#3942 = DIRECTION ( 'NONE',  ( -1.376933246922772114E-16, 1.000000000000000000, 0.000000000000000000 ) ) ;
#3943 = EDGE_CURVE ( 'NONE', #1440, #2127, #3077, .T. ) ;
#3944 = SURFACE_STYLE_USAGE ( .BOTH. , #337 ) ;
#3945 = FACE_OUTER_BOUND ( 'NONE', #4375, .T. ) ;
#3946 = ORIENTED_EDGE ( 'NONE', *, *, #635, .T. ) ;
#3947 = DIRECTION ( 'NONE',  ( -0.4597709397229659545, -6.330738928734775571E-17, 0.8880375459327498611 ) ) ;
#3948 = DIRECTION ( 'NONE',  ( 0.000000000000000000, -0.000000000000000000, 1.000000000000000000 ) ) ;
#3949 = PRESENTATION_STYLE_ASSIGNMENT (( #2101 ) ) ;
#3950 = AXIS2_PLACEMENT_3D ( 'NONE', #2693, #2058, #3423 ) ;
#3951 = SURFACE_STYLE_FILL_AREA ( #1850 ) ;
#3952 = PRESENTATION_LAYER_ASSIGNMENT (  '', '', ( #1324 ) ) ;
#3953 = UNCERTAINTY_MEASURE_WITH_UNIT (LENGTH_MEASURE( 1.000000000000000082E-05 ), #2830, 'distance_accuracy_value', 'NONE');
#3954 = ORIENTED_EDGE ( 'NONE', *, *, #3114, .F. ) ;
#3955 = ORIENTED_EDGE ( 'NONE', *, *, #1433, .T. ) ;
#3956 = SURFACE_SIDE_STYLE ('',( #4437 ) ) ;
#3957 = ORIENTED_EDGE ( 'NONE', *, *, #752, .F. ) ;
#3958 = PRESENTATION_LAYER_ASSIGNMENT (  '', '', ( #3344 ) ) ;
#3959 = EDGE_CURVE ( 'NONE', #4197, #1761, #220, .T. ) ;
#3960 = CARTESIAN_POINT ( 'NONE',  ( 1.530386988557169925, 1.291708791698090275, 4.682150905820582132 ) ) ;
#3961 = MECHANICAL_DESIGN_GEOMETRIC_PRESENTATION_REPRESENTATION (  '', ( #957 ), #4479 ) ;
#3962 = EDGE_CURVE ( 'NONE', #2185, #921, #529, .T. ) ;
#3963 =( LENGTH_UNIT ( ) NAMED_UNIT ( * ) SI_UNIT ( .MILLI., .METRE. ) );
#3964 =( GEOMETRIC_REPRESENTATION_CONTEXT ( 3 ) GLOBAL_UNCERTAINTY_ASSIGNED_CONTEXT ( ( #3279 ) ) GLOBAL_UNIT_ASSIGNED_CONTEXT ( ( #477, #3278, #1892 ) ) REPRESENTATION_CONTEXT ( 'NONE', 'WORKASPACE' ) );
#3965 = SURFACE_STYLE_FILL_AREA ( #1422 ) ;
#3966 =( NAMED_UNIT ( * ) PLANE_ANGLE_UNIT ( ) SI_UNIT ( $, .RADIAN. ) );
#3967 = ORIENTED_EDGE ( 'NONE', *, *, #1184, .F. ) ;
#3968 = LINE ( 'NONE', #1029, #1824 ) ;
#3969 = PRESENTATION_STYLE_ASSIGNMENT (( #24 ) ) ;
#3970 = DIRECTION ( 'NONE',  ( -1.000000000000000000, -0.000000000000000000, -0.000000000000000000 ) ) ;
#3971 = EDGE_CURVE ( 'NONE', #4590, #1740, #959, .T. ) ;
#3972 = ORIENTED_EDGE ( 'NONE', *, *, #752, .T. ) ;
#3973 = DIRECTION ( 'NONE',  ( -0.000000000000000000, -0.000000000000000000, -1.000000000000000000 ) ) ;
#3974 = DIRECTION ( 'NONE',  ( -1.804757342600190166E-16, 1.529367931725233976E-47, -1.000000000000000000 ) ) ;
#3975 = EDGE_CURVE ( 'NONE', #3317, #4084, #4576, .T. ) ;
#3976 = MECHANICAL_DESIGN_GEOMETRIC_PRESENTATION_REPRESENTATION (  '', ( #71 ), #1339 ) ;
#3977 = CARTESIAN_POINT ( 'NONE',  ( 0.2803869885571688148, 0.2117087916980894824, 3.420710678120255643 ) ) ;
#3978 = VECTOR ( 'NONE', #4610, 1000.000000000000000 ) ;
#3979 = SURFACE_STYLE_FILL_AREA ( #2877 ) ;
#3980 = ORIENTED_EDGE ( 'NONE', *, *, #3286, .T. ) ;
#3981 = ORIENTED_EDGE ( 'NONE', *, *, #2644, .F. ) ;
#3982 = VECTOR ( 'NONE', #3528, 1000.000000000000000 ) ;
#3983 = VERTEX_POINT ( 'NONE', #2742 ) ;
#3984 = FACE_OUTER_BOUND ( 'NONE', #3884, .T. ) ;
#3985 = DIRECTION ( 'NONE',  ( 0.000000000000000000, 0.000000000000000000, 1.000000000000000000 ) ) ;
#3986 = EDGE_LOOP ( 'NONE', ( #725, #2118, #2152, #794 ) ) ;
#3987 = DIRECTION ( 'NONE',  ( -1.637951978259724831E-16, -1.000000000000000000, -1.665334536937734811E-16 ) ) ;
#3988 = CARTESIAN_POINT ( 'NONE',  ( 0.2303869885571690201, 0.2617087916980894713, 3.750000000001600942 ) ) ;
#3989 = LINE ( 'NONE', #3340, #1140 ) ;
#3990 = AXIS2_PLACEMENT_3D ( 'NONE', #653, #1249, #3466 ) ;
#3991 = VERTEX_POINT ( 'NONE', #1604 ) ;
#3992 =( NAMED_UNIT ( * ) PLANE_ANGLE_UNIT ( ) SI_UNIT ( $, .RADIAN. ) );
#3993 = UNCERTAINTY_MEASURE_WITH_UNIT (LENGTH_MEASURE( 1.000000000000000082E-05 ), #1423, 'distance_accuracy_value', 'NONE');
#3994 = CARTESIAN_POINT ( 'NONE',  ( -1.869613011442830430, -1.258291208301910213, 3.900000000001600853 ) ) ;
#3995 = CARTESIAN_POINT ( 'NONE',  ( -2.801433274107301585, 1.291708791698090053, 5.125977093973897780 ) ) ;
#3996 = LINE ( 'NONE', #1913, #4058 ) ;
#3997 = FACE_BOUND ( 'NONE', #89, .T. ) ;
#3998 = UNCERTAINTY_MEASURE_WITH_UNIT (LENGTH_MEASURE( 1.000000000000000082E-05 ), #3629, 'distance_accuracy_value', 'NONE');
#3999 = ORIENTED_EDGE ( 'NONE', *, *, #4311, .F. ) ;
#4000 = CARTESIAN_POINT ( 'NONE',  ( -2.416507001187885528, -1.008291208301910435, 4.500000000001600498 ) ) ;
#4001 = EDGE_LOOP ( 'NONE', ( #3946, #2995, #1888, #275 ) ) ;
#4002 = STYLED_ITEM ( 'NONE', ( #3928 ), #3272 ) ;
#4003 = SURFACE_STYLE_USAGE ( .BOTH. , #1552 ) ;
#4004 = FACE_OUTER_BOUND ( 'NONE', #2794, .T. ) ;
#4005 = VECTOR ( 'NONE', #3024, 1000.000000000000000 ) ;
#4006 = PRESENTATION_STYLE_ASSIGNMENT (( #2903 ) ) ;
#4007 = VERTEX_POINT ( 'NONE', #1653 ) ;
#4008 = STYLED_ITEM ( 'NONE', ( #108 ), #2914 ) ;
#4009 = CARTESIAN_POINT ( 'NONE',  ( 0.5303869885571695919, -0.5082912083019095473, 4.500000000001601386 ) ) ;
#4010 = VERTEX_POINT ( 'NONE', #913 ) ;
#4011 =( NAMED_UNIT ( * ) SI_UNIT ( $, .STERADIAN. ) SOLID_ANGLE_UNIT ( ) );
#4012 = EDGE_CURVE ( 'NONE', #3924, #187, #3431, .T. ) ;
#4013 = LINE ( 'NONE', #2950, #3032 ) ;
#4014 = PRESENTATION_LAYER_ASSIGNMENT (  '', '', ( #3092 ) ) ;
#4015 = DIRECTION ( 'NONE',  ( 0.000000000000000000, 1.000000000000000000, -0.000000000000000000 ) ) ;
#4016 = VECTOR ( 'NONE', #2495, 1000.000000000000000 ) ;
#4017 = EDGE_CURVE ( 'NONE', #4178, #334, #3288, .T. ) ;
#4018 = SURFACE_SIDE_STYLE ('',( #3934 ) ) ;
#4019 = EDGE_CURVE ( 'NONE', #3398, #2429, #3028, .T. ) ;
#4020 = EDGE_CURVE ( 'NONE', #2620, #3871, #259, .T. ) ;
#4021 = VERTEX_POINT ( 'NONE', #241 ) ;
#4022 = FILL_AREA_STYLE ('',( #1900 ) ) ;
#4023 = SURFACE_SIDE_STYLE ('',( #3693 ) ) ;
#4024 = SURFACE_STYLE_USAGE ( .BOTH. , #1474 ) ;
#4025 = SURFACE_STYLE_FILL_AREA ( #3418 ) ;
#4026 = ORIENTED_EDGE ( 'NONE', *, *, #651, .T. ) ;
#4027 =( NAMED_UNIT ( * ) SI_UNIT ( $, .STERADIAN. ) SOLID_ANGLE_UNIT ( ) );
#4028 = AXIS2_PLACEMENT_3D ( 'NONE', #2743, #2445, #3548 ) ;
#4029 =( LENGTH_UNIT ( ) NAMED_UNIT ( * ) SI_UNIT ( .MILLI., .METRE. ) );
#4030 = CARTESIAN_POINT ( 'NONE',  ( 0.5303869885571697029, -1.008291208301909769, 4.682150905820582132 ) ) ;
#4031 = ORIENTED_EDGE ( 'NONE', *, *, #2982, .F. ) ;
#4032 = LINE ( 'NONE', #3000, #2933 ) ;
#4033 = UNCERTAINTY_MEASURE_WITH_UNIT (LENGTH_MEASURE( 1.000000000000000082E-05 ), #886, 'distance_accuracy_value', 'NONE');
#4034 = PLANE ( 'NONE',  #4658 ) ;
#4035 = FILL_AREA_STYLE_COLOUR ( '', #1773 ) ;
#4036 = CARTESIAN_POINT ( 'NONE',  ( 1.530386988557169703, -1.008291208301910213, 5.500000000001601386 ) ) ;
#4037 = UNCERTAINTY_MEASURE_WITH_UNIT (LENGTH_MEASURE( 1.000000000000000082E-05 ), #3817, 'distance_accuracy_value', 'NONE');
#4038 =( GEOMETRIC_REPRESENTATION_CONTEXT ( 3 ) GLOBAL_UNCERTAINTY_ASSIGNED_CONTEXT ( ( #4615 ) ) GLOBAL_UNIT_ASSIGNED_CONTEXT ( ( #2713, #952, #3819 ) ) REPRESENTATION_CONTEXT ( 'NONE', 'WORKASPACE' ) );
#4039 = VECTOR ( 'NONE', #2550, 1000.000000000000000 ) ;
#4040 =( NAMED_UNIT ( * ) SI_UNIT ( $, .STERADIAN. ) SOLID_ANGLE_UNIT ( ) );
#4041 = VECTOR ( 'NONE', #2018, 1000.000000000000000 ) ;
#4042 = ORIENTED_EDGE ( 'NONE', *, *, #2728, .T. ) ;
#4043 = PLANE ( 'NONE',  #3628 ) ;
#4044 = VECTOR ( 'NONE', #1077, 1000.000000000000000 ) ;
#4045 = FILL_AREA_STYLE ('',( #3664 ) ) ;
#4046 = MECHANICAL_DESIGN_GEOMETRIC_PRESENTATION_REPRESENTATION (  '', ( #2683 ), #3142 ) ;
#4047 = FACE_OUTER_BOUND ( 'NONE', #2919, .T. ) ;
#4048 = SURFACE_STYLE_FILL_AREA ( #3637 ) ;
#4049 = VERTEX_POINT ( 'NONE', #3805 ) ;
#4050 = DIRECTION ( 'NONE',  ( 0.000000000000000000, 0.000000000000000000, -1.000000000000000000 ) ) ;
#4051 = FACE_OUTER_BOUND ( 'NONE', #1684, .T. ) ;
#4052 = CARTESIAN_POINT ( 'NONE',  ( 0.2303869885571692422, 0.02170879169809038917, 3.900000000001600853 ) ) ;
#4053 = VECTOR ( 'NONE', #3749, 1000.000000000000000 ) ;
#4054 = VERTEX_POINT ( 'NONE', #4209 ) ;
#4055 = VECTOR ( 'NONE', #2149, 1000.000000000000000 ) ;
#4056 = CARTESIAN_POINT ( 'NONE',  ( -2.169613011442830697, -1.558291208301909814, 3.450000000001601119 ) ) ;
#4057 = CARTESIAN_POINT ( 'NONE',  ( 0.1303869885571689868, 0.1417087916980892537, 3.750000000001600942 ) ) ;
#4058 = VECTOR ( 'NONE', #456, 1000.000000000000000 ) ;
#4059 =( BOUNDED_CURVE ( )  B_SPLINE_CURVE ( 3, ( #2916, #1896, #789, #3328 ),
 .UNSPECIFIED., .F., .F. ) 
 B_SPLINE_CURVE_WITH_KNOTS ( ( 4, 4 ),
 ( 0.000000000000000000, 1.570796326794896558 ),
 .UNSPECIFIED. ) 
 CURVE ( )  GEOMETRIC_REPRESENTATION_ITEM ( )  RATIONAL_B_SPLINE_CURVE ( ( 1.000000000000000000, 0.8047378541243649375, 0.8047378541243649375, 1.000000000000000000 ) ) 
 REPRESENTATION_ITEM ( '' )  );
#4060 = SURFACE_STYLE_FILL_AREA ( #2195 ) ;
#4061 = COLOUR_RGB ( '',0.4392156862745097978, 0.4392156862745097978, 0.4392156862745097978 ) ;
#4062 = PLANE ( 'NONE',  #2487 ) ;
#4063 =( NAMED_UNIT ( * ) SI_UNIT ( $, .STERADIAN. ) SOLID_ANGLE_UNIT ( ) );
#4064 = VERTEX_POINT ( 'NONE', #3098 ) ;
#4065 = EDGE_LOOP ( 'NONE', ( #2209, #4364, #3572, #129 ) ) ;
#4066 = SURFACE_STYLE_USAGE ( .BOTH. , #4377 ) ;
#4067 = EDGE_CURVE ( 'NONE', #471, #685, #1675, .T. ) ;
#4068 =( NAMED_UNIT ( * ) SI_UNIT ( $, .STERADIAN. ) SOLID_ANGLE_UNIT ( ) );
#4069 = PRESENTATION_STYLE_ASSIGNMENT (( #581 ) ) ;
#4070 =( NAMED_UNIT ( * ) SI_UNIT ( $, .STERADIAN. ) SOLID_ANGLE_UNIT ( ) );
#4071 = ORIENTED_EDGE ( 'NONE', *, *, #4012, .T. ) ;
#4072 = FACE_BOUND ( 'NONE', #3862, .T. ) ;
#4073 = FACE_OUTER_BOUND ( 'NONE', #1595, .T. ) ;
#4074 = VECTOR ( 'NONE', #2099, 1000.000000000000000 ) ;
#4075 = ORIENTED_EDGE ( 'NONE', *, *, #3270, .F. ) ;
#4076 = EDGE_CURVE ( 'NONE', #2105, #2540, #792, .T. ) ;
#4077 = COLOUR_RGB ( '',0.4392156862745097978, 0.4392156862745097978, 0.4392156862745097978 ) ;
#4078 = SURFACE_SIDE_STYLE ('',( #2632 ) ) ;
#4079 = COLOUR_RGB ( '',0.4392156862745097978, 0.4392156862745097978, 0.4392156862745097978 ) ;
#4080 = PRESENTATION_STYLE_ASSIGNMENT (( #1220 ) ) ;
#4081 =( LENGTH_UNIT ( ) NAMED_UNIT ( * ) SI_UNIT ( .MILLI., .METRE. ) );
#4082 = AXIS2_PLACEMENT_3D ( 'NONE', #2669, #3770, #514 ) ;
#4083 = SURFACE_STYLE_FILL_AREA ( #246 ) ;
#4084 = VERTEX_POINT ( 'NONE', #1354 ) ;
#4085 = UNCERTAINTY_MEASURE_WITH_UNIT (LENGTH_MEASURE( 1.000000000000000082E-05 ), #1796, 'distance_accuracy_value', 'NONE');
#4086 = ORIENTED_EDGE ( 'NONE', *, *, #2193, .F. ) ;
#4087 = MECHANICAL_DESIGN_GEOMETRIC_PRESENTATION_REPRESENTATION (  '', ( #3190 ), #4323 ) ;
#4088 = FILL_AREA_STYLE_COLOUR ( '', #4195 ) ;
#4089 = SURFACE_STYLE_FILL_AREA ( #4115 ) ;
#4090 = FILL_AREA_STYLE ('',( #3357 ) ) ;
#4091 = SURFACE_SIDE_STYLE ('',( #4048 ) ) ;
#4092 = VERTEX_POINT ( 'NONE', #4190 ) ;
#4093 = AXIS2_PLACEMENT_3D ( 'NONE', #3486, #2395, #1734 ) ;
#4094 = ADVANCED_FACE ( 'NONE', ( #2389 ), #3850, .T. ) ;
#4095 = CARTESIAN_POINT ( 'NONE',  ( -2.801433274107301141, -1.008291208301910435, 5.125977093973897780 ) ) ;
#4096 = VERTEX_POINT ( 'NONE', #3251 ) ;
#4097 = LINE ( 'NONE', #3387, #2219 ) ;
#4098 = COLOUR_RGB ( '',0.000000000000000000, 0.000000000000000000, 0.000000000000000000 ) ;
#4099 = DIRECTION ( 'NONE',  ( 0.4597709397229664541, 8.932844958344691415E-17, 0.8880375459327495280 ) ) ;
#4100 = EDGE_CURVE ( 'NONE', #3419, #4049, #1798, .T. ) ;
#4101 =( NAMED_UNIT ( * ) PLANE_ANGLE_UNIT ( ) SI_UNIT ( $, .RADIAN. ) );
#4102 = EDGE_CURVE ( 'NONE', #2672, #4238, #1772, .T. ) ;
#4103 = AXIS2_PLACEMENT_3D ( 'NONE', #3477, #1421, #2411 ) ;
#4104 = DIRECTION ( 'NONE',  ( 1.000000000000000000, 0.000000000000000000, -0.000000000000000000 ) ) ;
#4105 = SURFACE_STYLE_FILL_AREA ( #459 ) ;
#4106 = DIRECTION ( 'NONE',  ( 0.000000000000000000, 0.000000000000000000, 1.000000000000000000 ) ) ;
#4107 = FILL_AREA_STYLE_COLOUR ( '', #373 ) ;
#4108 = LINE ( 'NONE', #895, #247 ) ;
#4109 = ORIENTED_EDGE ( 'NONE', *, *, #3882, .F. ) ;
#4110 = ORIENTED_EDGE ( 'NONE', *, *, #4430, .F. ) ;
#4111 = COLOUR_RGB ( '',0.4392156862745097978, 0.4392156862745097978, 0.4392156862745097978 ) ;
#4112 = FACE_BOUND ( 'NONE', #1891, .T. ) ;
#4113 = STYLED_ITEM ( 'NONE', ( #1557 ), #503 ) ;
#4114 =( LENGTH_UNIT ( ) NAMED_UNIT ( * ) SI_UNIT ( .MILLI., .METRE. ) );
#4115 = FILL_AREA_STYLE ('',( #4445 ) ) ;
#4116 = PRESENTATION_STYLE_ASSIGNMENT (( #1592 ) ) ;
#4117 = AXIS2_PLACEMENT_3D ( 'NONE', #3719, #418, #821 ) ;
#4118 = CARTESIAN_POINT ( 'NONE',  ( -1.869613011442830652, 0.02170879169809038917, 3.750000000001600942 ) ) ;
#4119 = ORIENTED_EDGE ( 'NONE', *, *, #845, .F. ) ;
#4120 = FILL_AREA_STYLE_COLOUR ( '', #1123 ) ;
#4121 = SURFACE_STYLE_USAGE ( .BOTH. , #184 ) ;
#4122 = STYLED_ITEM ( 'NONE', ( #3969 ), #4150 ) ;
#4123 = ORIENTED_EDGE ( 'NONE', *, *, #2628, .F. ) ;
#4124 = CARTESIAN_POINT ( 'NONE',  ( -0.8196130114428307190, 0.1417087916980892537, 3.650000000001600853 ) ) ;
#4125 = DIRECTION ( 'NONE',  ( 1.637951978259724831E-16, 1.000000000000000000, 1.665334536937734811E-16 ) ) ;
#4126 = MECHANICAL_DESIGN_GEOMETRIC_PRESENTATION_REPRESENTATION (  '', ( #2544 ), #3754 ) ;
#4127 = AXIS2_PLACEMENT_3D ( 'NONE', #3508, #3902, #1086 ) ;
#4128 =( NAMED_UNIT ( * ) PLANE_ANGLE_UNIT ( ) SI_UNIT ( $, .RADIAN. ) );
#4129 = DIRECTION ( 'NONE',  ( -0.7071067811865486830, -0.7071067811865464625, -0.000000000000000000 ) ) ;
#4130 = COLOUR_RGB ( '',0.5372549019607842924, 0.3490196078431372362, 0.3372549019607843368 ) ;
#4131 = CARTESIAN_POINT ( 'NONE',  ( -2.719613011442830075, -1.008291208301910435, 5.500000000001600498 ) ) ;
#4132 = DIRECTION ( 'NONE',  ( -1.000000000000000000, 0.000000000000000000, -0.000000000000000000 ) ) ;
#4133 = DIRECTION ( 'NONE',  ( 0.000000000000000000, -0.000000000000000000, -1.000000000000000000 ) ) ;
#4134 = ORIENTED_EDGE ( 'NONE', *, *, #2832, .T. ) ;
#4135 = DIRECTION ( 'NONE',  ( 1.000000000000000000, 0.000000000000000000, 0.000000000000000000 ) ) ;
#4136 = UNCERTAINTY_MEASURE_WITH_UNIT (LENGTH_MEASURE( 1.000000000000000082E-05 ), #3499, 'distance_accuracy_value', 'NONE');
#4137 = ORIENTED_EDGE ( 'NONE', *, *, #884, .T. ) ;
#4138 = FILL_AREA_STYLE_COLOUR ( '', #3941 ) ;
#4139 = FILL_AREA_STYLE ('',( #1986 ) ) ;
#4140 = ORIENTED_EDGE ( 'NONE', *, *, #2685, .T. ) ;
#4141 = CARTESIAN_POINT ( 'NONE',  ( -2.719613011442830519, 0.7917087916980900530, 4.682150905820581244 ) ) ;
#4142 = VERTEX_POINT ( 'NONE', #2886 ) ;
#4143 = DIRECTION ( 'NONE',  ( -1.942890293094024439E-16, 1.000000000000000000, 0.000000000000000000 ) ) ;
#4144 = LINE ( 'NONE', #2348, #1790 ) ;
#4145 = SURFACE_SIDE_STYLE ('',( #3454 ) ) ;
#4146 = VECTOR ( 'NONE', #646, 1000.000000000000000 ) ;
#4147 = CARTESIAN_POINT ( 'NONE',  ( 0.9636998155791556275, 0.7917087916980902751, 4.742564309982865822 ) ) ;
#4148 = FACE_OUTER_BOUND ( 'NONE', #1569, .T. ) ;
#4149 = VECTOR ( 'NONE', #4456, 1000.000000000000000 ) ;
#4150 = ADVANCED_FACE ( 'NONE', ( #1379 ), #2797, .T. ) ;
#4151 = EDGE_CURVE ( 'NONE', #1556, #1301, #2706, .T. ) ;
#4152 = FACE_OUTER_BOUND ( 'NONE', #3932, .T. ) ;
#4153 = AXIS2_PLACEMENT_3D ( 'NONE', #1299, #2355, #2751 ) ;
#4154 = SURFACE_SIDE_STYLE ('',( #2167 ) ) ;
#4155 =( NAMED_UNIT ( * ) PLANE_ANGLE_UNIT ( ) SI_UNIT ( $, .RADIAN. ) );
#4156 =( NAMED_UNIT ( * ) SI_UNIT ( $, .STERADIAN. ) SOLID_ANGLE_UNIT ( ) );
#4157 = EDGE_CURVE ( 'NONE', #2620, #3711, #1503, .T. ) ;
#4158 = ORIENTED_EDGE ( 'NONE', *, *, #434, .T. ) ;
#4159 = ORIENTED_EDGE ( 'NONE', *, *, #3784, .F. ) ;
#4160 =( NAMED_UNIT ( * ) PLANE_ANGLE_UNIT ( ) SI_UNIT ( $, .RADIAN. ) );
#4161 = EDGE_CURVE ( 'NONE', #513, #400, #2820, .T. ) ;
#4162 = FACE_OUTER_BOUND ( 'NONE', #669, .T. ) ;
#4163 = EDGE_CURVE ( 'NONE', #2310, #116, #901, .T. ) ;
#4164 = VERTEX_POINT ( 'NONE', #1059 ) ;
#4165 = CARTESIAN_POINT ( 'NONE',  ( 0.2803869885571689258, 0.2117087916980894546, 3.900000000001600853 ) ) ;
#4166 = CARTESIAN_POINT ( 'NONE',  ( 0.2303869885571690201, 0.2617087916980894713, 3.900000000001600853 ) ) ;
#4167 = DIRECTION ( 'NONE',  ( 1.942890293094024439E-16, -1.000000000000000000, 0.000000000000000000 ) ) ;
#4168 = CARTESIAN_POINT ( 'NONE',  ( -0.8196130114428307190, 0.1617087916980894657, 3.400000000001600853 ) ) ;
#4169 = DIRECTION ( 'NONE',  ( -1.000000000000000000, 0.000000000000000000, 0.000000000000000000 ) ) ;
#4170 = DIRECTION ( 'NONE',  ( 1.000000000000000000, 0.000000000000000000, 0.000000000000000000 ) ) ;
#4171 = SURFACE_STYLE_FILL_AREA ( #2721 ) ;
#4172 = FILL_AREA_STYLE ('',( #2724 ) ) ;
#4173 = AXIS2_PLACEMENT_3D ( 'NONE', #1872, #3682, #4368 ) ;
#4174 = FILL_AREA_STYLE_COLOUR ( '', #615 ) ;
#4175 = DIRECTION ( 'NONE',  ( 1.000000000000000000, -0.000000000000000000, 0.000000000000000000 ) ) ;
#4176 = FILL_AREA_STYLE_COLOUR ( '', #3393 ) ;
#4177 = ORIENTED_EDGE ( 'NONE', *, *, #154, .F. ) ;
#4178 = VERTEX_POINT ( 'NONE', #379 ) ;
#4179 = CARTESIAN_POINT ( 'NONE',  ( 0.4803869885571696585, 1.841708791698089875, 3.450000000001601119 ) ) ;
#4180 = EDGE_LOOP ( 'NONE', ( #3981, #1814, #2833, #4465 ) ) ;
#4181 = FACE_OUTER_BOUND ( 'NONE', #4617, .T. ) ;
#4182 = FACE_OUTER_BOUND ( 'NONE', #1775, .T. ) ;
#4183 = VECTOR ( 'NONE', #933, 1000.000000000000000 ) ;
#4184 = FACE_OUTER_BOUND ( 'NONE', #128, .T. ) ;
#4185 = CARTESIAN_POINT ( 'NONE',  ( 1.080386988557169969, -0.5082912083019099914, 5.500000000001601386 ) ) ;
#4186 = MECHANICAL_DESIGN_GEOMETRIC_PRESENTATION_REPRESENTATION (  '', ( #4495 ), #2686 ) ;
#4187 = CARTESIAN_POINT ( 'NONE',  ( 0.5947788770955902971, 1.291708791698090275, 4.900000000001601741 ) ) ;
#4188 = ORIENTED_EDGE ( 'NONE', *, *, #3626, .T. ) ;
#4189 = FACE_OUTER_BOUND ( 'NONE', #1046, .T. ) ;
#4190 = CARTESIAN_POINT ( 'NONE',  ( 0.2303869885571690201, 1.541708791698089831, 3.750000000001600942 ) ) ;
#4191 = VECTOR ( 'NONE', #1264, 1000.000000000000000 ) ;
#4192 = CARTESIAN_POINT ( 'NONE',  ( -1.954968350502157781, 1.373510740164143318, 3.450000000001601119 ) ) ;
#4193 = DIRECTION ( 'NONE',  ( -1.942890293094024439E-16, 1.000000000000000000, 0.000000000000000000 ) ) ;
#4194 = PLANE ( 'NONE',  #1435 ) ;
#4195 = COLOUR_RGB ( '',0.5372549019607842924, 0.3490196078431372362, 0.3372549019607843368 ) ;
#4196 = ORIENTED_EDGE ( 'NONE', *, *, #651, .F. ) ;
#4197 = VERTEX_POINT ( 'NONE', #4290 ) ;
#4198 = SURFACE_STYLE_FILL_AREA ( #2759 ) ;
#4199 = DIRECTION ( 'NONE',  ( -0.000000000000000000, -1.000000000000000000, -0.000000000000000000 ) ) ;
#4200 = VECTOR ( 'NONE', #3615, 1000.000000000000000 ) ;
#4201 = EDGE_LOOP ( 'NONE', ( #3720, #2999, #3048, #2861 ) ) ;
#4202 = EDGE_CURVE ( 'NONE', #3746, #1690, #3922, .T. ) ;
#4203 = CARTESIAN_POINT ( 'NONE',  ( 0.1303869885571689868, -1.258291208301910213, 3.650000000001600853 ) ) ;
#4204 = DIRECTION ( 'NONE',  ( 1.376933246922772114E-16, -1.000000000000000000, 0.000000000000000000 ) ) ;
#4205 = DIRECTION ( 'NONE',  ( -1.000000000000000000, 0.000000000000000000, 0.000000000000000000 ) ) ;
#4206 = PRESENTATION_STYLE_ASSIGNMENT (( #636 ) ) ;
#4207 = VERTEX_POINT ( 'NONE', #735 ) ;
#4208 =( NAMED_UNIT ( * ) PLANE_ANGLE_UNIT ( ) SI_UNIT ( $, .RADIAN. ) );
#4209 = CARTESIAN_POINT ( 'NONE',  ( 0.7772809783022245345, -1.008291208301909769, 4.500000000001601386 ) ) ;
#4210 = CYLINDRICAL_SURFACE ( 'NONE', #3295, 0.1000000000000000056 ) ;
#4211 = ORIENTED_EDGE ( 'NONE', *, *, #3319, .T. ) ;
#4212 = CARTESIAN_POINT ( 'NONE',  ( 0.5303869885571698140, 1.291708791698090275, 4.682150905820582132 ) ) ;
#4213 = EDGE_CURVE ( 'NONE', #1638, #3983, #1089, .T. ) ;
#4214 = VERTEX_POINT ( 'NONE', #1214 ) ;
#4215 = SURFACE_STYLE_USAGE ( .BOTH. , #3807 ) ;
#4216 = STYLED_ITEM ( 'NONE', ( #3832 ), #3116 ) ;
#4217 =( NAMED_UNIT ( * ) SI_UNIT ( $, .STERADIAN. ) SOLID_ANGLE_UNIT ( ) );
#4218 = FILL_AREA_STYLE_COLOUR ( '', #3145 ) ;
#4219 = LINE ( 'NONE', #3880, #3643 ) ;
#4220 = SURFACE_SIDE_STYLE ('',( #2781 ) ) ;
#4221 = UNCERTAINTY_MEASURE_WITH_UNIT (LENGTH_MEASURE( 1.000000000000000082E-05 ), #4584, 'distance_accuracy_value', 'NONE');
#4222 = ORIENTED_EDGE ( 'NONE', *, *, #2534, .F. ) ;
#4223 =( GEOMETRIC_REPRESENTATION_CONTEXT ( 3 ) GLOBAL_UNCERTAINTY_ASSIGNED_CONTEXT ( ( #1961 ) ) GLOBAL_UNIT_ASSIGNED_CONTEXT ( ( #984, #4291, #3852 ) ) REPRESENTATION_CONTEXT ( 'NONE', 'WORKASPACE' ) );
#4224 = EDGE_LOOP ( 'NONE', ( #926, #1417, #2373, #3792 ) ) ;
#4225 = FILL_AREA_STYLE ('',( #2786 ) ) ;
#4226 = COLOUR_RGB ( '',0.4392156862745097978, 0.4392156862745097978, 0.4392156862745097978 ) ;
#4227 = ORIENTED_EDGE ( 'NONE', *, *, #2338, .T. ) ;
#4228 = DIRECTION ( 'NONE',  ( -1.000000000000000000, -1.942890293094023946E-16, 5.551115123125782702E-17 ) ) ;
#4229 = FILL_AREA_STYLE_COLOUR ( '', #352 ) ;
#4230 = COLOUR_RGB ( '',0.5372549019607842924, 0.3490196078431372362, 0.3372549019607843368 ) ;
#4231 = LINE ( 'NONE', #279, #61 ) ;
#4232 = VECTOR ( 'NONE', #2755, 1000.000000000000114 ) ;
#4233 = VERTEX_POINT ( 'NONE', #1169 ) ;
#4234 = CARTESIAN_POINT ( 'NONE',  ( -2.234004899981251402, 0.7917087916980901641, 4.800000000001600320 ) ) ;
#4235 = DIRECTION ( 'NONE',  ( 8.474091755303839943E-32, 1.000000000000000000, 0.000000000000000000 ) ) ;
#4236 = CARTESIAN_POINT ( 'NONE',  ( 0.3303869885571688592, -1.308291208301910036, 3.450000000001601119 ) ) ;
#4237 = CARTESIAN_POINT ( 'NONE',  ( -2.890237028700576527, 1.291708791698090053, 5.080000000001600569 ) ) ;
#4238 = VERTEX_POINT ( 'NONE', #3339 ) ;
#4239 = LINE ( 'NONE', #2801, #2748 ) ;
#4240 =( LENGTH_UNIT ( ) NAMED_UNIT ( * ) SI_UNIT ( .MILLI., .METRE. ) );
#4241 = FILL_AREA_STYLE_COLOUR ( '', #4417 ) ;
#4242 = CARTESIAN_POINT ( 'NONE',  ( 0.7772809783022247565, 0.7917087916980901641, 4.500000000001601386 ) ) ;
#4243 = EDGE_CURVE ( 'NONE', #3219, #704, #473, .T. ) ;
#4244 = CARTESIAN_POINT ( 'NONE',  ( -2.890237028700576527, 1.291708791698090053, 5.180000000001601101 ) ) ;
#4245 = COLOUR_RGB ( '',0.4392156862745097978, 0.4392156862745097978, 0.4392156862745097978 ) ;
#4246 = EDGE_LOOP ( 'NONE', ( #2647, #1602, #1418, #980, #3166 ) ) ;
#4247 = ORIENTED_EDGE ( 'NONE', *, *, #4519, .T. ) ;
#4248 = AXIS2_PLACEMENT_3D ( 'NONE', #1101, #2514, #3177 ) ;
#4249 = SURFACE_SIDE_STYLE ('',( #1369 ) ) ;
#4250 = AXIS2_PLACEMENT_3D ( 'NONE', #2930, #425, #1560 ) ;
#4251 = SURFACE_SIDE_STYLE ('',( #1095 ) ) ;
#4252 = CARTESIAN_POINT ( 'NONE',  ( 0.4803869885571696585, 1.791708791698090053, 3.400000000001600853 ) ) ;
#4253 = DIRECTION ( 'NONE',  ( -1.942890293094024439E-16, 1.000000000000000000, 0.000000000000000000 ) ) ;
#4254 = PRESENTATION_LAYER_ASSIGNMENT (  '', '', ( #1049 ) ) ;
#4255 =( BOUNDED_CURVE ( )  B_SPLINE_CURVE ( 3, ( #1494, #88, #4358, #1152 ),
 .UNSPECIFIED., .F., .F. ) 
 B_SPLINE_CURVE_WITH_KNOTS ( ( 4, 4 ),
 ( 4.712388980384689674, 6.283185307179586232 ),
 .UNSPECIFIED. ) 
 CURVE ( )  GEOMETRIC_REPRESENTATION_ITEM ( )  RATIONAL_B_SPLINE_CURVE ( ( 1.000000000000000000, 0.8047378541243649375, 0.8047378541243649375, 1.000000000000000000 ) ) 
 REPRESENTATION_ITEM ( '' )  );
#4256 = DIRECTION ( 'NONE',  ( 0.8880375459327497500, 1.222768421510510651E-16, 0.4597709397229662320 ) ) ;
#4257 = VECTOR ( 'NONE', #3654, 1000.000000000000000 ) ;
#4258 = VERTEX_POINT ( 'NONE', #1496 ) ;
#4259 = FILL_AREA_STYLE ('',( #1425 ) ) ;
#4260 = SURFACE_SIDE_STYLE ('',( #3228 ) ) ;
#4261 = FILL_AREA_STYLE_COLOUR ( '', #1183 ) ;
#4262 = FACE_OUTER_BOUND ( 'NONE', #3110, .T. ) ;
#4263 = VECTOR ( 'NONE', #868, 1000.000000000000000 ) ;
#4264 = DIRECTION ( 'NONE',  ( -0.000000000000000000, -0.000000000000000000, -1.000000000000000000 ) ) ;
#4265 = ORIENTED_EDGE ( 'NONE', *, *, #1588, .F. ) ;
#4266 = CARTESIAN_POINT ( 'NONE',  ( 0.2803869885571689258, 1.591708791698089653, 3.900000000001600853 ) ) ;
#4267 = UNCERTAINTY_MEASURE_WITH_UNIT (LENGTH_MEASURE( 1.000000000000000082E-05 ), #3025, 'distance_accuracy_value', 'NONE');
#4268 =( NAMED_UNIT ( * ) PLANE_ANGLE_UNIT ( ) SI_UNIT ( $, .RADIAN. ) );
#4269 = VECTOR ( 'NONE', #717, 1000.000000000000000 ) ;
#4270 = ADVANCED_FACE ( 'NONE', ( #1155 ), #4383, .T. ) ;
#4271 = DIRECTION ( 'NONE',  ( 0.4597709397229660100, -3.966980059264407325E-32, -0.8880375459327498611 ) ) ;
#4272 = CARTESIAN_POINT ( 'NONE',  ( -2.234004899981250958, -0.5082912083019104355, 4.900000000001600853 ) ) ;
#4273 =( GEOMETRIC_REPRESENTATION_CONTEXT ( 3 ) GLOBAL_UNCERTAINTY_ASSIGNED_CONTEXT ( ( #1173 ) ) GLOBAL_UNIT_ASSIGNED_CONTEXT ( ( #1750, #1102, #48 ) ) REPRESENTATION_CONTEXT ( 'NONE', 'WORKASPACE' ) );
#4274 = CARTESIAN_POINT ( 'NONE',  ( 1.080386988557169747, -0.5082912083019099914, 5.180000000001601990 ) ) ;
#4275 = ORIENTED_EDGE ( 'NONE', *, *, #2617, .F. ) ;
#4276 = CARTESIAN_POINT ( 'NONE',  ( 0.3303869885571690812, 0.1217087916980903739, 3.400000000001600853 ) ) ;
#4277 = COLOUR_RGB ( '',0.000000000000000000, 0.000000000000000000, 0.000000000000000000 ) ;
#4278 =( GEOMETRIC_REPRESENTATION_CONTEXT ( 3 ) GLOBAL_UNCERTAINTY_ASSIGNED_CONTEXT ( ( #3561 ) ) GLOBAL_UNIT_ASSIGNED_CONTEXT ( ( #3269, #796, #2554 ) ) REPRESENTATION_CONTEXT ( 'NONE', 'WORKASPACE' ) );
#4279 = DIRECTION ( 'NONE',  ( 0.7071067811865479058, 0.7071067811865472397, 0.000000000000000000 ) ) ;
#4280 = MECHANICAL_DESIGN_GEOMETRIC_PRESENTATION_REPRESENTATION (  '', ( #3062 ), #3440 ) ;
#4281 = ADVANCED_FACE ( 'NONE', ( #843, #4051, #4072 ), #65, .F. ) ;
#4282 = DIRECTION ( 'NONE',  ( -1.637951978259724831E-16, -1.000000000000000000, -1.665334536937734811E-16 ) ) ;
#4283 = PRESENTATION_LAYER_ASSIGNMENT (  '', '', ( #2313 ) ) ;
#4284 = CARTESIAN_POINT ( 'NONE',  ( 1.530386988557170147, 0.7917087916980903861, 5.180000000001601990 ) ) ;
#4285 = VECTOR ( 'NONE', #1512, 1000.000000000000000 ) ;
#4286 = SURFACE_SIDE_STYLE ('',( #751 ) ) ;
#4287 = CARTESIAN_POINT ( 'NONE',  ( 0.8660847328954995872, 1.291708791698090275, 4.554022906029304707 ) ) ;
#4288 = ORIENTED_EDGE ( 'NONE', *, *, #299, .T. ) ;
#4289 = SURFACE_SIDE_STYLE ('',( #2846 ) ) ;
#4290 = CARTESIAN_POINT ( 'NONE',  ( -2.629285936431302151, 0.7917087916980900530, 5.445977093973897176 ) ) ;
#4291 =( NAMED_UNIT ( * ) PLANE_ANGLE_UNIT ( ) SI_UNIT ( $, .RADIAN. ) );
#4292 = FILL_AREA_STYLE_COLOUR ( '', #3555 ) ;
#4293 = VERTEX_POINT ( 'NONE', #3671 ) ;
#4294 = DIRECTION ( 'NONE',  ( -1.637951978259724831E-16, -1.000000000000000000, -1.665334536937734811E-16 ) ) ;
#4295 = CARTESIAN_POINT ( 'NONE',  ( -2.119613011442830430, 1.420998113579434285, 3.400000000001600853 ) ) ;
#4296 = CARTESIAN_POINT ( 'NONE',  ( -1.919613011442830475, 0.02170879169809038917, 3.900000000001600853 ) ) ;
#4297 = CARTESIAN_POINT ( 'NONE',  ( -1.969613011442830519, 0.1417087916980890872, 3.400000000001600853 ) ) ;
#4298 = EDGE_CURVE ( 'NONE', #3498, #3877, #3054, .T. ) ;
#4299 = FILL_AREA_STYLE_COLOUR ( '', #4226 ) ;
#4300 = ADVANCED_FACE ( 'NONE', ( #4182 ), #1948, .F. ) ;
#4301 = ORIENTED_EDGE ( 'NONE', *, *, #3788, .T. ) ;
#4302 = ORIENTED_EDGE ( 'NONE', *, *, #363, .F. ) ;
#4303 = MECHANICAL_DESIGN_GEOMETRIC_PRESENTATION_REPRESENTATION (  '', ( #3699 ), #2862 ) ;
#4304 = PRESENTATION_LAYER_ASSIGNMENT (  '', '', ( #3389 ) ) ;
#4305 = EDGE_CURVE ( 'NONE', #2075, #2688, #1260, .T. ) ;
#4306 = FILL_AREA_STYLE ('',( #4622 ) ) ;
#4307 = ORIENTED_EDGE ( 'NONE', *, *, #1685, .T. ) ;
#4308 = EDGE_CURVE ( 'NONE', #1638, #724, #255, .T. ) ;
#4309 =( GEOMETRIC_REPRESENTATION_CONTEXT ( 3 ) GLOBAL_UNCERTAINTY_ASSIGNED_CONTEXT ( ( #94 ) ) GLOBAL_UNIT_ASSIGNED_CONTEXT ( ( #2501, #743, #2126 ) ) REPRESENTATION_CONTEXT ( 'NONE', 'WORKASPACE' ) );
#4310 = CARTESIAN_POINT ( 'NONE',  ( 1.078863668138916099, -1.008291208301910213, 5.500000000001601386 ) ) ;
#4311 = EDGE_CURVE ( 'NONE', #2053, #2060, #1443, .T. ) ;
#4312 = CARTESIAN_POINT ( 'NONE',  ( -2.719613011442830519, 1.291708791698090053, 4.800000000001600320 ) ) ;
#4313 = LINE ( 'NONE', #333, #3294 ) ;
#4314 = ORIENTED_EDGE ( 'NONE', *, *, #353, .F. ) ;
#4315 = DIRECTION ( 'NONE',  ( -1.000000000000000000, -1.942890293094023946E-16, 5.551115123125782702E-17 ) ) ;
#4316 = COLOUR_RGB ( '',0.5372549019607842924, 0.3490196078431372362, 0.3372549019607843368 ) ;
#4317 = CARTESIAN_POINT ( 'NONE',  ( 0.6835826316888651277, -1.008291208301909991, 4.854022906029304529 ) ) ;
#4318 = FILL_AREA_STYLE_COLOUR ( '', #1987 ) ;
#4319 = EDGE_LOOP ( 'NONE', ( #2526, #2202, #565, #3160 ) ) ;
#4320 = DIRECTION ( 'NONE',  ( -2.840569171771057842E-17, -1.665334536937734811E-16, 1.000000000000000000 ) ) ;
#4321 = UNCERTAINTY_MEASURE_WITH_UNIT (LENGTH_MEASURE( 1.000000000000000082E-05 ), #3905, 'distance_accuracy_value', 'NONE');
#4322 = DIRECTION ( 'NONE',  ( -0.000000000000000000, 1.000000000000000000, -0.000000000000000000 ) ) ;
#4323 =( GEOMETRIC_REPRESENTATION_CONTEXT ( 3 ) GLOBAL_UNCERTAINTY_ASSIGNED_CONTEXT ( ( #1505 ) ) GLOBAL_UNIT_ASSIGNED_CONTEXT ( ( #537, #1944, #2871 ) ) REPRESENTATION_CONTEXT ( 'NONE', 'WORKASPACE' ) );
#4324 = DIRECTION ( 'NONE',  ( -0.000000000000000000, -0.000000000000000000, -1.000000000000000000 ) ) ;
#4325 = UNCERTAINTY_MEASURE_WITH_UNIT (LENGTH_MEASURE( 1.000000000000000082E-05 ), #4424, 'distance_accuracy_value', 'NONE');
#4326 = ORIENTED_EDGE ( 'NONE', *, *, #3078, .F. ) ;
#4327 = EDGE_LOOP ( 'NONE', ( #438, #2881, #512, #1731 ) ) ;
#4328 = ADVANCED_FACE ( 'NONE', ( #3743 ), #211, .F. ) ;
#4329 =( LENGTH_UNIT ( ) NAMED_UNIT ( * ) SI_UNIT ( .MILLI., .METRE. ) );
#4330 = ORIENTED_EDGE ( 'NONE', *, *, #115, .T. ) ;
#4331 = PRESENTATION_LAYER_ASSIGNMENT (  '', '', ( #1694 ) ) ;
#4332 =( GEOMETRIC_REPRESENTATION_CONTEXT ( 3 ) GLOBAL_UNCERTAINTY_ASSIGNED_CONTEXT ( ( #2428 ) ) GLOBAL_UNIT_ASSIGNED_CONTEXT ( ( #3649, #3703, #2210 ) ) REPRESENTATION_CONTEXT ( 'NONE', 'WORKASPACE' ) );
#4333 = CARTESIAN_POINT ( 'NONE',  ( -1.969613011442830519, -1.358291208301910080, 3.400000000001600853 ) ) ;
#4334 = MECHANICAL_DESIGN_GEOMETRIC_PRESENTATION_REPRESENTATION (  '', ( #2213 ), #3964 ) ;
#4335 = DIRECTION ( 'NONE',  ( 1.376933246922772114E-16, -1.000000000000000000, 0.000000000000000000 ) ) ;
#4336 = CARTESIAN_POINT ( 'NONE',  ( 0.1303869885571692089, -0.07829120830190962332, 3.650000000001600853 ) ) ;
#4337 = ORIENTED_EDGE ( 'NONE', *, *, #1033, .F. ) ;
#4338 = CARTESIAN_POINT ( 'NONE',  ( 0.9900599135456411570, -1.008291208301910213, 5.445977093973898064 ) ) ;
#4339 = ORIENTED_EDGE ( 'NONE', *, *, #1118, .T. ) ;
#4340 = CARTESIAN_POINT ( 'NONE',  ( -2.169613011442830697, 1.441708791698088632, 3.420710678120255643 ) ) ;
#4341 = VECTOR ( 'NONE', #3022, 1000.000000000000000 ) ;
#4342 = PRESENTATION_LAYER_ASSIGNMENT (  '', '', ( #4113 ) ) ;
#4343 = CARTESIAN_POINT ( 'NONE',  ( -2.169613011442830697, -1.558291208301909814, 5.380000000001600391 ) ) ;
#4344 = FILL_AREA_STYLE_COLOUR ( '', #1142 ) ;
#4345 = AXIS2_PLACEMENT_3D ( 'NONE', #2904, #3668, #2646 ) ;
#4346 = SURFACE_STYLE_FILL_AREA ( #460 ) ;
#4347 =( NAMED_UNIT ( * ) PLANE_ANGLE_UNIT ( ) SI_UNIT ( $, .RADIAN. ) );
#4348 = MECHANICAL_DESIGN_GEOMETRIC_PRESENTATION_REPRESENTATION (  '', ( #4502 ), #4427 ) ;
#4349 = EDGE_LOOP ( 'NONE', ( #902, #804, #1216, #3167 ) ) ;
#4350 = DIRECTION ( 'NONE',  ( 1.000000000000000000, -1.637951978259724338E-16, -3.257019760129192306E-16 ) ) ;
#4351 = VECTOR ( 'NONE', #2500, 1000.000000000000000 ) ;
#4352 = FILL_AREA_STYLE ('',( #4261 ) ) ;
#4353 =( GEOMETRIC_REPRESENTATION_CONTEXT ( 3 ) GLOBAL_UNCERTAINTY_ASSIGNED_CONTEXT ( ( #3860 ) ) GLOBAL_UNIT_ASSIGNED_CONTEXT ( ( #1633, #3057, #3730 ) ) REPRESENTATION_CONTEXT ( 'NONE', 'WORKASPACE' ) );
#4354 =( NAMED_UNIT ( * ) PLANE_ANGLE_UNIT ( ) SI_UNIT ( $, .RADIAN. ) );
#4355 = VECTOR ( 'NONE', #1478, 1000.000000000000000 ) ;
#4356 = EDGE_CURVE ( 'NONE', #2925, #637, #630, .T. ) ;
#4357 = CIRCLE ( 'NONE', #2240, 0.1000000000000000472 ) ;
#4358 = CARTESIAN_POINT ( 'NONE',  ( -1.769613011442827899, 1.841708791698089875, 3.420710678120255643 ) ) ;
#4359 = ORIENTED_EDGE ( 'NONE', *, *, #601, .F. ) ;
#4360 = DIRECTION ( 'NONE',  ( -1.000000000000000000, 0.000000000000000000, -0.000000000000000000 ) ) ;
#4361 = CARTESIAN_POINT ( 'NONE',  ( 0.2303869885571690201, 1.541708791698089831, 3.750000000001600942 ) ) ;
#4362 = EDGE_CURVE ( 'NONE', #1012, #3219, #3475, .T. ) ;
#4363 = AXIS2_PLACEMENT_3D ( 'NONE', #1943, #2966, #3016 ) ;
#4364 = ORIENTED_EDGE ( 'NONE', *, *, #3659, .F. ) ;
#4365 = UNCERTAINTY_MEASURE_WITH_UNIT (LENGTH_MEASURE( 1.000000000000000082E-05 ), #90, 'distance_accuracy_value', 'NONE');
#4366 = SURFACE_STYLE_FILL_AREA ( #548 ) ;
#4367 = AXIS2_PLACEMENT_3D ( 'NONE', #4620, #2376, #3492 ) ;
#4368 = DIRECTION ( 'NONE',  ( -1.376933246922772114E-16, 1.000000000000000000, 0.000000000000000000 ) ) ;
#4369 = EDGE_CURVE ( 'NONE', #1907, #1638, #928, .T. ) ;
#4370 = FILL_AREA_STYLE ('',( #3347 ) ) ;
#4371 = DIRECTION ( 'NONE',  ( 1.942890293094024439E-16, -1.000000000000000000, 0.000000000000000000 ) ) ;
#4372 = UNCERTAINTY_MEASURE_WITH_UNIT (LENGTH_MEASURE( 1.000000000000000082E-05 ), #144, 'distance_accuracy_value', 'NONE');
#4373 =( NAMED_UNIT ( * ) PLANE_ANGLE_UNIT ( ) SI_UNIT ( $, .RADIAN. ) );
#4374 = UNCERTAINTY_MEASURE_WITH_UNIT (LENGTH_MEASURE( 1.000000000000000082E-05 ), #2710, 'distance_accuracy_value', 'NONE');
#4375 = EDGE_LOOP ( 'NONE', ( #3011, #493, #1754, #606 ) ) ;
#4376 =( GEOMETRIC_REPRESENTATION_CONTEXT ( 3 ) GLOBAL_UNCERTAINTY_ASSIGNED_CONTEXT ( ( #4410 ) ) GLOBAL_UNIT_ASSIGNED_CONTEXT ( ( #4240, #30, #1805 ) ) REPRESENTATION_CONTEXT ( 'NONE', 'WORKASPACE' ) );
#4377 = SURFACE_SIDE_STYLE ('',( #3307 ) ) ;
#4378 = DIRECTION ( 'NONE',  ( -0.4597709397229662320, -8.932844958344686485E-17, -0.8880375459327497500 ) ) ;
#4379 = LINE ( 'NONE', #3273, #267 ) ;
#4380 =( LENGTH_UNIT ( ) NAMED_UNIT ( * ) SI_UNIT ( .MILLI., .METRE. ) );
#4381 = ORIENTED_EDGE ( 'NONE', *, *, #3106, .T. ) ;
#4382 = LINE ( 'NONE', #3670, #1619 ) ;
#4383 = CYLINDRICAL_SURFACE ( 'NONE', #3831, 0.05000000000000012768 ) ;
#4384 =( GEOMETRIC_REPRESENTATION_CONTEXT ( 3 ) GLOBAL_UNCERTAINTY_ASSIGNED_CONTEXT ( ( #2231 ) ) GLOBAL_UNIT_ASSIGNED_CONTEXT ( ( #1191, #2183, #3038 ) ) REPRESENTATION_CONTEXT ( 'NONE', 'WORKASPACE' ) );
#4385 = SURFACE_SIDE_STYLE ('',( #67 ) ) ;
#4386 = EDGE_LOOP ( 'NONE', ( #4188, #4196, #2401, #1251 ) ) ;
#4387 = LINE ( 'NONE', #866, #107 ) ;
#4388 = VECTOR ( 'NONE', #2203, 1000.000000000000000 ) ;
#4389 = SURFACE_STYLE_FILL_AREA ( #2255 ) ;
#4390 = DIRECTION ( 'NONE',  ( -1.637951978259724831E-16, -1.000000000000000000, -1.665334536937734811E-16 ) ) ;
#4391 = AXIS2_PLACEMENT_3D ( 'NONE', #626, #1786, #2055 ) ;
#4392 = DIRECTION ( 'NONE',  ( 1.637951978259724831E-16, 1.000000000000000000, 1.665334536937734811E-16 ) ) ;
#4393 = PRESENTATION_STYLE_ASSIGNMENT (( #173 ) ) ;
#4394 = DIRECTION ( 'NONE',  ( 1.637951978259724831E-16, 1.000000000000000000, 1.665334536937734811E-16 ) ) ;
#4395 = MECHANICAL_DESIGN_GEOMETRIC_PRESENTATION_REPRESENTATION (  '', ( #2578 ), #3104 ) ;
#4396 = MECHANICAL_DESIGN_GEOMETRIC_PRESENTATION_REPRESENTATION (  '', ( #4475 ), #2945 ) ;
#4397 = ORIENTED_EDGE ( 'NONE', *, *, #2221, .T. ) ;
#4398 = FILL_AREA_STYLE ('',( #3614 ) ) ;
#4399 =( NAMED_UNIT ( * ) SI_UNIT ( $, .STERADIAN. ) SOLID_ANGLE_UNIT ( ) );
#4400 = SURFACE_STYLE_FILL_AREA ( #4045 ) ;
#4401 = SURFACE_STYLE_FILL_AREA ( #4090 ) ;
#4402 = DIRECTION ( 'NONE',  ( -1.000000000000000000, -0.000000000000000000, -0.000000000000000000 ) ) ;
#4403 = ORIENTED_EDGE ( 'NONE', *, *, #505, .T. ) ;
#4404 =( LENGTH_UNIT ( ) NAMED_UNIT ( * ) SI_UNIT ( .MILLI., .METRE. ) );
#4405 = AXIS2_PLACEMENT_3D ( 'NONE', #936, #2022, #3752 ) ;
#4406 = SURFACE_STYLE_FILL_AREA ( #518 ) ;
#4407 = VECTOR ( 'NONE', #4439, 1000.000000000000000 ) ;
#4408 = EDGE_LOOP ( 'NONE', ( #4302, #776, #4644, #4536, #166 ) ) ;
#4409 = CARTESIAN_POINT ( 'NONE',  ( -2.234004899981250958, -1.008291208301910435, 4.800000000001600320 ) ) ;
#4410 = UNCERTAINTY_MEASURE_WITH_UNIT (LENGTH_MEASURE( 1.000000000000000082E-05 ), #4240, 'distance_accuracy_value', 'NONE');
#4411 = PRESENTATION_STYLE_ASSIGNMENT (( #1174 ) ) ;
#4412 = EDGE_CURVE ( 'NONE', #3419, #756, #681, .T. ) ;
#4413 = LINE ( 'NONE', #1522, #370 ) ;
#4414 = SURFACE_STYLE_USAGE ( .BOTH. , #2173 ) ;
#4415 = LINE ( 'NONE', #2981, #260 ) ;
#4416 = EDGE_CURVE ( 'NONE', #3516, #2561, #2061, .T. ) ;
#4417 = COLOUR_RGB ( '',0.5372549019607842924, 0.3490196078431372362, 0.3372549019607843368 ) ;
#4418 = FACE_OUTER_BOUND ( 'NONE', #111, .T. ) ;
#4419 = STYLED_ITEM ( 'NONE', ( #2512 ), #3523 ) ;
#4420 = VERTEX_POINT ( 'NONE', #3199 ) ;
#4421 = ORIENTED_EDGE ( 'NONE', *, *, #1662, .F. ) ;
#4422 = COLOUR_RGB ( '',0.5372549019607842924, 0.3490196078431372362, 0.3372549019607843368 ) ;
#4423 = PLANE ( 'NONE',  #3910 ) ;
#4424 =( LENGTH_UNIT ( ) NAMED_UNIT ( * ) SI_UNIT ( .MILLI., .METRE. ) );
#4425 = EDGE_CURVE ( 'NONE', #1480, #400, #3937, .T. ) ;
#4426 = DIRECTION ( 'NONE',  ( -1.000000000000000000, -1.571307496355803202E-16, 0.000000000000000000 ) ) ;
#4427 =( GEOMETRIC_REPRESENTATION_CONTEXT ( 3 ) GLOBAL_UNCERTAINTY_ASSIGNED_CONTEXT ( ( #4365 ) ) GLOBAL_UNIT_ASSIGNED_CONTEXT ( ( #90, #778, #2605 ) ) REPRESENTATION_CONTEXT ( 'NONE', 'WORKASPACE' ) );
#4428 = EDGE_LOOP ( 'NONE', ( #2573, #415, #2845, #1424 ) ) ;
#4429 = CARTESIAN_POINT ( 'NONE',  ( 0.2303869885571689646, 0.2617087916980894713, 3.691421356238909546 ) ) ;
#4430 = EDGE_CURVE ( 'NONE', #2310, #1439, #2763, .T. ) ;
#4431 = DIRECTION ( 'NONE',  ( -0.000000000000000000, -0.000000000000000000, -1.000000000000000000 ) ) ;
#4432 = ORIENTED_EDGE ( 'NONE', *, *, #153, .T. ) ;
#4433 = VECTOR ( 'NONE', #1336, 1000.000000000000000 ) ;
#4434 = SURFACE_SIDE_STYLE ('',( #782 ) ) ;
#4435 = PLANE ( 'NONE',  #1614 ) ;
#4436 = MECHANICAL_DESIGN_GEOMETRIC_PRESENTATION_REPRESENTATION (  '', ( #3233 ), #2694 ) ;
#4437 = SURFACE_STYLE_FILL_AREA ( #3303 ) ;
#4438 = APPLICATION_CONTEXT ( 'automotive_design' ) ;
#4439 = DIRECTION ( 'NONE',  ( -8.474091755303839943E-32, -1.000000000000000000, 0.000000000000000000 ) ) ;
#4440 = EDGE_CURVE ( 'NONE', #486, #513, #1766, .T. ) ;
#4441 = ORIENTED_EDGE ( 'NONE', *, *, #3656, .T. ) ;
#4442 = VERTEX_POINT ( 'NONE', #729 ) ;
#4443 = FILL_AREA_STYLE ('',( #1963 ) ) ;
#4444 = FACE_OUTER_BOUND ( 'NONE', #1960, .T. ) ;
#4445 = FILL_AREA_STYLE_COLOUR ( '', #2178 ) ;
#4446 = VECTOR ( 'NONE', #3485, 1000.000000000000000 ) ;
#4447 = FILL_AREA_STYLE_COLOUR ( '', #3739 ) ;
#4448 = ORIENTED_EDGE ( 'NONE', *, *, #1292, .F. ) ;
#4449 = DIRECTION ( 'NONE',  ( 1.000000000000000000, -0.000000000000000000, 0.000000000000000000 ) ) ;
#4450 = ADVANCED_FACE ( 'NONE', ( #1743 ), #3172, .F. ) ;
#4451 = COLOUR_RGB ( '',0.5372549019607842924, 0.3490196078431372362, 0.3372549019607843368 ) ;
#4452 = EDGE_CURVE ( 'NONE', #4142, #945, #4471, .T. ) ;
#4453 = DIRECTION ( 'NONE',  ( 1.637951978259724831E-16, 1.000000000000000000, 1.665334536937734811E-16 ) ) ;
#4454 = STYLED_ITEM ( 'NONE', ( #215 ), #2757 ) ;
#4455 = ORIENTED_EDGE ( 'NONE', *, *, #2962, .F. ) ;
#4456 = DIRECTION ( 'NONE',  ( -0.000000000000000000, -0.000000000000000000, -1.000000000000000000 ) ) ;
#4457 = CARTESIAN_POINT ( 'NONE',  ( 0.5947788770955901860, -1.008291208301909769, 4.800000000001601208 ) ) ;
#4458 = MECHANICAL_DESIGN_GEOMETRIC_PRESENTATION_REPRESENTATION (  '', ( #726 ), #1468 ) ;
#4459 = COLOUR_RGB ( '',0.000000000000000000, 0.000000000000000000, 1.000000000000000000 ) ;
#4460 =( NAMED_UNIT ( * ) SI_UNIT ( $, .STERADIAN. ) SOLID_ANGLE_UNIT ( ) );
#4461 = CARTESIAN_POINT ( 'NONE',  ( -2.336514574684990908, -1.008291208301910435, 4.880495591899754793 ) ) ;
#4462 = MECHANICAL_DESIGN_GEOMETRIC_PRESENTATION_REPRESENTATION (  '', ( #3092 ), #1972 ) ;
#4463 =( NAMED_UNIT ( * ) SI_UNIT ( $, .STERADIAN. ) SOLID_ANGLE_UNIT ( ) );
#4464 = ORIENTED_EDGE ( 'NONE', *, *, #4627, .F. ) ;
#4465 = ORIENTED_EDGE ( 'NONE', *, *, #1827, .T. ) ;
#4466 = FACE_OUTER_BOUND ( 'NONE', #3424, .T. ) ;
#4467 = EDGE_CURVE ( 'NONE', #2009, #1157, #18, .T. ) ;
#4468 = VECTOR ( 'NONE', #1704, 1000.000000000000000 ) ;
#4469 = DIRECTION ( 'NONE',  ( -1.000000000000000000, 2.710505431213761085E-16, 0.000000000000000000 ) ) ;
#4470 = SURFACE_SIDE_STYLE ('',( #536 ) ) ;
#4471 =( BOUNDED_CURVE ( )  B_SPLINE_CURVE ( 3, ( #4252, #1349, #1789, #3220 ),
 .UNSPECIFIED., .F., .F. ) 
 B_SPLINE_CURVE_WITH_KNOTS ( ( 4, 4 ),
 ( 1.570796326794896558, 3.141592653589793116 ),
 .UNSPECIFIED. ) 
 CURVE ( )  GEOMETRIC_REPRESENTATION_ITEM ( )  RATIONAL_B_SPLINE_CURVE ( ( 1.000000000000000000, 0.8047378541243649375, 0.8047378541243649375, 1.000000000000000000 ) ) 
 REPRESENTATION_ITEM ( '' )  );
#4472 = PRESENTATION_STYLE_ASSIGNMENT (( #3017 ) ) ;
#4473 = LINE ( 'NONE', #4118, #2078 ) ;
#4474 = EDGE_LOOP ( 'NONE', ( #1635, #3140, #1869, #3149 ) ) ;
#4475 = STYLED_ITEM ( 'NONE', ( #1221 ), #667 ) ;
#4476 = SURFACE_STYLE_FILL_AREA ( #3776 ) ;
#4477 = EDGE_LOOP ( 'NONE', ( #1518, #3612, #855, #2708 ) ) ;
#4478 = FILL_AREA_STYLE ('',( #2017 ) ) ;
#4479 =( GEOMETRIC_REPRESENTATION_CONTEXT ( 3 ) GLOBAL_UNCERTAINTY_ASSIGNED_CONTEXT ( ( #3652 ) ) GLOBAL_UNIT_ASSIGNED_CONTEXT ( ( #3411, #142, #2979 ) ) REPRESENTATION_CONTEXT ( 'NONE', 'WORKASPACE' ) );
#4480 = FACE_OUTER_BOUND ( 'NONE', #3226, .T. ) ;
#4481 = DIRECTION ( 'NONE',  ( 1.376933246922772114E-16, -1.000000000000000000, -0.000000000000000000 ) ) ;
#4482 =( GEOMETRIC_REPRESENTATION_CONTEXT ( 3 ) GLOBAL_UNCERTAINTY_ASSIGNED_CONTEXT ( ( #433 ) ) GLOBAL_UNIT_ASSIGNED_CONTEXT ( ( #3438, #1319, #3135 ) ) REPRESENTATION_CONTEXT ( 'NONE', 'WORKASPACE' ) );
#4483 = FILL_AREA_STYLE_COLOUR ( '', #4245 ) ;
#4484 = CIRCLE ( 'NONE', #4248, 0.09999999999999982514 ) ;
#4485 = AXIS2_PLACEMENT_3D ( 'NONE', #3623, #3318, #2912 ) ;
#4486 = DIRECTION ( 'NONE',  ( -0.000000000000000000, 0.000000000000000000, -1.000000000000000000 ) ) ;
#4487 = DIRECTION ( 'NONE',  ( -1.000000000000000000, -1.942890293094023946E-16, 5.551115123125782702E-17 ) ) ;
#4488 =( NAMED_UNIT ( * ) SI_UNIT ( $, .STERADIAN. ) SOLID_ANGLE_UNIT ( ) );
#4489 = PRESENTATION_STYLE_ASSIGNMENT (( #3764 ) ) ;
#4490 = PRESENTATION_STYLE_ASSIGNMENT (( #622 ) ) ;
#4491 = ORIENTED_EDGE ( 'NONE', *, *, #1648, .F. ) ;
#4492 = PRODUCT_RELATED_PRODUCT_CATEGORY ( 'part', '', ( #2990 ) ) ;
#4493 = ORIENTED_EDGE ( 'NONE', *, *, #1300, .T. ) ;
#4494 = DIRECTION ( 'NONE',  ( 1.376933246922772114E-16, -1.000000000000000000, -0.000000000000000000 ) ) ;
#4495 = STYLED_ITEM ( 'NONE', ( #2884 ), #3571 ) ;
#4496 = CARTESIAN_POINT ( 'NONE',  ( 0.2303869885571690201, 1.541708791698089831, 3.900000000001600853 ) ) ;
#4497 = AXIS2_PLACEMENT_3D ( 'NONE', #2119, #3899, #3947 ) ;
#4498 = EDGE_LOOP ( 'NONE', ( #993, #1367, #4042, #4071 ) ) ;
#4499 = CARTESIAN_POINT ( 'NONE',  ( -1.734257672383501037, 1.806353452638762347, 3.400000000001600853 ) ) ;
#4500 = DIRECTION ( 'NONE',  ( 8.474091755303839943E-32, 1.000000000000000000, 0.000000000000000000 ) ) ;
#4501 = DIRECTION ( 'NONE',  ( -0.000000000000000000, -1.000000000000000000, -0.000000000000000000 ) ) ;
#4502 = STYLED_ITEM ( 'NONE', ( #421 ), #4270 ) ;
#4503 = ADVANCED_FACE ( 'NONE', ( #1447 ), #3540, .T. ) ;
#4504 = ORIENTED_EDGE ( 'NONE', *, *, #3322, .F. ) ;
#4505 = PLANE ( 'NONE',  #413 ) ;
#4506 = ADVANCED_FACE ( 'NONE', ( #2269 ), #4043, .T. ) ;
#4507 = CARTESIAN_POINT ( 'NONE',  ( -1.919613011442830253, 0.2117087916980894824, 3.420710678120255643 ) ) ;
#4508 = DIRECTION ( 'NONE',  ( 1.000000000000000000, -8.628166150854818811E-32, -1.804757342600190413E-16 ) ) ;
#4509 = PRESENTATION_LAYER_ASSIGNMENT (  '', '', ( #462 ) ) ;
#4510 = FILL_AREA_STYLE_COLOUR ( '', #1330 ) ;
#4511 = PRESENTATION_LAYER_ASSIGNMENT (  '', '', ( #165 ) ) ;
#4512 = MECHANICAL_DESIGN_GEOMETRIC_PRESENTATION_REPRESENTATION (  '', ( #3520 ), #2462 ) ;
#4513 = EDGE_CURVE ( 'NONE', #2834, #4084, #610, .T. ) ;
#4514 = LINE ( 'NONE', #2283, #803 ) ;
#4515 = DIRECTION ( 'NONE',  ( -0.8880375459327498611, 7.662135494505132330E-32, -0.4597709397229659545 ) ) ;
#4516 = AXIS2_PLACEMENT_3D ( 'NONE', #3683, #1293, #2305 ) ;
#4517 = FILL_AREA_STYLE ('',( #3833 ) ) ;
#4518 = ADVANCED_FACE ( 'NONE', ( #3984 ), #1488, .F. ) ;
#4519 = EDGE_CURVE ( 'NONE', #2939, #1153, #1146, .T. ) ;
#4520 = FACE_OUTER_BOUND ( 'NONE', #2583, .T. ) ;
#4521 = DIRECTION ( 'NONE',  ( -1.000000000000000000, 1.637951978259724831E-16, -2.840569171771059074E-17 ) ) ;
#4522 = ORIENTED_EDGE ( 'NONE', *, *, #617, .T. ) ;
#4523 = ORIENTED_EDGE ( 'NONE', *, *, #1656, .F. ) ;
#4524 = COLOUR_RGB ( '',0.5372549019607842924, 0.3490196078431372362, 0.3372549019607843368 ) ;
#4525 = DIRECTION ( 'NONE',  ( -0.4597709397229664541, 2.231962315604803643E-16, -0.8880375459327496390 ) ) ;
#4526 = DIRECTION ( 'NONE',  ( 1.571307496355803202E-16, -1.000000000000000000, 0.000000000000000000 ) ) ;
#4527 = VERTEX_POINT ( 'NONE', #2920 ) ;
#4528 = SURFACE_STYLE_FILL_AREA ( #162 ) ;
#4529 =( NAMED_UNIT ( * ) PLANE_ANGLE_UNIT ( ) SI_UNIT ( $, .RADIAN. ) );
#4530 = FILL_AREA_STYLE ('',( #3409 ) ) ;
#4531 = DIRECTION ( 'NONE',  ( -1.942890293094024439E-16, 1.000000000000000000, -0.000000000000000000 ) ) ;
#4532 = AXIS2_PLACEMENT_3D ( 'NONE', #2684, #1934, #871 ) ;
#4533 = PRESENTATION_LAYER_ASSIGNMENT (  '', '', ( #4454 ) ) ;
#4534 =( NAMED_UNIT ( * ) SI_UNIT ( $, .STERADIAN. ) SOLID_ANGLE_UNIT ( ) );
#4535 = SURFACE_SIDE_STYLE ('',( #1043 ) ) ;
#4536 = ORIENTED_EDGE ( 'NONE', *, *, #764, .F. ) ;
#4537 = ORIENTED_EDGE ( 'NONE', *, *, #1940, .F. ) ;
#4538 =( NAMED_UNIT ( * ) PLANE_ANGLE_UNIT ( ) SI_UNIT ( $, .RADIAN. ) );
#4539 =( BOUNDED_CURVE ( )  B_SPLINE_CURVE ( 3, ( #1093, #2214, #1880, #2937 ),
 .UNSPECIFIED., .F., .F. ) 
 B_SPLINE_CURVE_WITH_KNOTS ( ( 4, 4 ),
 ( 0.000000000000000000, 1.570796326794896558 ),
 .UNSPECIFIED. ) 
 CURVE ( )  GEOMETRIC_REPRESENTATION_ITEM ( )  RATIONAL_B_SPLINE_CURVE ( ( 1.000000000000000000, 0.8047378541243649375, 0.8047378541243649375, 1.000000000000000000 ) ) 
 REPRESENTATION_ITEM ( '' )  );
#4540 =( LENGTH_UNIT ( ) NAMED_UNIT ( * ) SI_UNIT ( .MILLI., .METRE. ) );
#4541 = ORIENTED_EDGE ( 'NONE', *, *, #1801, .F. ) ;
#4542 = CARTESIAN_POINT ( 'NONE',  ( 1.078863668138916099, 1.291708791698090275, 5.400000000001601741 ) ) ;
#4543 = PRESENTATION_LAYER_ASSIGNMENT (  '', '', ( #1397 ) ) ;
#4544 = FILL_AREA_STYLE_COLOUR ( '', #766 ) ;
#4545 = SURFACE_STYLE_USAGE ( .BOTH. , #4571 ) ;
#4546 =( NAMED_UNIT ( * ) SI_UNIT ( $, .STERADIAN. ) SOLID_ANGLE_UNIT ( ) );
#4547 = DIRECTION ( 'NONE',  ( 1.376933246922772114E-16, -1.000000000000000000, -0.000000000000000000 ) ) ;
#4548 = CARTESIAN_POINT ( 'NONE',  ( 1.251011005814915533, 1.291708791698090275, 5.180000000001601990 ) ) ;
#4549 = DIRECTION ( 'NONE',  ( -1.000000000000000000, 1.637951978259724831E-16, -2.840569171771059074E-17 ) ) ;
#4550 = DIRECTION ( 'NONE',  ( -1.000000000000000000, -0.000000000000000000, -0.000000000000000000 ) ) ;
#4551 = SURFACE_STYLE_USAGE ( .BOTH. , #2366 ) ;
#4552 =( GEOMETRIC_REPRESENTATION_CONTEXT ( 3 ) GLOBAL_UNCERTAINTY_ASSIGNED_CONTEXT ( ( #2197 ) ) GLOBAL_UNIT_ASSIGNED_CONTEXT ( ( #293, #3835, #2704 ) ) REPRESENTATION_CONTEXT ( 'NONE', 'WORKASPACE' ) );
#4553 = CARTESIAN_POINT ( 'NONE',  ( -1.769613011442828565, 1.841708791698089875, 5.380000000001600391 ) ) ;
#4554 = VECTOR ( 'NONE', #830, 1000.000000000000000 ) ;
#4555 = VECTOR ( 'NONE', #4253, 1000.000000000000000 ) ;
#4556 = CARTESIAN_POINT ( 'NONE',  ( -2.169613011442830697, -1.508291208301909991, 3.450000000001601119 ) ) ;
#4557 = SURFACE_STYLE_USAGE ( .BOTH. , #2354 ) ;
#4558 = ADVANCED_FACE ( 'NONE', ( #4466 ), #3012, .T. ) ;
#4559 = UNCERTAINTY_MEASURE_WITH_UNIT (LENGTH_MEASURE( 1.000000000000000082E-05 ), #2039, 'distance_accuracy_value', 'NONE');
#4560 = ORIENTED_EDGE ( 'NONE', *, *, #1231, .T. ) ;
#4561 = ORIENTED_EDGE ( 'NONE', *, *, #2081, .T. ) ;
#4562 =( NAMED_UNIT ( * ) PLANE_ANGLE_UNIT ( ) SI_UNIT ( $, .RADIAN. ) );
#4563 = DIRECTION ( 'NONE',  ( 1.571307496355803202E-16, 1.000000000000000000, -0.000000000000000000 ) ) ;
#4564 =( NAMED_UNIT ( * ) SI_UNIT ( $, .STERADIAN. ) SOLID_ANGLE_UNIT ( ) );
#4565 = ORIENTED_EDGE ( 'NONE', *, *, #4076, .T. ) ;
#4566 = CARTESIAN_POINT ( 'NONE',  ( 1.080386988557169747, 1.291708791698090275, 4.800000000001601208 ) ) ;
#4567 = PRESENTATION_LAYER_ASSIGNMENT (  '', '', ( #71 ) ) ;
#4568 =( BOUNDED_CURVE ( )  B_SPLINE_CURVE ( 3, ( #1742, #2435, #1348, #2811 ),
 .UNSPECIFIED., .F., .F. ) 
 B_SPLINE_CURVE_WITH_KNOTS ( ( 4, 4 ),
 ( 0.000000000000000000, 1.570796326794899223 ),
 .UNSPECIFIED. ) 
 CURVE ( )  GEOMETRIC_REPRESENTATION_ITEM ( )  RATIONAL_B_SPLINE_CURVE ( ( 1.000000000000000000, 0.8047378541243643824, 0.8047378541243643824, 1.000000000000000000 ) ) 
 REPRESENTATION_ITEM ( '' )  );
#4569 =( GEOMETRIC_REPRESENTATION_CONTEXT ( 3 ) GLOBAL_UNCERTAINTY_ASSIGNED_CONTEXT ( ( #4559 ) ) GLOBAL_UNIT_ASSIGNED_CONTEXT ( ( #2039, #1878, #4040 ) ) REPRESENTATION_CONTEXT ( 'NONE', 'WORKASPACE' ) );
#4570 = ADVANCED_FACE ( 'NONE', ( #2989 ), #3399, .F. ) ;
#4571 = SURFACE_SIDE_STYLE ('',( #2384 ) ) ;
#4572 = LINE ( 'NONE', #3869, #2521 ) ;
#4573 = VECTOR ( 'NONE', #1312, 1000.000000000000000 ) ;
#4574 = LINE ( 'NONE', #3428, #4005 ) ;
#4575 = ORIENTED_EDGE ( 'NONE', *, *, #3584, .F. ) ;
#4576 = LINE ( 'NONE', #3388, #1931 ) ;
#4577 = VECTOR ( 'NONE', #3595, 1000.000000000000000 ) ;
#4578 = DIRECTION ( 'NONE',  ( 1.000000000000000000, 1.376933246922771375E-16, 1.954328939911484176E-16 ) ) ;
#4579 =( NAMED_UNIT ( * ) SI_UNIT ( $, .STERADIAN. ) SOLID_ANGLE_UNIT ( ) );
#4580 = ORIENTED_EDGE ( 'NONE', *, *, #1175, .F. ) ;
#4581 = COLOUR_RGB ( '',0.4392156862745097978, 0.4392156862745097978, 0.4392156862745097978 ) ;
#4582 = FACE_OUTER_BOUND ( 'NONE', #3907, .T. ) ;
#4583 = LINE ( 'NONE', #1389, #527 ) ;
#4584 =( LENGTH_UNIT ( ) NAMED_UNIT ( * ) SI_UNIT ( .MILLI., .METRE. ) );
#4585 = STYLED_ITEM ( 'NONE', ( #266 ), #979 ) ;
#4586 = VECTOR ( 'NONE', #1820, 1000.000000000000000 ) ;
#4587 = CARTESIAN_POINT ( 'NONE',  ( 0.5947788770955902971, -0.5082912083019097693, 4.800000000001601208 ) ) ;
#4588 = LINE ( 'NONE', #32, #541 ) ;
#4589 =( NAMED_UNIT ( * ) SI_UNIT ( $, .STERADIAN. ) SOLID_ANGLE_UNIT ( ) );
#4590 = VERTEX_POINT ( 'NONE', #878 ) ;
#4591 = ORIENTED_EDGE ( 'NONE', *, *, #1119, .T. ) ;
#4592 = AXIS2_PLACEMENT_3D ( 'NONE', #2220, #1448, #3636 ) ;
#4593 = EDGE_CURVE ( 'NONE', #1257, #41, #2044, .T. ) ;
#4594 = SURFACE_STYLE_FILL_AREA ( #4139 ) ;
#4595 = VECTOR ( 'NONE', #2918, 1000.000000000000000 ) ;
#4596 = ORIENTED_EDGE ( 'NONE', *, *, #366, .T. ) ;
#4597 = DIRECTION ( 'NONE',  ( -1.000000000000000000, 0.000000000000000000, 0.000000000000000000 ) ) ;
#4598 = FACE_OUTER_BOUND ( 'NONE', #2502, .T. ) ;
#4599 = FILL_AREA_STYLE_COLOUR ( '', #645 ) ;
#4600 =( LENGTH_UNIT ( ) NAMED_UNIT ( * ) SI_UNIT ( .MILLI., .METRE. ) );
#4601 = ADVANCED_FACE ( 'NONE', ( #4112, #3813, #2692 ), #534, .F. ) ;
#4602 = ORIENTED_EDGE ( 'NONE', *, *, #3821, .T. ) ;
#4603 = DIRECTION ( 'NONE',  ( -0.4597709397229662320, 3.966980059264409515E-32, 0.8880375459327497500 ) ) ;
#4604 = CARTESIAN_POINT ( 'NONE',  ( -1.869613011442830430, 1.317444722986161887, 3.691421356238909990 ) ) ;
#4605 = EDGE_CURVE ( 'NONE', #1082, #45, #351, .T. ) ;
#4606 = DIRECTION ( 'NONE',  ( 1.000000000000000000, -0.000000000000000000, 0.000000000000000000 ) ) ;
#4607 = FILL_AREA_STYLE ('',( #736 ) ) ;
#4608 = FILL_AREA_STYLE_COLOUR ( '', #3715 ) ;
#4609 = ORIENTED_EDGE ( 'NONE', *, *, #4467, .F. ) ;
#4610 = DIRECTION ( 'NONE',  ( 1.000000000000000000, -0.000000000000000000, 0.000000000000000000 ) ) ;
#4611 = VECTOR ( 'NONE', #2024, 999.9999999999998863 ) ;
#4612 = PRESENTATION_STYLE_ASSIGNMENT (( #1678 ) ) ;
#4613 = CARTESIAN_POINT ( 'NONE',  ( -2.719613011442830075, -0.5082912083019104355, 5.180000000001601101 ) ) ;
#4614 = FILL_AREA_STYLE ('',( #1415 ) ) ;
#4615 = UNCERTAINTY_MEASURE_WITH_UNIT (LENGTH_MEASURE( 1.000000000000000082E-05 ), #2713, 'distance_accuracy_value', 'NONE');
#4616 = ORIENTED_EDGE ( 'NONE', *, *, #4163, .T. ) ;
#4617 = EDGE_LOOP ( 'NONE', ( #1622, #249, #4086, #3312 ) ) ;
#4618 = PRESENTATION_LAYER_ASSIGNMENT (  '', '', ( #2040 ) ) ;
#4619 = DIRECTION ( 'NONE',  ( -8.474091755303839943E-32, -1.000000000000000000, -0.000000000000000000 ) ) ;
#4620 = CARTESIAN_POINT ( 'NONE',  ( -1.919613011442830253, 0.1617087916980894657, 3.450000000001601119 ) ) ;
#4621 = SURFACE_SIDE_STYLE ('',( #1021 ) ) ;
#4622 = FILL_AREA_STYLE_COLOUR ( '', #2596 ) ;
#4623 = DIRECTION ( 'NONE',  ( 5.551115123125780237E-17, -0.000000000000000000, 1.000000000000000000 ) ) ;
#4624 = AXIS2_PLACEMENT_3D ( 'NONE', #579, #4494, #1274 ) ;
#4625 = DIRECTION ( 'NONE',  ( 1.000000000000000000, -1.114032275271057355E-16, 0.000000000000000000 ) ) ;
#4626 = DIRECTION ( 'NONE',  ( -1.376933246922772114E-16, 1.000000000000000000, 0.000000000000000000 ) ) ;
#4627 = EDGE_CURVE ( 'NONE', #896, #2407, #2402, .T. ) ;
#4628 = AXIS2_PLACEMENT_3D ( 'NONE', #4660, #3853, #1409 ) ;
#4629 = LINE ( 'NONE', #2817, #306 ) ;
#4630 = ORIENTED_EDGE ( 'NONE', *, *, #330, .T. ) ;
#4631 = CARTESIAN_POINT ( 'NONE',  ( -1.869613011442830430, -1.158291208301910125, 3.650000000001600853 ) ) ;
#4632 = CARTESIAN_POINT ( 'NONE',  ( 0.2303869885571690201, -1.258291208301910213, 3.750000000001600942 ) ) ;
#4633 = LINE ( 'NONE', #1407, #588 ) ;
#4634 = ORIENTED_EDGE ( 'NONE', *, *, #812, .T. ) ;
#4635 = COLOUR_RGB ( '',0.000000000000000000, 0.000000000000000000, 1.000000000000000000 ) ;
#4636 = VERTEX_POINT ( 'NONE', #4276 ) ;
#4637 =( NAMED_UNIT ( * ) SI_UNIT ( $, .STERADIAN. ) SOLID_ANGLE_UNIT ( ) );
#4638 = ADVANCED_BREP_SHAPE_REPRESENTATION ( 'QRE1113GR', ( #1797, #120 ), #423 ) ;
#4639 = FILL_AREA_STYLE_COLOUR ( '', #2784 ) ;
#4640 = FACE_OUTER_BOUND ( 'NONE', #3562, .T. ) ;
#4641 = CARTESIAN_POINT ( 'NONE',  ( -1.869613011442830430, 1.317444722986160999, 3.750000000001600942 ) ) ;
#4642 = CARTESIAN_POINT ( 'NONE',  ( 0.3303869885571688592, 0.1617087916980894657, 3.400000000001600853 ) ) ;
#4643 = VECTOR ( 'NONE', #2655, 1000.000000000000000 ) ;
#4644 = ORIENTED_EDGE ( 'NONE', *, *, #1178, .F. ) ;
#4645 = VECTOR ( 'NONE', #530, 1000.000000000000000 ) ;
#4646 = MECHANICAL_DESIGN_GEOMETRIC_PRESENTATION_REPRESENTATION (  '', ( #1990 ), #1493 ) ;
#4647 = DIRECTION ( 'NONE',  ( 0.4597709397229664541, -2.231962315604803643E-16, 0.8880375459327496390 ) ) ;
#4648 = LINE ( 'NONE', #4566, #1266 ) ;
#4649 = CARTESIAN_POINT ( 'NONE',  ( -2.719613011442830519, 0.7917087916980900530, 5.180000000001601101 ) ) ;
#4650 = CARTESIAN_POINT ( 'NONE',  ( -1.666059620849556167, 1.641708791698089920, 3.450000000001601119 ) ) ;
#4651 = LINE ( 'NONE', #2086, #3390 ) ;
#4652 = PRESENTATION_LAYER_ASSIGNMENT (  '', '', ( #1999 ) ) ;
#4653 =( NAMED_UNIT ( * ) SI_UNIT ( $, .STERADIAN. ) SOLID_ANGLE_UNIT ( ) );
#4654 = VECTOR ( 'NONE', #3027, 1000.000000000000000 ) ;
#4655 = ORIENTED_EDGE ( 'NONE', *, *, #3434, .F. ) ;
#4656 = PLANE ( 'NONE',  #441 ) ;
#4657 = EDGE_CURVE ( 'NONE', #3196, #2104, #995, .T. ) ;
#4658 = AXIS2_PLACEMENT_3D ( 'NONE', #3320, #887, #828 ) ;
#4659 = EDGE_CURVE ( 'NONE', #2374, #2855, #3564, .T. ) ;
#4660 = CARTESIAN_POINT ( 'NONE',  ( 0.6972885517993306914, 0.7917087916980901641, 4.880495591899755681 ) ) ;
ENDSEC;
END-ISO-10303-21;
