ISO-10303-21;
HEADER;
/****************************************************************
 * Generated by software with PDElib inside                    *
 * PDElib Version v51a, created Fri 09/10/2010                  *
 * ITI Transcendata (http://www.transcendata.com/)              *
 ****************************************************************/
FILE_DESCRIPTION((' '),'2;1');
FILE_NAME('P:\\E-Switch Secure\\3D_MODELS_STP_FORMAT\\100SPxT2B1M1xE.stp','2017-07-31T15:01:27',(' '),(' '),' ','ACIS',' ');
FILE_SCHEMA(('CONFIG_CONTROL_DESIGN'));
ENDSEC;
DATA;
#5=APPLICATION_CONTEXT('configuration controlled 3D designs of mechanical parts and assemblies');
#6=APPLICATION_PROTOCOL_DEFINITION('International Standard','config_control_design',1995,#5);
#7=MECHANICAL_CONTEXT('None',#5,'mechanical');
#8=PRODUCT('P:\\E-Switch Secure\\3D_MODELS_STP_FORMAT\\100SPxT2B1M1xE.stp','P:\\E-Switch Secure\\3D_MODELS_STP_FORMAT\\100SPxT2B1M1xE.stp','None',(#7));
#9=PRODUCT_RELATED_PRODUCT_CATEGORY('detail',$,(#8));
#10=PRODUCT_CATEGORY('part',$);
#11=PRODUCT_CATEGORY_RELATIONSHIP('None','None',#10,#9);
#12=PERSON('PERSON1','None','None',$,$,$);
#13=ORGANIZATION('','None','None');
#14=PERSON_AND_ORGANIZATION(#12,#13);
#15=PERSON_AND_ORGANIZATION_ROLE('design_owner');
#16=CC_DESIGN_PERSON_AND_ORGANIZATION_ASSIGNMENT(#14,#15,(#8));
#17=PRODUCT_DEFINITION_FORMATION_WITH_SPECIFIED_SOURCE('None','None',#8,.NOT_KNOWN.);
#18=PERSON('PERSON2','None','None',$,$,$);
#19=ORGANIZATION('','None','None');
#20=PERSON_AND_ORGANIZATION(#18,#19);
#21=PERSON_AND_ORGANIZATION_ROLE('creator');
#22=CC_DESIGN_PERSON_AND_ORGANIZATION_ASSIGNMENT(#20,#21,(#17));
#23=PERSON('PERSON3','None','None',$,$,$);
#24=ORGANIZATION('','None','None');
#25=PERSON_AND_ORGANIZATION(#23,#24);
#26=PERSON_AND_ORGANIZATION_ROLE('part_supplier');
#27=CC_DESIGN_PERSON_AND_ORGANIZATION_ASSIGNMENT(#25,#26,(#17));
#28=APPROVAL_STATUS('approved');
#29=APPROVAL(#28,'None');
#30=PERSON('PERSON4','None','None',$,$,$);
#31=ORGANIZATION('','None','None');
#32=PERSON_AND_ORGANIZATION(#30,#31);
#33=APPROVAL_ROLE('None');
#34=APPROVAL_PERSON_ORGANIZATION(#32,#29,#33);
#35=CALENDAR_DATE(2017,31,7);
#36=COORDINATED_UNIVERSAL_TIME_OFFSET(0,0,.AHEAD.);
#37=LOCAL_TIME(15,1,27.0,#36);
#38=DATE_AND_TIME(#35,#37);
#39=APPROVAL_DATE_TIME(#38,#29);
#40=CC_DESIGN_APPROVAL(#29,(#17));
#41=SECURITY_CLASSIFICATION_LEVEL('unclassified');
#42=SECURITY_CLASSIFICATION('None','None',#41);
#43=CC_DESIGN_SECURITY_CLASSIFICATION(#42,(#17));
#44=APPROVAL_STATUS('approved');
#45=APPROVAL(#44,'None');
#46=PERSON('PERSON5','None','None',$,$,$);
#47=ORGANIZATION('','None','None');
#48=PERSON_AND_ORGANIZATION(#46,#47);
#49=APPROVAL_ROLE('None');
#50=APPROVAL_PERSON_ORGANIZATION(#48,#45,#49);
#51=CALENDAR_DATE(2017,31,7);
#52=COORDINATED_UNIVERSAL_TIME_OFFSET(0,0,.AHEAD.);
#53=LOCAL_TIME(15,1,27.0,#52);
#54=DATE_AND_TIME(#51,#53);
#55=APPROVAL_DATE_TIME(#54,#45);
#56=CC_DESIGN_APPROVAL(#45,(#42));
#57=PERSON('PERSON6','None','None',$,$,$);
#58=ORGANIZATION('','None','None');
#59=PERSON_AND_ORGANIZATION(#57,#58);
#60=PERSON_AND_ORGANIZATION_ROLE('classification_officer');
#61=CC_DESIGN_PERSON_AND_ORGANIZATION_ASSIGNMENT(#59,#60,(#42));
#62=DATE_TIME_ROLE('classification_date');
#63=CALENDAR_DATE(2017,31,7);
#64=COORDINATED_UNIVERSAL_TIME_OFFSET(0,0,.AHEAD.);
#65=LOCAL_TIME(15,1,27.0,#64);
#66=DATE_AND_TIME(#63,#65);
#67=CC_DESIGN_DATE_AND_TIME_ASSIGNMENT(#66,#62,(#42));
#68=DESIGN_CONTEXT('part definition',#5,'design');
#69=PRODUCT_DEFINITION('None','None',#17,#68);
#70=PERSON('PERSON7','None','None',$,$,$);
#71=ORGANIZATION('','None','None');
#72=PERSON_AND_ORGANIZATION(#70,#71);
#73=PERSON_AND_ORGANIZATION_ROLE('creator');
#74=CC_DESIGN_PERSON_AND_ORGANIZATION_ASSIGNMENT(#72,#73,(#69));
#75=DATE_TIME_ROLE('creation_date');
#76=CALENDAR_DATE(2017,31,7);
#77=COORDINATED_UNIVERSAL_TIME_OFFSET(0,0,.AHEAD.);
#78=LOCAL_TIME(15,1,27.0,#77);
#79=DATE_AND_TIME(#76,#78);
#80=CC_DESIGN_DATE_AND_TIME_ASSIGNMENT(#79,#75,(#69));
#81=APPROVAL_STATUS('approved');
#82=APPROVAL(#81,'None');
#83=PERSON('PERSON8','None','None',$,$,$);
#84=ORGANIZATION('','None','None');
#85=PERSON_AND_ORGANIZATION(#83,#84);
#86=APPROVAL_ROLE('None');
#87=APPROVAL_PERSON_ORGANIZATION(#85,#82,#86);
#88=CALENDAR_DATE(2017,31,7);
#89=COORDINATED_UNIVERSAL_TIME_OFFSET(0,0,.AHEAD.);
#90=LOCAL_TIME(15,1,27.0,#89);
#91=DATE_AND_TIME(#88,#90);
#92=APPROVAL_DATE_TIME(#91,#82);
#93=CC_DESIGN_APPROVAL(#82,(#69));
#99=(NAMED_UNIT(*)PLANE_ANGLE_UNIT()SI_UNIT($,.RADIAN.));
#100=DIMENSIONAL_EXPONENTS(0.0,0.0,0.0,0.0,0.0,0.0,0.0);
#101=PLANE_ANGLE_MEASURE_WITH_UNIT(PLANE_ANGLE_MEASURE(0.0174532925),#99);
#105=(CONVERSION_BASED_UNIT('DEGREE',#101)NAMED_UNIT(#100)PLANE_ANGLE_UNIT());
#109=(NAMED_UNIT(*)SI_UNIT($,.STERADIAN.)SOLID_ANGLE_UNIT());
#113=(LENGTH_UNIT()NAMED_UNIT(*)SI_UNIT(.CENTI.,.METRE.));
#114=DIMENSIONAL_EXPONENTS(1.0,0.0,0.0,0.0,0.0,0.0,0.0);
#115=LENGTH_MEASURE_WITH_UNIT(LENGTH_MEASURE(2.54),#113);
#119=(CONVERSION_BASED_UNIT('INCH',#115)LENGTH_UNIT()NAMED_UNIT(#114));
#121=UNCERTAINTY_MEASURE_WITH_UNIT(LENGTH_MEASURE(0.001),#119,'DISTANCE_ACCURACY_VALUE','');
#123=(GEOMETRIC_REPRESENTATION_CONTEXT(3)GLOBAL_UNCERTAINTY_ASSIGNED_CONTEXT((#121))GLOBAL_UNIT_ASSIGNED_CONTEXT((#105,#109,#119))REPRESENTATION_CONTEXT('None','None'));
#124=AXIS2_PLACEMENT_3D('',#125,#126,#127);
#125=CARTESIAN_POINT('',(0.0,0.0,0.0));
#126=DIRECTION('',(0.0,0.0,1.0));
#127=DIRECTION('',(1.0,0.0,0.0));
#128=SHAPE_REPRESENTATION('',(#124),#123);
#129=PRODUCT_DEFINITION_SHAPE('','',#69);
#130=SHAPE_DEFINITION_REPRESENTATION(#129,#128);
#136=(NAMED_UNIT(*)PLANE_ANGLE_UNIT()SI_UNIT($,.RADIAN.));
#137=DIMENSIONAL_EXPONENTS(0.0,0.0,0.0,0.0,0.0,0.0,0.0);
#138=PLANE_ANGLE_MEASURE_WITH_UNIT(PLANE_ANGLE_MEASURE(0.0174532925),#136);
#142=(CONVERSION_BASED_UNIT('DEGREE',#138)NAMED_UNIT(#137)PLANE_ANGLE_UNIT());
#146=(NAMED_UNIT(*)SI_UNIT($,.STERADIAN.)SOLID_ANGLE_UNIT());
#150=(LENGTH_UNIT()NAMED_UNIT(*)SI_UNIT(.CENTI.,.METRE.));
#152=UNCERTAINTY_MEASURE_WITH_UNIT(LENGTH_MEASURE(0.000001),#150,'DISTANCE_ACCURACY_VALUE','');
#154=(GEOMETRIC_REPRESENTATION_CONTEXT(3)GLOBAL_UNCERTAINTY_ASSIGNED_CONTEXT((#152))GLOBAL_UNIT_ASSIGNED_CONTEXT((#142,#146,#150))REPRESENTATION_CONTEXT('','3D'));
#155=CARTESIAN_POINT('',(-0.201350967521684,0.041311597442943,-0.023622047244094));
#156=DIRECTION('',(1.0,0.0,0.0));
#157=DIRECTION('',(0.0,-1.0,0.0));
#158=AXIS2_PLACEMENT_3D('',#155,#156,#157);
#159=SPHERICAL_SURFACE('',#158,0.015748031496063);
#160=CARTESIAN_POINT('',(-0.212486507382889,0.041311597442943,-0.0347575871053));
#161=VERTEX_POINT('',#160);
#162=CARTESIAN_POINT('',(-0.201350967521684,0.041311597442943,-0.039370078740157));
#163=VERTEX_POINT('',#162);
#164=CARTESIAN_POINT('',(-0.201350967521684,0.041311597442943,-0.023622047244094));
#165=DIRECTION('',(0.0,-1.0,0.0));
#166=DIRECTION('',(-0.707106781186547,0.0,-0.707106781186548));
#167=AXIS2_PLACEMENT_3D('',#164,#165,#166);
#168=CIRCLE('',#167,0.015748031496063);
#169=EDGE_CURVE('',#161,#163,#168,.T.);
#170=ORIENTED_EDGE('',*,*,#169,.F.);
#171=CARTESIAN_POINT('',(-0.201350967521684,0.052447137304149,-0.0347575871053));
#172=VERTEX_POINT('',#171);
#173=CARTESIAN_POINT('',(-0.201350967521684,0.041311597442943,-0.023622047244094));
#174=DIRECTION('',(-0.577350269189626,0.577350269189626,0.577350269189626));
#175=DIRECTION('',(4.807407E-016,0.707106781186548,-0.707106781186547));
#176=AXIS2_PLACEMENT_3D('',#173,#174,#175);
#177=CIRCLE('',#176,0.015748031496063);
#178=EDGE_CURVE('',#172,#161,#177,.T.);
#179=ORIENTED_EDGE('',*,*,#178,.F.);
#180=CARTESIAN_POINT('',(-0.201350967521684,0.041311597442943,-0.023622047244094));
#181=DIRECTION('',(1.0,0.0,0.0));
#182=DIRECTION('',(0.0,0.0,-1.0));
#183=AXIS2_PLACEMENT_3D('',#180,#181,#182);
#184=CIRCLE('',#183,0.015748031496063);
#185=EDGE_CURVE('',#163,#172,#184,.T.);
#186=ORIENTED_EDGE('',*,*,#185,.F.);
#187=EDGE_LOOP('',(#170,#179,#186));
#188=FACE_OUTER_BOUND('',#187,.T.);
#189=ADVANCED_FACE('',(#188),#159,.T.);
#190=CARTESIAN_POINT('',(-0.239632399928578,0.079593029849838,0.0146593851628));
#191=DIRECTION('',(0.577350269189626,-0.577350269189626,-0.577350269189626));
#192=DIRECTION('',(0.408248290463883,-0.408248290463843,0.816496580927726));
#193=AXIS2_PLACEMENT_3D('',#190,#191,#192);
#194=CYLINDRICAL_SURFACE('',#193,0.015748031496063);
#195=CARTESIAN_POINT('',(-0.236108554626984,0.087204724409449,-6.475491E-019));
#196=VERTEX_POINT('',#195);
#197=CARTESIAN_POINT('',(-0.247244094488189,0.076069184548243,0.0));
#198=VERTEX_POINT('',#197);
#199=CARTESIAN_POINT('',(-0.224973014765778,0.064933644687038,0.0));
#200=DIRECTION('',(0.0,0.0,1.0));
#201=DIRECTION('',(-0.707106781186547,0.707106781186548,0.0));
#202=AXIS2_PLACEMENT_3D('',#199,#200,#201);
#203=ELLIPSE('',#202,0.027276390670376,0.015748031496063);
#204=EDGE_CURVE('',#196,#198,#203,.T.);
#205=ORIENTED_EDGE('',*,*,#204,.F.);
#206=CARTESIAN_POINT('',(-0.236108554626984,0.087204724409449,-1.942647E-018));
#207=DIRECTION('',(0.577350269189626,-0.577350269189626,-0.577350269189626));
#208=VECTOR('',#207,0.06020190681488);
#209=LINE('',#206,#208);
#210=EDGE_CURVE('',#196,#172,#209,.T.);
#211=ORIENTED_EDGE('',*,*,#210,.T.);
#212=ORIENTED_EDGE('',*,*,#178,.T.);
#213=CARTESIAN_POINT('',(-0.212486507382889,0.041311597442943,-0.0347575871053));
#214=DIRECTION('',(-0.577350269189626,0.577350269189626,0.577350269189626));
#215=VECTOR('',#214,0.06020190681488);
#216=LINE('',#213,#215);
#217=EDGE_CURVE('',#161,#198,#216,.T.);
#218=ORIENTED_EDGE('',*,*,#217,.T.);
#219=EDGE_LOOP('',(#205,#211,#212,#218));
#220=FACE_OUTER_BOUND('',#219,.T.);
#221=ADVANCED_FACE('',(#220),#194,.T.);
#222=CARTESIAN_POINT('',(-0.201350967521684,-0.041311597442943,-0.023622047244094));
#223=DIRECTION('',(1.0,0.0,0.0));
#224=DIRECTION('',(0.0,-1.0,0.0));
#225=AXIS2_PLACEMENT_3D('',#222,#223,#224);
#226=SPHERICAL_SURFACE('',#225,0.015748031496063);
#227=CARTESIAN_POINT('',(-0.201350967521684,-0.052447137304149,-0.0347575871053));
#228=VERTEX_POINT('',#227);
#229=CARTESIAN_POINT('',(-0.201350967521684,-0.041311597442943,-0.039370078740157));
#230=VERTEX_POINT('',#229);
#231=CARTESIAN_POINT('',(-0.201350967521684,-0.041311597442943,-0.023622047244094));
#232=DIRECTION('',(1.0,0.0,0.0));
#233=DIRECTION('',(0.0,-0.707106781186547,-0.707106781186548));
#234=AXIS2_PLACEMENT_3D('',#231,#232,#233);
#235=CIRCLE('',#234,0.015748031496063);
#236=EDGE_CURVE('',#228,#230,#235,.T.);
#237=ORIENTED_EDGE('',*,*,#236,.F.);
#238=CARTESIAN_POINT('',(-0.212486507382889,-0.041311597442943,-0.0347575871053));
#239=VERTEX_POINT('',#238);
#240=CARTESIAN_POINT('',(-0.201350967521684,-0.041311597442943,-0.023622047244094));
#241=DIRECTION('',(-0.577350269189627,-0.577350269189623,0.577350269189627));
#242=DIRECTION('',(-0.707106781186548,0.0,-0.707106781186548));
#243=AXIS2_PLACEMENT_3D('',#240,#241,#242);
#244=CIRCLE('',#243,0.015748031496063);
#245=EDGE_CURVE('',#239,#228,#244,.T.);
#246=ORIENTED_EDGE('',*,*,#245,.F.);
#247=CARTESIAN_POINT('',(-0.201350967521684,-0.041311597442943,-0.023622047244094));
#248=DIRECTION('',(0.0,1.0,0.0));
#249=DIRECTION('',(0.0,0.0,-1.0));
#250=AXIS2_PLACEMENT_3D('',#247,#248,#249);
#251=CIRCLE('',#250,0.015748031496063);
#252=EDGE_CURVE('',#230,#239,#251,.T.);
#253=ORIENTED_EDGE('',*,*,#252,.F.);
#254=EDGE_LOOP('',(#237,#246,#253));
#255=FACE_OUTER_BOUND('',#254,.T.);
#256=ADVANCED_FACE('',(#255),#226,.T.);
#257=CARTESIAN_POINT('',(-0.239632399928578,-0.079593029849838,0.0146593851628));
#258=DIRECTION('',(0.577350269189626,0.577350269189626,-0.577350269189626));
#259=DIRECTION('',(0.408248290463892,0.408248290463833,0.816496580927726));
#260=AXIS2_PLACEMENT_3D('',#257,#258,#259);
#261=CYLINDRICAL_SURFACE('',#260,0.015748031496063);
#262=CARTESIAN_POINT('',(-0.247244094488189,-0.076069184548243,4.789167E-019));
#263=VERTEX_POINT('',#262);
#264=CARTESIAN_POINT('',(-0.236108554626984,-0.087204724409449,1.821232E-018));
#265=VERTEX_POINT('',#264);
#266=CARTESIAN_POINT('',(-0.224973014765778,-0.064933644687038,2.731848E-018));
#267=DIRECTION('',(0.0,0.0,1.0));
#268=DIRECTION('',(-0.707106781186547,-0.707106781186548,0.0));
#269=AXIS2_PLACEMENT_3D('',#266,#267,#268);
#270=ELLIPSE('',#269,0.027276390670376,0.015748031496063);
#271=EDGE_CURVE('',#263,#265,#270,.T.);
#272=ORIENTED_EDGE('',*,*,#271,.F.);
#273=CARTESIAN_POINT('',(-0.247244094488189,-0.076069184548243,-1.920748E-017));
#274=DIRECTION('',(0.577350269189626,0.577350269189626,-0.577350269189626));
#275=VECTOR('',#274,0.06020190681488);
#276=LINE('',#273,#275);
#277=EDGE_CURVE('',#263,#239,#276,.T.);
#278=ORIENTED_EDGE('',*,*,#277,.T.);
#279=ORIENTED_EDGE('',*,*,#245,.T.);
#280=CARTESIAN_POINT('',(-0.201350967521684,-0.052447137304149,-0.0347575871053));
#281=DIRECTION('',(-0.577350269189626,-0.577350269189626,0.577350269189626));
#282=VECTOR('',#281,0.06020190681488);
#283=LINE('',#280,#282);
#284=EDGE_CURVE('',#228,#265,#283,.T.);
#285=ORIENTED_EDGE('',*,*,#284,.T.);
#286=EDGE_LOOP('',(#272,#278,#279,#285));
#287=FACE_OUTER_BOUND('',#286,.T.);
#288=ADVANCED_FACE('',(#287),#261,.T.);
#289=CARTESIAN_POINT('',(-0.201350967521684,0.043602362204724,-0.023622047244094));
#290=DIRECTION('',(0.0,-1.0,0.0));
#291=DIRECTION('',(0.382683432365091,0.0,0.923879532511286));
#292=AXIS2_PLACEMENT_3D('',#289,#290,#291);
#293=CYLINDRICAL_SURFACE('',#292,0.015748031496063);
#294=ORIENTED_EDGE('',*,*,#252,.T.);
#295=CARTESIAN_POINT('',(-0.212486507382889,-0.041311597442943,-0.0347575871053));
#296=DIRECTION('',(0.0,1.0,0.0));
#297=VECTOR('',#296,0.082623194885886);
#298=LINE('',#295,#297);
#299=EDGE_CURVE('',#239,#161,#298,.T.);
#300=ORIENTED_EDGE('',*,*,#299,.T.);
#301=ORIENTED_EDGE('',*,*,#169,.T.);
#302=CARTESIAN_POINT('',(-0.201350967521684,0.041311597442943,-0.039370078740157));
#303=DIRECTION('',(0.0,-1.0,0.0));
#304=VECTOR('',#303,0.082623194885886);
#305=LINE('',#302,#304);
#306=EDGE_CURVE('',#163,#230,#305,.T.);
#307=ORIENTED_EDGE('',*,*,#306,.T.);
#308=EDGE_LOOP('',(#294,#300,#301,#307));
#309=FACE_OUTER_BOUND('',#308,.T.);
#310=ADVANCED_FACE('',(#309),#293,.T.);
#311=CARTESIAN_POINT('',(-0.168727772635797,0.041311597442943,-0.023622047244094));
#312=DIRECTION('',(1.0,0.0,0.0));
#313=DIRECTION('',(0.0,-1.0,0.0));
#314=AXIS2_PLACEMENT_3D('',#311,#312,#313);
#315=SPHERICAL_SURFACE('',#314,0.015748031496063);
#316=CARTESIAN_POINT('',(-0.168727772635797,0.052447137304149,-0.0347575871053));
#317=VERTEX_POINT('',#316);
#318=CARTESIAN_POINT('',(-0.168727772635797,0.041311597442943,-0.039370078740157));
#319=VERTEX_POINT('',#318);
#320=CARTESIAN_POINT('',(-0.168727772635797,0.041311597442943,-0.023622047244094));
#321=DIRECTION('',(-1.0,0.0,0.0));
#322=DIRECTION('',(0.0,0.707106781186547,-0.707106781186548));
#323=AXIS2_PLACEMENT_3D('',#320,#321,#322);
#324=CIRCLE('',#323,0.015748031496063);
#325=EDGE_CURVE('',#317,#319,#324,.T.);
#326=ORIENTED_EDGE('',*,*,#325,.F.);
#327=CARTESIAN_POINT('',(-0.157592232774591,0.041311597442943,-0.0347575871053));
#328=VERTEX_POINT('',#327);
#329=CARTESIAN_POINT('',(-0.168727772635797,0.041311597442943,-0.023622047244094));
#330=DIRECTION('',(0.577350269189625,0.577350269189627,0.577350269189625));
#331=DIRECTION('',(0.707106781186547,4.807407E-016,-0.707106781186548));
#332=AXIS2_PLACEMENT_3D('',#329,#330,#331);
#333=CIRCLE('',#332,0.015748031496063);
#334=EDGE_CURVE('',#328,#317,#333,.T.);
#335=ORIENTED_EDGE('',*,*,#334,.F.);
#336=CARTESIAN_POINT('',(-0.168727772635797,0.041311597442943,-0.023622047244094));
#337=DIRECTION('',(0.0,-1.0,0.0));
#338=DIRECTION('',(0.0,0.0,-1.0));
#339=AXIS2_PLACEMENT_3D('',#336,#337,#338);
#340=CIRCLE('',#339,0.015748031496063);
#341=EDGE_CURVE('',#319,#328,#340,.T.);
#342=ORIENTED_EDGE('',*,*,#341,.F.);
#343=EDGE_LOOP('',(#326,#335,#342));
#344=FACE_OUTER_BOUND('',#343,.T.);
#345=ADVANCED_FACE('',(#344),#315,.T.);
#346=CARTESIAN_POINT('',(-0.130446340228902,0.079593029849838,0.0146593851628));
#347=DIRECTION('',(-0.577350269189626,-0.577350269189626,-0.577350269189626));
#348=DIRECTION('',(-0.408248290463862,-0.408248290463864,0.816496580927726));
#349=AXIS2_PLACEMENT_3D('',#346,#347,#348);
#350=CYLINDRICAL_SURFACE('',#349,0.015748031496063);
#351=CARTESIAN_POINT('',(-0.122834645669291,0.076069184548243,-1.342315E-018));
#352=VERTEX_POINT('',#351);
#353=CARTESIAN_POINT('',(-0.133970185530497,0.087204724409449,7.849510E-018));
#354=VERTEX_POINT('',#353);
#355=CARTESIAN_POINT('',(-0.145105725391702,0.064933644687038,2.731848E-018));
#356=DIRECTION('',(0.0,0.0,1.0));
#357=DIRECTION('',(0.707106781186548,0.707106781186548,0.0));
#358=AXIS2_PLACEMENT_3D('',#355,#356,#357);
#359=ELLIPSE('',#358,0.027276390670376,0.015748031496063);
#360=EDGE_CURVE('',#352,#354,#359,.T.);
#361=ORIENTED_EDGE('',*,*,#360,.F.);
#362=CARTESIAN_POINT('',(-0.122834645669291,0.076069184548243,-1.981455E-017));
#363=DIRECTION('',(-0.577350269189626,-0.577350269189625,-0.577350269189626));
#364=VECTOR('',#363,0.06020190681488);
#365=LINE('',#362,#364);
#366=EDGE_CURVE('',#352,#328,#365,.T.);
#367=ORIENTED_EDGE('',*,*,#366,.T.);
#368=ORIENTED_EDGE('',*,*,#334,.T.);
#369=CARTESIAN_POINT('',(-0.168727772635797,0.052447137304149,-0.0347575871053));
#370=DIRECTION('',(0.577350269189626,0.577350269189625,0.577350269189626));
#371=VECTOR('',#370,0.06020190681488);
#372=LINE('',#369,#371);
#373=EDGE_CURVE('',#317,#354,#372,.T.);
#374=ORIENTED_EDGE('',*,*,#373,.T.);
#375=EDGE_LOOP('',(#361,#367,#368,#374));
#376=FACE_OUTER_BOUND('',#375,.T.);
#377=ADVANCED_FACE('',(#376),#350,.T.);
#378=CARTESIAN_POINT('',(-0.168727772635797,-0.041311597442943,-0.023622047244094));
#379=DIRECTION('',(1.0,0.0,0.0));
#380=DIRECTION('',(0.0,-1.0,0.0));
#381=AXIS2_PLACEMENT_3D('',#378,#379,#380);
#382=SPHERICAL_SURFACE('',#381,0.015748031496063);
#383=CARTESIAN_POINT('',(-0.157592232774591,-0.041311597442943,-0.0347575871053));
#384=VERTEX_POINT('',#383);
#385=CARTESIAN_POINT('',(-0.168727772635797,-0.041311597442943,-0.039370078740157));
#386=VERTEX_POINT('',#385);
#387=CARTESIAN_POINT('',(-0.168727772635797,-0.041311597442943,-0.023622047244094));
#388=DIRECTION('',(0.0,1.0,0.0));
#389=DIRECTION('',(0.707106781186548,0.0,-0.707106781186547));
#390=AXIS2_PLACEMENT_3D('',#387,#388,#389);
#391=CIRCLE('',#390,0.015748031496063);
#392=EDGE_CURVE('',#384,#386,#391,.T.);
#393=ORIENTED_EDGE('',*,*,#392,.F.);
#394=CARTESIAN_POINT('',(-0.168727772635797,-0.052447137304149,-0.0347575871053));
#395=VERTEX_POINT('',#394);
#396=CARTESIAN_POINT('',(-0.168727772635797,-0.041311597442943,-0.023622047244094));
#397=DIRECTION('',(0.577350269189626,-0.577350269189626,0.577350269189626));
#398=DIRECTION('',(0.0,-0.707106781186548,-0.707106781186548));
#399=AXIS2_PLACEMENT_3D('',#396,#397,#398);
#400=CIRCLE('',#399,0.015748031496063);
#401=EDGE_CURVE('',#395,#384,#400,.T.);
#402=ORIENTED_EDGE('',*,*,#401,.F.);
#403=CARTESIAN_POINT('',(-0.168727772635797,-0.041311597442943,-0.023622047244094));
#404=DIRECTION('',(-1.0,0.0,0.0));
#405=DIRECTION('',(0.0,0.0,-1.0));
#406=AXIS2_PLACEMENT_3D('',#403,#404,#405);
#407=CIRCLE('',#406,0.015748031496063);
#408=EDGE_CURVE('',#386,#395,#407,.T.);
#409=ORIENTED_EDGE('',*,*,#408,.F.);
#410=EDGE_LOOP('',(#393,#402,#409));
#411=FACE_OUTER_BOUND('',#410,.T.);
#412=ADVANCED_FACE('',(#411),#382,.T.);
#413=CARTESIAN_POINT('',(-0.130446340228902,-0.079593029849838,0.0146593851628));
#414=DIRECTION('',(-0.577350269189626,0.577350269189626,-0.577350269189626));
#415=DIRECTION('',(-0.408248290463863,0.408248290463863,0.816496580927726));
#416=AXIS2_PLACEMENT_3D('',#413,#414,#415);
#417=CYLINDRICAL_SURFACE('',#416,0.015748031496063);
#418=CARTESIAN_POINT('',(-0.133970185530497,-0.087204724409449,1.558165E-018));
#419=VERTEX_POINT('',#418);
#420=CARTESIAN_POINT('',(-0.122834645669291,-0.076069184548243,-1.821232E-018));
#421=VERTEX_POINT('',#420);
#422=CARTESIAN_POINT('',(-0.145105725391702,-0.064933644687038,0.0));
#423=DIRECTION('',(0.0,0.0,1.0));
#424=DIRECTION('',(0.707106781186548,-0.707106781186548,0.0));
#425=AXIS2_PLACEMENT_3D('',#422,#423,#424);
#426=ELLIPSE('',#425,0.027276390670376,0.015748031496063);
#427=EDGE_CURVE('',#419,#421,#426,.T.);
#428=ORIENTED_EDGE('',*,*,#427,.F.);
#429=CARTESIAN_POINT('',(-0.133970185530497,-0.087204724409449,-1.206330E-017));
#430=DIRECTION('',(-0.577350269189626,0.577350269189626,-0.577350269189626));
#431=VECTOR('',#430,0.06020190681488);
#432=LINE('',#429,#431);
#433=EDGE_CURVE('',#419,#395,#432,.T.);
#434=ORIENTED_EDGE('',*,*,#433,.T.);
#435=ORIENTED_EDGE('',*,*,#401,.T.);
#436=CARTESIAN_POINT('',(-0.157592232774591,-0.041311597442943,-0.0347575871053));
#437=DIRECTION('',(0.577350269189626,-0.577350269189626,0.577350269189626));
#438=VECTOR('',#437,0.06020190681488);
#439=LINE('',#436,#438);
#440=EDGE_CURVE('',#384,#421,#439,.T.);
#441=ORIENTED_EDGE('',*,*,#440,.T.);
#442=EDGE_LOOP('',(#428,#434,#435,#441));
#443=FACE_OUTER_BOUND('',#442,.T.);
#444=ADVANCED_FACE('',(#443),#417,.T.);
#445=CARTESIAN_POINT('',(-0.216141732283465,-0.041311597442943,-0.023622047244094));
#446=DIRECTION('',(1.0,0.0,0.0));
#447=DIRECTION('',(0.0,0.382683432365089,0.923879532511287));
#448=AXIS2_PLACEMENT_3D('',#445,#446,#447);
#449=CYLINDRICAL_SURFACE('',#448,0.015748031496063);
#450=ORIENTED_EDGE('',*,*,#408,.T.);
#451=CARTESIAN_POINT('',(-0.168727772635797,-0.052447137304149,-0.0347575871053));
#452=DIRECTION('',(-1.0,0.0,0.0));
#453=VECTOR('',#452,0.032623194885887);
#454=LINE('',#451,#453);
#455=EDGE_CURVE('',#395,#228,#454,.T.);
#456=ORIENTED_EDGE('',*,*,#455,.T.);
#457=ORIENTED_EDGE('',*,*,#236,.T.);
#458=CARTESIAN_POINT('',(-0.201350967521684,-0.041311597442943,-0.039370078740157));
#459=DIRECTION('',(1.0,0.0,0.0));
#460=VECTOR('',#459,0.032623194885887);
#461=LINE('',#458,#460);
#462=EDGE_CURVE('',#230,#386,#461,.T.);
#463=ORIENTED_EDGE('',*,*,#462,.T.);
#464=EDGE_LOOP('',(#450,#456,#457,#463));
#465=FACE_OUTER_BOUND('',#464,.T.);
#466=ADVANCED_FACE('',(#465),#449,.T.);
#467=CARTESIAN_POINT('',(-0.168727772635797,-0.043602362204724,-0.023622047244094));
#468=DIRECTION('',(0.0,1.0,0.0));
#469=DIRECTION('',(-0.38268343236509,0.0,0.923879532511287));
#470=AXIS2_PLACEMENT_3D('',#467,#468,#469);
#471=CYLINDRICAL_SURFACE('',#470,0.015748031496063);
#472=ORIENTED_EDGE('',*,*,#341,.T.);
#473=CARTESIAN_POINT('',(-0.157592232774591,0.041311597442943,-0.0347575871053));
#474=DIRECTION('',(0.0,-1.0,0.0));
#475=VECTOR('',#474,0.082623194885886);
#476=LINE('',#473,#475);
#477=EDGE_CURVE('',#328,#384,#476,.T.);
#478=ORIENTED_EDGE('',*,*,#477,.T.);
#479=ORIENTED_EDGE('',*,*,#392,.T.);
#480=CARTESIAN_POINT('',(-0.168727772635797,-0.041311597442943,-0.039370078740157));
#481=DIRECTION('',(0.0,1.0,0.0));
#482=VECTOR('',#481,0.082623194885886);
#483=LINE('',#480,#482);
#484=EDGE_CURVE('',#386,#319,#483,.T.);
#485=ORIENTED_EDGE('',*,*,#484,.T.);
#486=EDGE_LOOP('',(#472,#478,#479,#485));
#487=FACE_OUTER_BOUND('',#486,.T.);
#488=ADVANCED_FACE('',(#487),#471,.T.);
#489=CARTESIAN_POINT('',(-0.153937007874016,0.041311597442943,-0.023622047244094));
#490=DIRECTION('',(-1.0,0.0,0.0));
#491=DIRECTION('',(0.0,-0.382683432365089,0.923879532511287));
#492=AXIS2_PLACEMENT_3D('',#489,#490,#491);
#493=CYLINDRICAL_SURFACE('',#492,0.015748031496063);
#494=ORIENTED_EDGE('',*,*,#185,.T.);
#495=CARTESIAN_POINT('',(-0.201350967521684,0.052447137304149,-0.0347575871053));
#496=DIRECTION('',(1.0,0.0,0.0));
#497=VECTOR('',#496,0.032623194885887);
#498=LINE('',#495,#497);
#499=EDGE_CURVE('',#172,#317,#498,.T.);
#500=ORIENTED_EDGE('',*,*,#499,.T.);
#501=ORIENTED_EDGE('',*,*,#325,.T.);
#502=CARTESIAN_POINT('',(-0.168727772635797,0.041311597442943,-0.039370078740157));
#503=DIRECTION('',(-1.0,0.0,0.0));
#504=VECTOR('',#503,0.032623194885887);
#505=LINE('',#502,#504);
#506=EDGE_CURVE('',#319,#163,#505,.T.);
#507=ORIENTED_EDGE('',*,*,#506,.T.);
#508=EDGE_LOOP('',(#494,#500,#501,#507));
#509=FACE_OUTER_BOUND('',#508,.T.);
#510=ADVANCED_FACE('',(#509),#493,.T.);
#511=CARTESIAN_POINT('',(-0.210748628027624,-0.083676103003067,-0.036495466460565));
#512=DIRECTION('',(-0.707106781186548,1.772113E-016,-0.707106781186547));
#513=DIRECTION('',(-0.707106781186547,0.0,0.707106781186548));
#514=AXIS2_PLACEMENT_3D('',#511,#512,#513);
#515=PLANE('',#514);
#516=ORIENTED_EDGE('',*,*,#217,.F.);
#517=ORIENTED_EDGE('',*,*,#299,.F.);
#518=ORIENTED_EDGE('',*,*,#277,.F.);
#519=CARTESIAN_POINT('',(-0.247244094488189,0.076069184548243,0.0));
#520=DIRECTION('',(0.0,-1.0,0.0));
#521=VECTOR('',#520,0.152138369096486);
#522=LINE('',#519,#521);
#523=EDGE_CURVE('',#198,#263,#522,.T.);
#524=ORIENTED_EDGE('',*,*,#523,.F.);
#525=EDGE_LOOP('',(#516,#517,#518,#524));
#526=FACE_OUTER_BOUND('',#525,.T.);
#527=ADVANCED_FACE('',(#526),#515,.T.);
#528=CARTESIAN_POINT('',(-0.128863267075673,-0.088942603764714,0.001737879355265));
#529=DIRECTION('',(-1.242162E-016,-0.707106781186548,-0.707106781186547));
#530=DIRECTION('',(-1.0,0.0,0.0));
#531=AXIS2_PLACEMENT_3D('',#528,#529,#530);
#532=PLANE('',#531);
#533=ORIENTED_EDGE('',*,*,#284,.F.);
#534=ORIENTED_EDGE('',*,*,#455,.F.);
#535=ORIENTED_EDGE('',*,*,#433,.F.);
#536=CARTESIAN_POINT('',(-0.236108554626984,-0.087204724409449,2.731848E-018));
#537=DIRECTION('',(1.0,0.0,0.0));
#538=VECTOR('',#537,0.102138369096487);
#539=LINE('',#536,#538);
#540=EDGE_CURVE('',#265,#419,#539,.T.);
#541=ORIENTED_EDGE('',*,*,#540,.F.);
#542=EDGE_LOOP('',(#533,#534,#535,#541));
#543=FACE_OUTER_BOUND('',#542,.T.);
#544=ADVANCED_FACE('',(#543),#532,.T.);
#545=CARTESIAN_POINT('',(-0.167096612891503,-0.045442757187237,-0.039370078740157));
#546=DIRECTION('',(0.0,0.0,-1.0));
#547=DIRECTION('',(-1.0,0.0,0.0));
#548=AXIS2_PLACEMENT_3D('',#545,#546,#547);
#549=PLANE('',#548);
#550=ORIENTED_EDGE('',*,*,#306,.F.);
#551=ORIENTED_EDGE('',*,*,#506,.F.);
#552=ORIENTED_EDGE('',*,*,#484,.F.);
#553=ORIENTED_EDGE('',*,*,#462,.F.);
#554=EDGE_LOOP('',(#550,#551,#552,#553));
#555=FACE_OUTER_BOUND('',#554,.T.);
#556=CARTESIAN_POINT('',(-0.2,0.03996062992126,-0.039370078740157));
#557=VERTEX_POINT('',#556);
#558=CARTESIAN_POINT('',(-0.17007874015748,0.03996062992126,-0.039370078740157));
#559=VERTEX_POINT('',#558);
#560=CARTESIAN_POINT('',(-0.2,0.03996062992126,-0.039370078740157));
#561=DIRECTION('',(1.0,0.0,0.0));
#562=VECTOR('',#561,0.02992125984252);
#563=LINE('',#560,#562);
#564=EDGE_CURVE('',#557,#559,#563,.T.);
#565=ORIENTED_EDGE('',*,*,#564,.F.);
#566=CARTESIAN_POINT('',(-0.2,-0.03996062992126,-0.039370078740157));
#567=VERTEX_POINT('',#566);
#568=CARTESIAN_POINT('',(-0.2,-0.03996062992126,-0.039370078740157));
#569=DIRECTION('',(0.0,1.0,0.0));
#570=VECTOR('',#569,0.07992125984252);
#571=LINE('',#568,#570);
#572=EDGE_CURVE('',#567,#557,#571,.T.);
#573=ORIENTED_EDGE('',*,*,#572,.F.);
#574=CARTESIAN_POINT('',(-0.17007874015748,-0.03996062992126,-0.039370078740157));
#575=VERTEX_POINT('',#574);
#576=CARTESIAN_POINT('',(-0.17007874015748,-0.03996062992126,-0.039370078740157));
#577=DIRECTION('',(-1.0,0.0,0.0));
#578=VECTOR('',#577,0.02992125984252);
#579=LINE('',#576,#578);
#580=EDGE_CURVE('',#575,#567,#579,.T.);
#581=ORIENTED_EDGE('',*,*,#580,.F.);
#582=CARTESIAN_POINT('',(-0.17007874015748,0.03996062992126,-0.039370078740157));
#583=DIRECTION('',(0.0,-1.0,0.0));
#584=VECTOR('',#583,0.07992125984252);
#585=LINE('',#582,#584);
#586=EDGE_CURVE('',#559,#575,#585,.T.);
#587=ORIENTED_EDGE('',*,*,#586,.F.);
#588=EDGE_LOOP('',(#565,#573,#581,#587));
#589=FACE_BOUND('',#588,.T.);
#590=ADVANCED_FACE('',(#555,#589),#549,.T.);
#591=CARTESIAN_POINT('',(-0.121096766314026,-0.083676103003067,0.001737879355265));
#592=DIRECTION('',(0.707106781186548,-8.860567E-017,-0.707106781186547));
#593=DIRECTION('',(-0.707106781186547,0.0,-0.707106781186548));
#594=AXIS2_PLACEMENT_3D('',#591,#592,#593);
#595=PLANE('',#594);
#596=ORIENTED_EDGE('',*,*,#366,.F.);
#597=CARTESIAN_POINT('',(-0.122834645669291,-0.076069184548243,-5.463696E-018));
#598=DIRECTION('',(0.0,1.0,0.0));
#599=VECTOR('',#598,0.152138369096486);
#600=LINE('',#597,#599);
#601=EDGE_CURVE('',#421,#352,#600,.T.);
#602=ORIENTED_EDGE('',*,*,#601,.F.);
#603=ORIENTED_EDGE('',*,*,#440,.F.);
#604=ORIENTED_EDGE('',*,*,#477,.F.);
#605=EDGE_LOOP('',(#596,#602,#603,#604));
#606=FACE_OUTER_BOUND('',#605,.T.);
#607=ADVANCED_FACE('',(#606),#595,.T.);
#608=CARTESIAN_POINT('',(-0.128863267075673,0.050709257948884,-0.036495466460565));
#609=DIRECTION('',(1.242162E-016,0.707106781186548,-0.707106781186547));
#610=DIRECTION('',(-1.0,0.0,0.0));
#611=AXIS2_PLACEMENT_3D('',#608,#609,#610);
#612=PLANE('',#611);
#613=ORIENTED_EDGE('',*,*,#210,.F.);
#614=CARTESIAN_POINT('',(-0.133970185530497,0.087204724409449,0.0));
#615=DIRECTION('',(-1.0,0.0,0.0));
#616=VECTOR('',#615,0.102138369096487);
#617=LINE('',#614,#616);
#618=EDGE_CURVE('',#354,#196,#617,.T.);
#619=ORIENTED_EDGE('',*,*,#618,.F.);
#620=ORIENTED_EDGE('',*,*,#373,.F.);
#621=ORIENTED_EDGE('',*,*,#499,.F.);
#622=EDGE_LOOP('',(#613,#619,#620,#621));
#623=FACE_OUTER_BOUND('',#622,.T.);
#624=ADVANCED_FACE('',(#623),#612,.T.);
#625=CARTESIAN_POINT('',(-0.168582677165354,0.03996062992126,-0.03511811023622));
#626=DIRECTION('',(0.0,1.0,0.0));
#627=DIRECTION('',(0.0,0.0,1.0));
#628=AXIS2_PLACEMENT_3D('',#625,#626,#627);
#629=PLANE('',#628);
#630=ORIENTED_EDGE('',*,*,#564,.T.);
#631=CARTESIAN_POINT('',(-0.17007874015748,0.03996062992126,-0.124409448818898));
#632=VERTEX_POINT('',#631);
#633=CARTESIAN_POINT('',(-0.17007874015748,0.03996062992126,-0.039370078740157));
#634=DIRECTION('',(0.0,0.0,-1.0));
#635=VECTOR('',#634,0.085039370078741);
#636=LINE('',#633,#635);
#637=EDGE_CURVE('',#559,#632,#636,.T.);
#638=ORIENTED_EDGE('',*,*,#637,.T.);
#639=CARTESIAN_POINT('',(-0.2,0.03996062992126,-0.124409448818898));
#640=VERTEX_POINT('',#639);
#641=CARTESIAN_POINT('',(-0.2,0.03996062992126,-0.124409448818898));
#642=DIRECTION('',(1.0,0.0,0.0));
#643=VECTOR('',#642,0.02992125984252);
#644=LINE('',#641,#643);
#645=EDGE_CURVE('',#640,#632,#644,.T.);
#646=ORIENTED_EDGE('',*,*,#645,.F.);
#647=CARTESIAN_POINT('',(-0.2,0.03996062992126,-0.039370078740157));
#648=DIRECTION('',(0.0,0.0,-1.0));
#649=VECTOR('',#648,0.085039370078741);
#650=LINE('',#647,#649);
#651=EDGE_CURVE('',#557,#640,#650,.T.);
#652=ORIENTED_EDGE('',*,*,#651,.F.);
#653=EDGE_LOOP('',(#630,#638,#646,#652));
#654=FACE_OUTER_BOUND('',#653,.T.);
#655=ADVANCED_FACE('',(#654),#629,.T.);
#656=CARTESIAN_POINT('',(-0.17007874015748,-0.043956692913386,-0.033543307086614));
#657=DIRECTION('',(1.0,0.0,0.0));
#658=DIRECTION('',(0.0,0.0,-1.0));
#659=AXIS2_PLACEMENT_3D('',#656,#657,#658);
#660=PLANE('',#659);
#661=ORIENTED_EDGE('',*,*,#586,.T.);
#662=CARTESIAN_POINT('',(-0.17007874015748,-0.03996062992126,-0.124409448818898));
#663=VERTEX_POINT('',#662);
#664=CARTESIAN_POINT('',(-0.17007874015748,-0.03996062992126,-0.039370078740157));
#665=DIRECTION('',(0.0,0.0,-1.0));
#666=VECTOR('',#665,0.085039370078741);
#667=LINE('',#664,#666);
#668=EDGE_CURVE('',#575,#663,#667,.T.);
#669=ORIENTED_EDGE('',*,*,#668,.T.);
#670=CARTESIAN_POINT('',(-0.17007874015748,-0.008464566929134,-0.155905511811024));
#671=VERTEX_POINT('',#670);
#672=CARTESIAN_POINT('',(-0.17007874015748,-0.008464566929134,-0.124409448818898));
#673=DIRECTION('',(-1.0,0.0,0.0));
#674=DIRECTION('',(0.0,-0.707106781186548,-0.707106781186547));
#675=AXIS2_PLACEMENT_3D('',#672,#673,#674);
#676=CIRCLE('',#675,0.031496062992126);
#677=EDGE_CURVE('',#671,#663,#676,.T.);
#678=ORIENTED_EDGE('',*,*,#677,.F.);
#679=CARTESIAN_POINT('',(-0.17007874015748,0.008464566929134,-0.155905511811024));
#680=VERTEX_POINT('',#679);
#681=CARTESIAN_POINT('',(-0.17007874015748,-0.008464566929134,-0.155905511811024));
#682=DIRECTION('',(0.0,1.0,0.0));
#683=VECTOR('',#682,0.016929133858268);
#684=LINE('',#681,#683);
#685=EDGE_CURVE('',#671,#680,#684,.T.);
#686=ORIENTED_EDGE('',*,*,#685,.T.);
#687=CARTESIAN_POINT('',(-0.17007874015748,0.008464566929134,-0.124409448818898));
#688=DIRECTION('',(-1.0,0.0,0.0));
#689=DIRECTION('',(0.0,0.707106781186548,-0.707106781186547));
#690=AXIS2_PLACEMENT_3D('',#687,#688,#689);
#691=CIRCLE('',#690,0.031496062992126);
#692=EDGE_CURVE('',#632,#680,#691,.T.);
#693=ORIENTED_EDGE('',*,*,#692,.F.);
#694=ORIENTED_EDGE('',*,*,#637,.F.);
#695=EDGE_LOOP('',(#661,#669,#678,#686,#693,#694));
#696=FACE_OUTER_BOUND('',#695,.T.);
#697=CARTESIAN_POINT('',(-0.17007874015748,0.023425196850394,-0.108661417322835));
#698=VERTEX_POINT('',#697);
#699=CARTESIAN_POINT('',(-0.17007874015748,-0.023425196850394,-0.108661417322835));
#700=VERTEX_POINT('',#699);
#701=CARTESIAN_POINT('',(-0.17007874015748,-4.370957E-017,-0.108661417322835));
#702=DIRECTION('',(-1.0,0.0,0.0));
#703=DIRECTION('',(0.0,1.0,0.0));
#704=AXIS2_PLACEMENT_3D('',#701,#702,#703);
#705=CIRCLE('',#704,0.023425196850394);
#706=EDGE_CURVE('',#698,#700,#705,.T.);
#707=ORIENTED_EDGE('',*,*,#706,.T.);
#708=CARTESIAN_POINT('',(-0.17007874015748,-0.023425196850394,-0.07755905511811));
#709=VERTEX_POINT('',#708);
#710=CARTESIAN_POINT('',(-0.17007874015748,-0.023425196850394,-0.108661417322835));
#711=DIRECTION('',(0.0,0.0,1.0));
#712=VECTOR('',#711,0.031102362204725);
#713=LINE('',#710,#712);
#714=EDGE_CURVE('',#700,#709,#713,.T.);
#715=ORIENTED_EDGE('',*,*,#714,.T.);
#716=CARTESIAN_POINT('',(-0.17007874015748,0.023425196850394,-0.07755905511811));
#717=VERTEX_POINT('',#716);
#718=CARTESIAN_POINT('',(-0.17007874015748,-5.463697E-017,-0.07755905511811));
#719=DIRECTION('',(-1.0,0.0,0.0));
#720=DIRECTION('',(0.0,-1.0,0.0));
#721=AXIS2_PLACEMENT_3D('',#718,#719,#720);
#722=CIRCLE('',#721,0.023425196850394);
#723=EDGE_CURVE('',#709,#717,#722,.T.);
#724=ORIENTED_EDGE('',*,*,#723,.T.);
#725=CARTESIAN_POINT('',(-0.17007874015748,0.023425196850394,-0.07755905511811));
#726=DIRECTION('',(0.0,0.0,-1.0));
#727=VECTOR('',#726,0.031102362204725);
#728=LINE('',#725,#727);
#729=EDGE_CURVE('',#717,#698,#728,.T.);
#730=ORIENTED_EDGE('',*,*,#729,.T.);
#731=EDGE_LOOP('',(#707,#715,#724,#730));
#732=FACE_BOUND('',#731,.T.);
#733=ADVANCED_FACE('',(#696,#732),#660,.T.);
#734=CARTESIAN_POINT('',(-0.168582677165354,0.008464566929134,-0.124409448818898));
#735=DIRECTION('',(-1.0,0.0,0.0));
#736=DIRECTION('',(0.0,-0.707106781186547,0.707106781186548));
#737=AXIS2_PLACEMENT_3D('',#734,#735,#736);
#738=CYLINDRICAL_SURFACE('',#737,0.031496062992126);
#739=CARTESIAN_POINT('',(-0.2,0.008464566929134,-0.155905511811024));
#740=VERTEX_POINT('',#739);
#741=CARTESIAN_POINT('',(-0.2,0.008464566929134,-0.124409448818898));
#742=DIRECTION('',(1.0,0.0,0.0));
#743=DIRECTION('',(0.0,0.707106781186548,-0.707106781186547));
#744=AXIS2_PLACEMENT_3D('',#741,#742,#743);
#745=CIRCLE('',#744,0.031496062992126);
#746=EDGE_CURVE('',#740,#640,#745,.T.);
#747=ORIENTED_EDGE('',*,*,#746,.T.);
#748=ORIENTED_EDGE('',*,*,#645,.T.);
#749=ORIENTED_EDGE('',*,*,#692,.T.);
#750=CARTESIAN_POINT('',(-0.17007874015748,0.008464566929134,-0.155905511811024));
#751=DIRECTION('',(-1.0,0.0,0.0));
#752=VECTOR('',#751,0.02992125984252);
#753=LINE('',#750,#752);
#754=EDGE_CURVE('',#680,#740,#753,.T.);
#755=ORIENTED_EDGE('',*,*,#754,.T.);
#756=EDGE_LOOP('',(#747,#748,#749,#755));
#757=FACE_OUTER_BOUND('',#756,.T.);
#758=ADVANCED_FACE('',(#757),#738,.T.);
#759=CARTESIAN_POINT('',(-0.2,-0.043956692913386,-0.161732283464567));
#760=DIRECTION('',(-1.0,0.0,0.0));
#761=DIRECTION('',(0.0,0.0,1.0));
#762=AXIS2_PLACEMENT_3D('',#759,#760,#761);
#763=PLANE('',#762);
#764=ORIENTED_EDGE('',*,*,#572,.T.);
#765=ORIENTED_EDGE('',*,*,#651,.T.);
#766=ORIENTED_EDGE('',*,*,#746,.F.);
#767=CARTESIAN_POINT('',(-0.2,-0.008464566929134,-0.155905511811024));
#768=VERTEX_POINT('',#767);
#769=CARTESIAN_POINT('',(-0.2,0.008464566929134,-0.155905511811024));
#770=DIRECTION('',(0.0,-1.0,0.0));
#771=VECTOR('',#770,0.016929133858268);
#772=LINE('',#769,#771);
#773=EDGE_CURVE('',#740,#768,#772,.T.);
#774=ORIENTED_EDGE('',*,*,#773,.T.);
#775=CARTESIAN_POINT('',(-0.2,-0.03996062992126,-0.124409448818898));
#776=VERTEX_POINT('',#775);
#777=CARTESIAN_POINT('',(-0.2,-0.008464566929134,-0.124409448818898));
#778=DIRECTION('',(1.0,0.0,0.0));
#779=DIRECTION('',(0.0,-0.707106781186548,-0.707106781186547));
#780=AXIS2_PLACEMENT_3D('',#777,#778,#779);
#781=CIRCLE('',#780,0.031496062992126);
#782=EDGE_CURVE('',#776,#768,#781,.T.);
#783=ORIENTED_EDGE('',*,*,#782,.F.);
#784=CARTESIAN_POINT('',(-0.2,-0.03996062992126,-0.039370078740157));
#785=DIRECTION('',(0.0,0.0,-1.0));
#786=VECTOR('',#785,0.085039370078741);
#787=LINE('',#784,#786);
#788=EDGE_CURVE('',#567,#776,#787,.T.);
#789=ORIENTED_EDGE('',*,*,#788,.F.);
#790=EDGE_LOOP('',(#764,#765,#766,#774,#783,#789));
#791=FACE_OUTER_BOUND('',#790,.T.);
#792=CARTESIAN_POINT('',(-0.2,-0.023425196850394,-0.108661417322835));
#793=VERTEX_POINT('',#792);
#794=CARTESIAN_POINT('',(-0.2,0.023425196850394,-0.108661417322835));
#795=VERTEX_POINT('',#794);
#796=CARTESIAN_POINT('',(-0.2,-4.370957E-017,-0.108661417322835));
#797=DIRECTION('',(1.0,0.0,0.0));
#798=DIRECTION('',(0.0,1.0,0.0));
#799=AXIS2_PLACEMENT_3D('',#796,#797,#798);
#800=CIRCLE('',#799,0.023425196850394);
#801=EDGE_CURVE('',#793,#795,#800,.T.);
#802=ORIENTED_EDGE('',*,*,#801,.T.);
#803=CARTESIAN_POINT('',(-0.2,0.023425196850394,-0.07755905511811));
#804=VERTEX_POINT('',#803);
#805=CARTESIAN_POINT('',(-0.2,0.023425196850394,-0.108661417322835));
#806=DIRECTION('',(0.0,0.0,1.0));
#807=VECTOR('',#806,0.031102362204725);
#808=LINE('',#805,#807);
#809=EDGE_CURVE('',#795,#804,#808,.T.);
#810=ORIENTED_EDGE('',*,*,#809,.T.);
#811=CARTESIAN_POINT('',(-0.2,-0.023425196850394,-0.07755905511811));
#812=VERTEX_POINT('',#811);
#813=CARTESIAN_POINT('',(-0.2,-5.463697E-017,-0.07755905511811));
#814=DIRECTION('',(1.0,0.0,0.0));
#815=DIRECTION('',(0.0,-1.0,0.0));
#816=AXIS2_PLACEMENT_3D('',#813,#814,#815);
#817=CIRCLE('',#816,0.023425196850394);
#818=EDGE_CURVE('',#804,#812,#817,.T.);
#819=ORIENTED_EDGE('',*,*,#818,.T.);
#820=CARTESIAN_POINT('',(-0.2,-0.023425196850394,-0.07755905511811));
#821=DIRECTION('',(0.0,0.0,-1.0));
#822=VECTOR('',#821,0.031102362204725);
#823=LINE('',#820,#822);
#824=EDGE_CURVE('',#812,#793,#823,.T.);
#825=ORIENTED_EDGE('',*,*,#824,.T.);
#826=EDGE_LOOP('',(#802,#810,#819,#825));
#827=FACE_BOUND('',#826,.T.);
#828=ADVANCED_FACE('',(#791,#827),#763,.T.);
#829=CARTESIAN_POINT('',(-0.168582677165354,-0.009311023622047,-0.155905511811024));
#830=DIRECTION('',(0.0,0.0,-1.0));
#831=DIRECTION('',(-1.0,0.0,0.0));
#832=AXIS2_PLACEMENT_3D('',#829,#830,#831);
#833=PLANE('',#832);
#834=ORIENTED_EDGE('',*,*,#754,.F.);
#835=ORIENTED_EDGE('',*,*,#685,.F.);
#836=CARTESIAN_POINT('',(-0.2,-0.008464566929134,-0.155905511811024));
#837=DIRECTION('',(1.0,0.0,0.0));
#838=VECTOR('',#837,0.02992125984252);
#839=LINE('',#836,#838);
#840=EDGE_CURVE('',#768,#671,#839,.T.);
#841=ORIENTED_EDGE('',*,*,#840,.F.);
#842=ORIENTED_EDGE('',*,*,#773,.F.);
#843=EDGE_LOOP('',(#834,#835,#841,#842));
#844=FACE_OUTER_BOUND('',#843,.T.);
#845=ADVANCED_FACE('',(#844),#833,.T.);
#846=CARTESIAN_POINT('',(-0.201496062992126,-0.008464566929134,-0.124409448818898));
#847=DIRECTION('',(1.0,0.0,0.0));
#848=DIRECTION('',(0.0,0.707106781186547,0.707106781186548));
#849=AXIS2_PLACEMENT_3D('',#846,#847,#848);
#850=CYLINDRICAL_SURFACE('',#849,0.031496062992126);
#851=ORIENTED_EDGE('',*,*,#677,.T.);
#852=CARTESIAN_POINT('',(-0.17007874015748,-0.03996062992126,-0.124409448818898));
#853=DIRECTION('',(-1.0,0.0,0.0));
#854=VECTOR('',#853,0.02992125984252);
#855=LINE('',#852,#854);
#856=EDGE_CURVE('',#663,#776,#855,.T.);
#857=ORIENTED_EDGE('',*,*,#856,.T.);
#858=ORIENTED_EDGE('',*,*,#782,.T.);
#859=ORIENTED_EDGE('',*,*,#840,.T.);
#860=EDGE_LOOP('',(#851,#857,#858,#859));
#861=FACE_OUTER_BOUND('',#860,.T.);
#862=ADVANCED_FACE('',(#861),#850,.T.);
#863=CARTESIAN_POINT('',(0.2,-5.551115E-017,-0.07755905511811));
#864=DIRECTION('',(-1.0,0.0,0.0));
#865=DIRECTION('',(0.0,0.0,-1.0));
#866=AXIS2_PLACEMENT_3D('',#863,#864,#865);
#867=CYLINDRICAL_SURFACE('',#866,0.023425196850394);
#868=ORIENTED_EDGE('',*,*,#723,.F.);
#869=CARTESIAN_POINT('',(-0.17007874015748,-0.023425196850394,-0.07755905511811));
#870=DIRECTION('',(-1.0,0.0,0.0));
#871=VECTOR('',#870,0.02992125984252);
#872=LINE('',#869,#871);
#873=EDGE_CURVE('',#709,#812,#872,.T.);
#874=ORIENTED_EDGE('',*,*,#873,.T.);
#875=ORIENTED_EDGE('',*,*,#818,.F.);
#876=CARTESIAN_POINT('',(-0.17007874015748,0.023425196850394,-0.07755905511811));
#877=DIRECTION('',(-1.0,0.0,0.0));
#878=VECTOR('',#877,0.02992125984252);
#879=LINE('',#876,#878);
#880=EDGE_CURVE('',#717,#804,#879,.T.);
#881=ORIENTED_EDGE('',*,*,#880,.F.);
#882=EDGE_LOOP('',(#868,#874,#875,#881));
#883=FACE_OUTER_BOUND('',#882,.T.);
#884=ADVANCED_FACE('',(#883),#867,.F.);
#885=CARTESIAN_POINT('',(-0.168582677165354,0.023425196850394,-0.076003937007874));
#886=DIRECTION('',(0.0,1.0,0.0));
#887=DIRECTION('',(0.0,0.0,1.0));
#888=AXIS2_PLACEMENT_3D('',#885,#886,#887);
#889=PLANE('',#888);
#890=ORIENTED_EDGE('',*,*,#729,.F.);
#891=ORIENTED_EDGE('',*,*,#880,.T.);
#892=ORIENTED_EDGE('',*,*,#809,.F.);
#893=CARTESIAN_POINT('',(-0.17007874015748,0.023425196850394,-0.108661417322835));
#894=DIRECTION('',(-1.0,0.0,0.0));
#895=VECTOR('',#894,0.02992125984252);
#896=LINE('',#893,#895);
#897=EDGE_CURVE('',#698,#795,#896,.T.);
#898=ORIENTED_EDGE('',*,*,#897,.F.);
#899=EDGE_LOOP('',(#890,#891,#892,#898));
#900=FACE_OUTER_BOUND('',#899,.T.);
#901=ADVANCED_FACE('',(#900),#889,.F.);
#902=CARTESIAN_POINT('',(-0.168582677165354,-0.023425196850394,-0.110216535433071));
#903=DIRECTION('',(0.0,-1.0,0.0));
#904=DIRECTION('',(0.0,0.0,-1.0));
#905=AXIS2_PLACEMENT_3D('',#902,#903,#904);
#906=PLANE('',#905);
#907=ORIENTED_EDGE('',*,*,#714,.F.);
#908=CARTESIAN_POINT('',(-0.17007874015748,-0.023425196850394,-0.108661417322835));
#909=DIRECTION('',(-1.0,0.0,0.0));
#910=VECTOR('',#909,0.02992125984252);
#911=LINE('',#908,#910);
#912=EDGE_CURVE('',#700,#793,#911,.T.);
#913=ORIENTED_EDGE('',*,*,#912,.T.);
#914=ORIENTED_EDGE('',*,*,#824,.F.);
#915=ORIENTED_EDGE('',*,*,#873,.F.);
#916=EDGE_LOOP('',(#907,#913,#914,#915));
#917=FACE_OUTER_BOUND('',#916,.T.);
#918=ADVANCED_FACE('',(#917),#906,.F.);
#919=CARTESIAN_POINT('',(0.2,-4.163336E-017,-0.108661417322835));
#920=DIRECTION('',(-1.0,0.0,0.0));
#921=DIRECTION('',(0.0,0.0,1.0));
#922=AXIS2_PLACEMENT_3D('',#919,#920,#921);
#923=CYLINDRICAL_SURFACE('',#922,0.023425196850394);
#924=ORIENTED_EDGE('',*,*,#706,.F.);
#925=ORIENTED_EDGE('',*,*,#897,.T.);
#926=ORIENTED_EDGE('',*,*,#801,.F.);
#927=ORIENTED_EDGE('',*,*,#912,.F.);
#928=EDGE_LOOP('',(#924,#925,#926,#927));
#929=FACE_OUTER_BOUND('',#928,.T.);
#930=ADVANCED_FACE('',(#929),#923,.F.);
#931=CARTESIAN_POINT('',(-0.168582677165354,-0.03996062992126,-0.128661417322835));
#932=DIRECTION('',(0.0,-1.0,0.0));
#933=DIRECTION('',(0.0,0.0,-1.0));
#934=AXIS2_PLACEMENT_3D('',#931,#932,#933);
#935=PLANE('',#934);
#936=ORIENTED_EDGE('',*,*,#580,.T.);
#937=ORIENTED_EDGE('',*,*,#788,.T.);
#938=ORIENTED_EDGE('',*,*,#856,.F.);
#939=ORIENTED_EDGE('',*,*,#668,.F.);
#940=EDGE_LOOP('',(#936,#937,#938,#939));
#941=FACE_OUTER_BOUND('',#940,.T.);
#942=ADVANCED_FACE('',(#941),#935,.T.);
#943=CARTESIAN_POINT('',(0.168727772635797,0.041311597442943,-0.023622047244094));
#944=DIRECTION('',(1.0,0.0,0.0));
#945=DIRECTION('',(0.0,-1.0,0.0));
#946=AXIS2_PLACEMENT_3D('',#943,#944,#945);
#947=SPHERICAL_SURFACE('',#946,0.015748031496063);
#948=CARTESIAN_POINT('',(0.157592232774591,0.041311597442943,-0.0347575871053));
#949=VERTEX_POINT('',#948);
#950=CARTESIAN_POINT('',(0.168727772635797,0.041311597442943,-0.039370078740157));
#951=VERTEX_POINT('',#950);
#952=CARTESIAN_POINT('',(0.168727772635797,0.041311597442943,-0.023622047244094));
#953=DIRECTION('',(0.0,-1.0,0.0));
#954=DIRECTION('',(-0.707106781186548,0.0,-0.707106781186547));
#955=AXIS2_PLACEMENT_3D('',#952,#953,#954);
#956=CIRCLE('',#955,0.015748031496063);
#957=EDGE_CURVE('',#949,#951,#956,.T.);
#958=ORIENTED_EDGE('',*,*,#957,.F.);
#959=CARTESIAN_POINT('',(0.168727772635797,0.052447137304149,-0.0347575871053));
#960=VERTEX_POINT('',#959);
#961=CARTESIAN_POINT('',(0.168727772635797,0.041311597442943,-0.023622047244094));
#962=DIRECTION('',(-0.577350269189623,0.577350269189628,0.577350269189627));
#963=DIRECTION('',(2.563950E-016,0.707106781186547,-0.707106781186548));
#964=AXIS2_PLACEMENT_3D('',#961,#962,#963);
#965=CIRCLE('',#964,0.015748031496063);
#966=EDGE_CURVE('',#960,#949,#965,.T.);
#967=ORIENTED_EDGE('',*,*,#966,.F.);
#968=CARTESIAN_POINT('',(0.168727772635797,0.041311597442943,-0.023622047244094));
#969=DIRECTION('',(1.0,0.0,0.0));
#970=DIRECTION('',(0.0,0.0,-1.0));
#971=AXIS2_PLACEMENT_3D('',#968,#969,#970);
#972=CIRCLE('',#971,0.015748031496063);
#973=EDGE_CURVE('',#951,#960,#972,.T.);
#974=ORIENTED_EDGE('',*,*,#973,.F.);
#975=EDGE_LOOP('',(#958,#967,#974));
#976=FACE_OUTER_BOUND('',#975,.T.);
#977=ADVANCED_FACE('',(#976),#947,.T.);
#978=CARTESIAN_POINT('',(0.130446340228902,0.079593029849838,0.0146593851628));
#979=DIRECTION('',(0.577350269189626,-0.577350269189626,-0.577350269189626));
#980=DIRECTION('',(0.408248290463864,-0.408248290463862,0.816496580927726));
#981=AXIS2_PLACEMENT_3D('',#978,#979,#980);
#982=CYLINDRICAL_SURFACE('',#981,0.015748031496063);
#983=CARTESIAN_POINT('',(0.133970185530497,0.087204724409449,-2.158497E-019));
#984=VERTEX_POINT('',#983);
#985=CARTESIAN_POINT('',(0.122834645669291,0.076069184548243,-1.821232E-018));
#986=VERTEX_POINT('',#985);
#987=CARTESIAN_POINT('',(0.145105725391702,0.064933644687038,0.0));
#988=DIRECTION('',(0.0,0.0,1.0));
#989=DIRECTION('',(-0.707106781186548,0.707106781186548,0.0));
#990=AXIS2_PLACEMENT_3D('',#987,#988,#989);
#991=ELLIPSE('',#990,0.027276390670376,0.015748031496063);
#992=EDGE_CURVE('',#984,#986,#991,.T.);
#993=ORIENTED_EDGE('',*,*,#992,.F.);
#994=CARTESIAN_POINT('',(0.133970185530497,0.087204724409449,-6.475491E-019));
#995=DIRECTION('',(0.577350269189626,-0.577350269189626,-0.577350269189626));
#996=VECTOR('',#995,0.06020190681488);
#997=LINE('',#994,#996);
#998=EDGE_CURVE('',#984,#960,#997,.T.);
#999=ORIENTED_EDGE('',*,*,#998,.T.);
#1000=ORIENTED_EDGE('',*,*,#966,.T.);
#1001=CARTESIAN_POINT('',(0.157592232774591,0.041311597442943,-0.0347575871053));
#1002=DIRECTION('',(-0.577350269189626,0.577350269189626,0.577350269189626));
#1003=VECTOR('',#1002,0.06020190681488);
#1004=LINE('',#1001,#1003);
#1005=EDGE_CURVE('',#949,#986,#1004,.T.);
#1006=ORIENTED_EDGE('',*,*,#1005,.T.);
#1007=EDGE_LOOP('',(#993,#999,#1000,#1006));
#1008=FACE_OUTER_BOUND('',#1007,.T.);
#1009=ADVANCED_FACE('',(#1008),#982,.T.);
#1010=CARTESIAN_POINT('',(0.168727772635797,-0.041311597442943,-0.023622047244094));
#1011=DIRECTION('',(1.0,0.0,0.0));
#1012=DIRECTION('',(0.0,-1.0,0.0));
#1013=AXIS2_PLACEMENT_3D('',#1010,#1011,#1012);
#1014=SPHERICAL_SURFACE('',#1013,0.015748031496063);
#1015=CARTESIAN_POINT('',(0.168727772635797,-0.052447137304149,-0.0347575871053));
#1016=VERTEX_POINT('',#1015);
#1017=CARTESIAN_POINT('',(0.168727772635797,-0.041311597442943,-0.039370078740157));
#1018=VERTEX_POINT('',#1017);
#1019=CARTESIAN_POINT('',(0.168727772635797,-0.041311597442943,-0.023622047244094));
#1020=DIRECTION('',(1.0,0.0,0.0));
#1021=DIRECTION('',(0.0,-0.707106781186548,-0.707106781186548));
#1022=AXIS2_PLACEMENT_3D('',#1019,#1020,#1021);
#1023=CIRCLE('',#1022,0.015748031496063);
#1024=EDGE_CURVE('',#1016,#1018,#1023,.T.);
#1025=ORIENTED_EDGE('',*,*,#1024,.F.);
#1026=CARTESIAN_POINT('',(0.157592232774591,-0.041311597442943,-0.0347575871053));
#1027=VERTEX_POINT('',#1026);
#1028=CARTESIAN_POINT('',(0.168727772635797,-0.041311597442943,-0.023622047244094));
#1029=DIRECTION('',(-0.577350269189625,-0.577350269189626,0.577350269189626));
#1030=DIRECTION('',(-0.707106781186548,-9.614814E-017,-0.707106781186547));
#1031=AXIS2_PLACEMENT_3D('',#1028,#1029,#1030);
#1032=CIRCLE('',#1031,0.015748031496063);
#1033=EDGE_CURVE('',#1027,#1016,#1032,.T.);
#1034=ORIENTED_EDGE('',*,*,#1033,.F.);
#1035=CARTESIAN_POINT('',(0.168727772635797,-0.041311597442943,-0.023622047244094));
#1036=DIRECTION('',(0.0,1.0,0.0));
#1037=DIRECTION('',(0.0,0.0,-1.0));
#1038=AXIS2_PLACEMENT_3D('',#1035,#1036,#1037);
#1039=CIRCLE('',#1038,0.015748031496063);
#1040=EDGE_CURVE('',#1018,#1027,#1039,.T.);
#1041=ORIENTED_EDGE('',*,*,#1040,.F.);
#1042=EDGE_LOOP('',(#1025,#1034,#1041));
#1043=FACE_OUTER_BOUND('',#1042,.T.);
#1044=ADVANCED_FACE('',(#1043),#1014,.T.);
#1045=CARTESIAN_POINT('',(0.130446340228902,-0.079593029849838,0.0146593851628));
#1046=DIRECTION('',(0.577350269189626,0.577350269189626,-0.577350269189626));
#1047=DIRECTION('',(0.408248290463864,0.408248290463862,0.816496580927726));
#1048=AXIS2_PLACEMENT_3D('',#1045,#1046,#1047);
#1049=CYLINDRICAL_SURFACE('',#1048,0.015748031496063);
#1050=CARTESIAN_POINT('',(0.122834645669291,-0.076069184548243,1.625617E-018));
#1051=VERTEX_POINT('',#1050);
#1052=CARTESIAN_POINT('',(0.133970185530497,-0.087204724409449,9.106160E-019));
#1053=VERTEX_POINT('',#1052);
#1054=CARTESIAN_POINT('',(0.145105725391702,-0.064933644687038,2.731848E-018));
#1055=DIRECTION('',(0.0,0.0,1.0));
#1056=DIRECTION('',(-0.707106781186548,-0.707106781186548,0.0));
#1057=AXIS2_PLACEMENT_3D('',#1054,#1055,#1056);
#1058=ELLIPSE('',#1057,0.027276390670376,0.015748031496063);
#1059=EDGE_CURVE('',#1051,#1053,#1058,.T.);
#1060=ORIENTED_EDGE('',*,*,#1059,.F.);
#1061=CARTESIAN_POINT('',(0.122834645669291,-0.076069184548243,-1.288938E-017));
#1062=DIRECTION('',(0.577350269189625,0.577350269189626,-0.577350269189626));
#1063=VECTOR('',#1062,0.06020190681488);
#1064=LINE('',#1061,#1063);
#1065=EDGE_CURVE('',#1051,#1027,#1064,.T.);
#1066=ORIENTED_EDGE('',*,*,#1065,.T.);
#1067=ORIENTED_EDGE('',*,*,#1033,.T.);
#1068=CARTESIAN_POINT('',(0.168727772635797,-0.052447137304149,-0.0347575871053));
#1069=DIRECTION('',(-0.577350269189626,-0.577350269189626,0.577350269189626));
#1070=VECTOR('',#1069,0.06020190681488);
#1071=LINE('',#1068,#1070);
#1072=EDGE_CURVE('',#1016,#1053,#1071,.T.);
#1073=ORIENTED_EDGE('',*,*,#1072,.T.);
#1074=EDGE_LOOP('',(#1060,#1066,#1067,#1073));
#1075=FACE_OUTER_BOUND('',#1074,.T.);
#1076=ADVANCED_FACE('',(#1075),#1049,.T.);
#1077=CARTESIAN_POINT('',(0.168727772635797,0.043602362204724,-0.023622047244094));
#1078=DIRECTION('',(0.0,-1.0,0.0));
#1079=DIRECTION('',(0.38268343236509,0.0,0.923879532511287));
#1080=AXIS2_PLACEMENT_3D('',#1077,#1078,#1079);
#1081=CYLINDRICAL_SURFACE('',#1080,0.015748031496063);
#1082=ORIENTED_EDGE('',*,*,#1040,.T.);
#1083=CARTESIAN_POINT('',(0.157592232774591,-0.041311597442943,-0.0347575871053));
#1084=DIRECTION('',(0.0,1.0,0.0));
#1085=VECTOR('',#1084,0.082623194885886);
#1086=LINE('',#1083,#1085);
#1087=EDGE_CURVE('',#1027,#949,#1086,.T.);
#1088=ORIENTED_EDGE('',*,*,#1087,.T.);
#1089=ORIENTED_EDGE('',*,*,#957,.T.);
#1090=CARTESIAN_POINT('',(0.168727772635797,0.041311597442943,-0.039370078740157));
#1091=DIRECTION('',(0.0,-1.0,0.0));
#1092=VECTOR('',#1091,0.082623194885886);
#1093=LINE('',#1090,#1092);
#1094=EDGE_CURVE('',#951,#1018,#1093,.T.);
#1095=ORIENTED_EDGE('',*,*,#1094,.T.);
#1096=EDGE_LOOP('',(#1082,#1088,#1089,#1095));
#1097=FACE_OUTER_BOUND('',#1096,.T.);
#1098=ADVANCED_FACE('',(#1097),#1081,.T.);
#1099=CARTESIAN_POINT('',(0.201350967521684,0.041311597442943,-0.023622047244094));
#1100=DIRECTION('',(1.0,0.0,0.0));
#1101=DIRECTION('',(0.0,-1.0,0.0));
#1102=AXIS2_PLACEMENT_3D('',#1099,#1100,#1101);
#1103=SPHERICAL_SURFACE('',#1102,0.015748031496063);
#1104=CARTESIAN_POINT('',(0.201350967521684,0.052447137304149,-0.0347575871053));
#1105=VERTEX_POINT('',#1104);
#1106=CARTESIAN_POINT('',(0.201350967521684,0.041311597442943,-0.039370078740157));
#1107=VERTEX_POINT('',#1106);
#1108=CARTESIAN_POINT('',(0.201350967521684,0.041311597442943,-0.023622047244094));
#1109=DIRECTION('',(-1.0,0.0,0.0));
#1110=DIRECTION('',(0.0,0.707106781186548,-0.707106781186548));
#1111=AXIS2_PLACEMENT_3D('',#1108,#1109,#1110);
#1112=CIRCLE('',#1111,0.015748031496063);
#1113=EDGE_CURVE('',#1105,#1107,#1112,.T.);
#1114=ORIENTED_EDGE('',*,*,#1113,.F.);
#1115=CARTESIAN_POINT('',(0.212486507382889,0.041311597442943,-0.0347575871053));
#1116=VERTEX_POINT('',#1115);
#1117=CARTESIAN_POINT('',(0.201350967521684,0.041311597442943,-0.023622047244094));
#1118=DIRECTION('',(0.577350269189626,0.577350269189625,0.577350269189626));
#1119=DIRECTION('',(0.707106781186548,-4.807407E-016,-0.707106781186547));
#1120=AXIS2_PLACEMENT_3D('',#1117,#1118,#1119);
#1121=CIRCLE('',#1120,0.015748031496063);
#1122=EDGE_CURVE('',#1116,#1105,#1121,.T.);
#1123=ORIENTED_EDGE('',*,*,#1122,.F.);
#1124=CARTESIAN_POINT('',(0.201350967521684,0.041311597442943,-0.023622047244094));
#1125=DIRECTION('',(0.0,-1.0,0.0));
#1126=DIRECTION('',(0.0,0.0,-1.0));
#1127=AXIS2_PLACEMENT_3D('',#1124,#1125,#1126);
#1128=CIRCLE('',#1127,0.015748031496063);
#1129=EDGE_CURVE('',#1107,#1116,#1128,.T.);
#1130=ORIENTED_EDGE('',*,*,#1129,.F.);
#1131=EDGE_LOOP('',(#1114,#1123,#1130));
#1132=FACE_OUTER_BOUND('',#1131,.T.);
#1133=ADVANCED_FACE('',(#1132),#1103,.T.);
#1134=CARTESIAN_POINT('',(0.239632399928578,0.079593029849838,0.0146593851628));
#1135=DIRECTION('',(-0.577350269189626,-0.577350269189626,-0.577350269189626));
#1136=DIRECTION('',(-0.408248290463892,-0.408248290463834,0.816496580927726));
#1137=AXIS2_PLACEMENT_3D('',#1134,#1135,#1136);
#1138=CYLINDRICAL_SURFACE('',#1137,0.015748031496063);
#1139=CARTESIAN_POINT('',(0.247244094488189,0.076069184548243,2.205714E-018));
#1140=VERTEX_POINT('',#1139);
#1141=CARTESIAN_POINT('',(0.236108554626984,0.087204724409449,9.106160E-019));
#1142=VERTEX_POINT('',#1141);
#1143=CARTESIAN_POINT('',(0.224973014765778,0.064933644687038,2.731848E-018));
#1144=DIRECTION('',(0.0,0.0,1.0));
#1145=DIRECTION('',(0.707106781186548,0.707106781186547,0.0));
#1146=AXIS2_PLACEMENT_3D('',#1143,#1144,#1145);
#1147=ELLIPSE('',#1146,0.027276390670376,0.015748031496063);
#1148=EDGE_CURVE('',#1140,#1142,#1147,.T.);
#1149=ORIENTED_EDGE('',*,*,#1148,.F.);
#1150=CARTESIAN_POINT('',(0.247244094488189,0.076069184548243,-1.517828E-017));
#1151=DIRECTION('',(-0.577350269189626,-0.577350269189626,-0.577350269189626));
#1152=VECTOR('',#1151,0.06020190681488);
#1153=LINE('',#1150,#1152);
#1154=EDGE_CURVE('',#1140,#1116,#1153,.T.);
#1155=ORIENTED_EDGE('',*,*,#1154,.T.);
#1156=ORIENTED_EDGE('',*,*,#1122,.T.);
#1157=CARTESIAN_POINT('',(0.201350967521684,0.052447137304149,-0.0347575871053));
#1158=DIRECTION('',(0.577350269189626,0.577350269189626,0.577350269189626));
#1159=VECTOR('',#1158,0.06020190681488);
#1160=LINE('',#1157,#1159);
#1161=EDGE_CURVE('',#1105,#1142,#1160,.T.);
#1162=ORIENTED_EDGE('',*,*,#1161,.T.);
#1163=EDGE_LOOP('',(#1149,#1155,#1156,#1162));
#1164=FACE_OUTER_BOUND('',#1163,.T.);
#1165=ADVANCED_FACE('',(#1164),#1138,.T.);
#1166=CARTESIAN_POINT('',(0.201350967521684,-0.041311597442943,-0.023622047244094));
#1167=DIRECTION('',(1.0,0.0,0.0));
#1168=DIRECTION('',(0.0,-1.0,0.0));
#1169=AXIS2_PLACEMENT_3D('',#1166,#1167,#1168);
#1170=SPHERICAL_SURFACE('',#1169,0.015748031496063);
#1171=CARTESIAN_POINT('',(0.212486507382889,-0.041311597442943,-0.0347575871053));
#1172=VERTEX_POINT('',#1171);
#1173=CARTESIAN_POINT('',(0.201350967521684,-0.041311597442943,-0.039370078740157));
#1174=VERTEX_POINT('',#1173);
#1175=CARTESIAN_POINT('',(0.201350967521684,-0.041311597442943,-0.023622047244094));
#1176=DIRECTION('',(0.0,1.0,0.0));
#1177=DIRECTION('',(0.707106781186547,0.0,-0.707106781186548));
#1178=AXIS2_PLACEMENT_3D('',#1175,#1176,#1177);
#1179=CIRCLE('',#1178,0.015748031496063);
#1180=EDGE_CURVE('',#1172,#1174,#1179,.T.);
#1181=ORIENTED_EDGE('',*,*,#1180,.F.);
#1182=CARTESIAN_POINT('',(0.201350967521684,-0.052447137304149,-0.0347575871053));
#1183=VERTEX_POINT('',#1182);
#1184=CARTESIAN_POINT('',(0.201350967521684,-0.041311597442943,-0.023622047244094));
#1185=DIRECTION('',(0.577350269189625,-0.577350269189626,0.577350269189626));
#1186=DIRECTION('',(4.807407E-016,-0.707106781186547,-0.707106781186548));
#1187=AXIS2_PLACEMENT_3D('',#1184,#1185,#1186);
#1188=CIRCLE('',#1187,0.015748031496063);
#1189=EDGE_CURVE('',#1183,#1172,#1188,.T.);
#1190=ORIENTED_EDGE('',*,*,#1189,.F.);
#1191=CARTESIAN_POINT('',(0.201350967521684,-0.041311597442943,-0.023622047244094));
#1192=DIRECTION('',(-1.0,0.0,0.0));
#1193=DIRECTION('',(0.0,0.0,-1.0));
#1194=AXIS2_PLACEMENT_3D('',#1191,#1192,#1193);
#1195=CIRCLE('',#1194,0.015748031496063);
#1196=EDGE_CURVE('',#1174,#1183,#1195,.T.);
#1197=ORIENTED_EDGE('',*,*,#1196,.F.);
#1198=EDGE_LOOP('',(#1181,#1190,#1197));
#1199=FACE_OUTER_BOUND('',#1198,.T.);
#1200=ADVANCED_FACE('',(#1199),#1170,.T.);
#1201=CARTESIAN_POINT('',(0.239632399928578,-0.079593029849838,0.0146593851628));
#1202=DIRECTION('',(-0.577350269189626,0.577350269189626,-0.577350269189626));
#1203=DIRECTION('',(-0.408248290463881,0.408248290463846,0.816496580927726));
#1204=AXIS2_PLACEMENT_3D('',#1201,#1202,#1203);
#1205=CYLINDRICAL_SURFACE('',#1204,0.015748031496063);
#1206=CARTESIAN_POINT('',(0.236108554626984,-0.087204724409449,-2.913971E-018));
#1207=VERTEX_POINT('',#1206);
#1208=CARTESIAN_POINT('',(0.247244094488189,-0.076069184548243,0.0));
#1209=VERTEX_POINT('',#1208);
#1210=CARTESIAN_POINT('',(0.224973014765778,-0.064933644687038,0.0));
#1211=DIRECTION('',(0.0,0.0,1.0));
#1212=DIRECTION('',(0.707106781186548,-0.707106781186547,0.0));
#1213=AXIS2_PLACEMENT_3D('',#1210,#1211,#1212);
#1214=ELLIPSE('',#1213,0.027276390670376,0.015748031496063);
#1215=EDGE_CURVE('',#1207,#1209,#1214,.T.);
#1216=ORIENTED_EDGE('',*,*,#1215,.F.);
#1217=CARTESIAN_POINT('',(0.236108554626984,-0.087204724409449,-2.530298E-017));
#1218=DIRECTION('',(-0.577350269189626,0.577350269189626,-0.577350269189626));
#1219=VECTOR('',#1218,0.06020190681488);
#1220=LINE('',#1217,#1219);
#1221=EDGE_CURVE('',#1207,#1183,#1220,.T.);
#1222=ORIENTED_EDGE('',*,*,#1221,.T.);
#1223=ORIENTED_EDGE('',*,*,#1189,.T.);
#1224=CARTESIAN_POINT('',(0.212486507382889,-0.041311597442943,-0.0347575871053));
#1225=DIRECTION('',(0.577350269189626,-0.577350269189626,0.577350269189626));
#1226=VECTOR('',#1225,0.06020190681488);
#1227=LINE('',#1224,#1226);
#1228=EDGE_CURVE('',#1172,#1209,#1227,.T.);
#1229=ORIENTED_EDGE('',*,*,#1228,.T.);
#1230=EDGE_LOOP('',(#1216,#1222,#1223,#1229));
#1231=FACE_OUTER_BOUND('',#1230,.T.);
#1232=ADVANCED_FACE('',(#1231),#1205,.T.);
#1233=CARTESIAN_POINT('',(0.153937007874016,-0.041311597442943,-0.023622047244094));
#1234=DIRECTION('',(1.0,0.0,0.0));
#1235=DIRECTION('',(0.0,0.38268343236509,0.923879532511287));
#1236=AXIS2_PLACEMENT_3D('',#1233,#1234,#1235);
#1237=CYLINDRICAL_SURFACE('',#1236,0.015748031496063);
#1238=ORIENTED_EDGE('',*,*,#1196,.T.);
#1239=CARTESIAN_POINT('',(0.201350967521684,-0.052447137304149,-0.0347575871053));
#1240=DIRECTION('',(-1.0,0.0,0.0));
#1241=VECTOR('',#1240,0.032623194885887);
#1242=LINE('',#1239,#1241);
#1243=EDGE_CURVE('',#1183,#1016,#1242,.T.);
#1244=ORIENTED_EDGE('',*,*,#1243,.T.);
#1245=ORIENTED_EDGE('',*,*,#1024,.T.);
#1246=CARTESIAN_POINT('',(0.168727772635797,-0.041311597442943,-0.039370078740157));
#1247=DIRECTION('',(1.0,0.0,0.0));
#1248=VECTOR('',#1247,0.032623194885887);
#1249=LINE('',#1246,#1248);
#1250=EDGE_CURVE('',#1018,#1174,#1249,.T.);
#1251=ORIENTED_EDGE('',*,*,#1250,.T.);
#1252=EDGE_LOOP('',(#1238,#1244,#1245,#1251));
#1253=FACE_OUTER_BOUND('',#1252,.T.);
#1254=ADVANCED_FACE('',(#1253),#1237,.T.);
#1255=CARTESIAN_POINT('',(0.201350967521684,-0.043602362204724,-0.023622047244094));
#1256=DIRECTION('',(0.0,1.0,0.0));
#1257=DIRECTION('',(-0.38268343236509,0.0,0.923879532511287));
#1258=AXIS2_PLACEMENT_3D('',#1255,#1256,#1257);
#1259=CYLINDRICAL_SURFACE('',#1258,0.015748031496063);
#1260=ORIENTED_EDGE('',*,*,#1129,.T.);
#1261=CARTESIAN_POINT('',(0.212486507382889,0.041311597442943,-0.0347575871053));
#1262=DIRECTION('',(0.0,-1.0,0.0));
#1263=VECTOR('',#1262,0.082623194885886);
#1264=LINE('',#1261,#1263);
#1265=EDGE_CURVE('',#1116,#1172,#1264,.T.);
#1266=ORIENTED_EDGE('',*,*,#1265,.T.);
#1267=ORIENTED_EDGE('',*,*,#1180,.T.);
#1268=CARTESIAN_POINT('',(0.201350967521684,-0.041311597442943,-0.039370078740157));
#1269=DIRECTION('',(0.0,1.0,0.0));
#1270=VECTOR('',#1269,0.082623194885886);
#1271=LINE('',#1268,#1270);
#1272=EDGE_CURVE('',#1174,#1107,#1271,.T.);
#1273=ORIENTED_EDGE('',*,*,#1272,.T.);
#1274=EDGE_LOOP('',(#1260,#1266,#1267,#1273));
#1275=FACE_OUTER_BOUND('',#1274,.T.);
#1276=ADVANCED_FACE('',(#1275),#1259,.T.);
#1277=CARTESIAN_POINT('',(0.216141732283465,0.041311597442943,-0.023622047244094));
#1278=DIRECTION('',(-1.0,0.0,0.0));
#1279=DIRECTION('',(0.0,-0.38268343236509,0.923879532511287));
#1280=AXIS2_PLACEMENT_3D('',#1277,#1278,#1279);
#1281=CYLINDRICAL_SURFACE('',#1280,0.015748031496063);
#1282=ORIENTED_EDGE('',*,*,#973,.T.);
#1283=CARTESIAN_POINT('',(0.168727772635797,0.052447137304149,-0.0347575871053));
#1284=DIRECTION('',(1.0,0.0,0.0));
#1285=VECTOR('',#1284,0.032623194885887);
#1286=LINE('',#1283,#1285);
#1287=EDGE_CURVE('',#960,#1105,#1286,.T.);
#1288=ORIENTED_EDGE('',*,*,#1287,.T.);
#1289=ORIENTED_EDGE('',*,*,#1113,.T.);
#1290=CARTESIAN_POINT('',(0.201350967521684,0.041311597442943,-0.039370078740157));
#1291=DIRECTION('',(-1.0,0.0,0.0));
#1292=VECTOR('',#1291,0.032623194885887);
#1293=LINE('',#1290,#1292);
#1294=EDGE_CURVE('',#1107,#951,#1293,.T.);
#1295=ORIENTED_EDGE('',*,*,#1294,.T.);
#1296=EDGE_LOOP('',(#1282,#1288,#1289,#1295));
#1297=FACE_OUTER_BOUND('',#1296,.T.);
#1298=ADVANCED_FACE('',(#1297),#1281,.T.);
#1299=CARTESIAN_POINT('',(0.159330112129856,-0.083676103003067,-0.036495466460565));
#1300=DIRECTION('',(-0.707106781186548,1.772113E-016,-0.707106781186547));
#1301=DIRECTION('',(-0.707106781186547,0.0,0.707106781186548));
#1302=AXIS2_PLACEMENT_3D('',#1299,#1300,#1301);
#1303=PLANE('',#1302);
#1304=ORIENTED_EDGE('',*,*,#1005,.F.);
#1305=ORIENTED_EDGE('',*,*,#1087,.F.);
#1306=ORIENTED_EDGE('',*,*,#1065,.F.);
#1307=CARTESIAN_POINT('',(0.122834645669291,0.076069184548243,-5.463696E-018));
#1308=DIRECTION('',(0.0,-1.0,0.0));
#1309=VECTOR('',#1308,0.152138369096486);
#1310=LINE('',#1307,#1309);
#1311=EDGE_CURVE('',#986,#1051,#1310,.T.);
#1312=ORIENTED_EDGE('',*,*,#1311,.F.);
#1313=EDGE_LOOP('',(#1304,#1305,#1306,#1312));
#1314=FACE_OUTER_BOUND('',#1313,.T.);
#1315=ADVANCED_FACE('',(#1314),#1303,.T.);
#1316=CARTESIAN_POINT('',(0.241215473081808,-0.088942603764714,0.001737879355265));
#1317=DIRECTION('',(-1.242162E-016,-0.707106781186548,-0.707106781186547));
#1318=DIRECTION('',(-1.0,0.0,0.0));
#1319=AXIS2_PLACEMENT_3D('',#1316,#1317,#1318);
#1320=PLANE('',#1319);
#1321=ORIENTED_EDGE('',*,*,#1072,.F.);
#1322=ORIENTED_EDGE('',*,*,#1243,.F.);
#1323=ORIENTED_EDGE('',*,*,#1221,.F.);
#1324=CARTESIAN_POINT('',(0.133970185530497,-0.087204724409449,0.0));
#1325=DIRECTION('',(1.0,0.0,0.0));
#1326=VECTOR('',#1325,0.102138369096487);
#1327=LINE('',#1324,#1326);
#1328=EDGE_CURVE('',#1053,#1207,#1327,.T.);
#1329=ORIENTED_EDGE('',*,*,#1328,.F.);
#1330=EDGE_LOOP('',(#1321,#1322,#1323,#1329));
#1331=FACE_OUTER_BOUND('',#1330,.T.);
#1332=ADVANCED_FACE('',(#1331),#1320,.T.);
#1333=CARTESIAN_POINT('',(0.202982127265978,-0.045442757187237,-0.039370078740157));
#1334=DIRECTION('',(0.0,0.0,-1.0));
#1335=DIRECTION('',(-1.0,0.0,0.0));
#1336=AXIS2_PLACEMENT_3D('',#1333,#1334,#1335);
#1337=PLANE('',#1336);
#1338=ORIENTED_EDGE('',*,*,#1094,.F.);
#1339=ORIENTED_EDGE('',*,*,#1294,.F.);
#1340=ORIENTED_EDGE('',*,*,#1272,.F.);
#1341=ORIENTED_EDGE('',*,*,#1250,.F.);
#1342=EDGE_LOOP('',(#1338,#1339,#1340,#1341));
#1343=FACE_OUTER_BOUND('',#1342,.T.);
#1344=CARTESIAN_POINT('',(0.17007874015748,0.03996062992126,-0.039370078740157));
#1345=VERTEX_POINT('',#1344);
#1346=CARTESIAN_POINT('',(0.2,0.03996062992126,-0.039370078740157));
#1347=VERTEX_POINT('',#1346);
#1348=CARTESIAN_POINT('',(0.17007874015748,0.03996062992126,-0.039370078740157));
#1349=DIRECTION('',(1.0,0.0,0.0));
#1350=VECTOR('',#1349,0.02992125984252);
#1351=LINE('',#1348,#1350);
#1352=EDGE_CURVE('',#1345,#1347,#1351,.T.);
#1353=ORIENTED_EDGE('',*,*,#1352,.F.);
#1354=CARTESIAN_POINT('',(0.17007874015748,-0.03996062992126,-0.039370078740157));
#1355=VERTEX_POINT('',#1354);
#1356=CARTESIAN_POINT('',(0.17007874015748,-0.03996062992126,-0.039370078740157));
#1357=DIRECTION('',(0.0,1.0,0.0));
#1358=VECTOR('',#1357,0.07992125984252);
#1359=LINE('',#1356,#1358);
#1360=EDGE_CURVE('',#1355,#1345,#1359,.T.);
#1361=ORIENTED_EDGE('',*,*,#1360,.F.);
#1362=CARTESIAN_POINT('',(0.2,-0.03996062992126,-0.039370078740157));
#1363=VERTEX_POINT('',#1362);
#1364=CARTESIAN_POINT('',(0.2,-0.03996062992126,-0.039370078740157));
#1365=DIRECTION('',(-1.0,0.0,0.0));
#1366=VECTOR('',#1365,0.02992125984252);
#1367=LINE('',#1364,#1366);
#1368=EDGE_CURVE('',#1363,#1355,#1367,.T.);
#1369=ORIENTED_EDGE('',*,*,#1368,.F.);
#1370=CARTESIAN_POINT('',(0.2,0.03996062992126,-0.039370078740157));
#1371=DIRECTION('',(0.0,-1.0,0.0));
#1372=VECTOR('',#1371,0.07992125984252);
#1373=LINE('',#1370,#1372);
#1374=EDGE_CURVE('',#1347,#1363,#1373,.T.);
#1375=ORIENTED_EDGE('',*,*,#1374,.F.);
#1376=EDGE_LOOP('',(#1353,#1361,#1369,#1375));
#1377=FACE_BOUND('',#1376,.T.);
#1378=ADVANCED_FACE('',(#1343,#1377),#1337,.T.);
#1379=CARTESIAN_POINT('',(0.248981973843454,-0.083676103003067,0.001737879355265));
#1380=DIRECTION('',(0.707106781186548,-1.772113E-016,-0.707106781186547));
#1381=DIRECTION('',(-0.707106781186547,0.0,-0.707106781186548));
#1382=AXIS2_PLACEMENT_3D('',#1379,#1380,#1381);
#1383=PLANE('',#1382);
#1384=ORIENTED_EDGE('',*,*,#1154,.F.);
#1385=CARTESIAN_POINT('',(0.247244094488189,-0.076069184548243,0.0));
#1386=DIRECTION('',(0.0,1.0,0.0));
#1387=VECTOR('',#1386,0.152138369096486);
#1388=LINE('',#1385,#1387);
#1389=EDGE_CURVE('',#1209,#1140,#1388,.T.);
#1390=ORIENTED_EDGE('',*,*,#1389,.F.);
#1391=ORIENTED_EDGE('',*,*,#1228,.F.);
#1392=ORIENTED_EDGE('',*,*,#1265,.F.);
#1393=EDGE_LOOP('',(#1384,#1390,#1391,#1392));
#1394=FACE_OUTER_BOUND('',#1393,.T.);
#1395=ADVANCED_FACE('',(#1394),#1383,.T.);
#1396=CARTESIAN_POINT('',(0.241215473081808,0.050709257948884,-0.036495466460565));
#1397=DIRECTION('',(1.242162E-016,0.707106781186548,-0.707106781186547));
#1398=DIRECTION('',(-1.0,0.0,0.0));
#1399=AXIS2_PLACEMENT_3D('',#1396,#1397,#1398);
#1400=PLANE('',#1399);
#1401=ORIENTED_EDGE('',*,*,#998,.F.);
#1402=CARTESIAN_POINT('',(0.236108554626984,0.087204724409449,0.0));
#1403=DIRECTION('',(-1.0,0.0,0.0));
#1404=VECTOR('',#1403,0.102138369096487);
#1405=LINE('',#1402,#1404);
#1406=EDGE_CURVE('',#1142,#984,#1405,.T.);
#1407=ORIENTED_EDGE('',*,*,#1406,.F.);
#1408=ORIENTED_EDGE('',*,*,#1161,.F.);
#1409=ORIENTED_EDGE('',*,*,#1287,.F.);
#1410=EDGE_LOOP('',(#1401,#1407,#1408,#1409));
#1411=FACE_OUTER_BOUND('',#1410,.T.);
#1412=ADVANCED_FACE('',(#1411),#1400,.T.);
#1413=CARTESIAN_POINT('',(0.201496062992126,-0.03996062992126,-0.128661417322835));
#1414=DIRECTION('',(0.0,-1.0,0.0));
#1415=DIRECTION('',(0.0,0.0,-1.0));
#1416=AXIS2_PLACEMENT_3D('',#1413,#1414,#1415);
#1417=PLANE('',#1416);
#1418=ORIENTED_EDGE('',*,*,#1368,.T.);
#1419=CARTESIAN_POINT('',(0.17007874015748,-0.03996062992126,-0.124409448818898));
#1420=VERTEX_POINT('',#1419);
#1421=CARTESIAN_POINT('',(0.17007874015748,-0.03996062992126,-0.039370078740157));
#1422=DIRECTION('',(0.0,0.0,-1.0));
#1423=VECTOR('',#1422,0.085039370078741);
#1424=LINE('',#1421,#1423);
#1425=EDGE_CURVE('',#1355,#1420,#1424,.T.);
#1426=ORIENTED_EDGE('',*,*,#1425,.T.);
#1427=CARTESIAN_POINT('',(0.2,-0.03996062992126,-0.124409448818898));
#1428=VERTEX_POINT('',#1427);
#1429=CARTESIAN_POINT('',(0.2,-0.03996062992126,-0.124409448818898));
#1430=DIRECTION('',(-1.0,0.0,0.0));
#1431=VECTOR('',#1430,0.02992125984252);
#1432=LINE('',#1429,#1431);
#1433=EDGE_CURVE('',#1428,#1420,#1432,.T.);
#1434=ORIENTED_EDGE('',*,*,#1433,.F.);
#1435=CARTESIAN_POINT('',(0.2,-0.03996062992126,-0.039370078740157));
#1436=DIRECTION('',(0.0,0.0,-1.0));
#1437=VECTOR('',#1436,0.085039370078741);
#1438=LINE('',#1435,#1437);
#1439=EDGE_CURVE('',#1363,#1428,#1438,.T.);
#1440=ORIENTED_EDGE('',*,*,#1439,.F.);
#1441=EDGE_LOOP('',(#1418,#1426,#1434,#1440));
#1442=FACE_OUTER_BOUND('',#1441,.T.);
#1443=ADVANCED_FACE('',(#1442),#1417,.T.);
#1444=CARTESIAN_POINT('',(0.17007874015748,-0.043956692913386,-0.161732283464567));
#1445=DIRECTION('',(-1.0,0.0,0.0));
#1446=DIRECTION('',(0.0,0.0,1.0));
#1447=AXIS2_PLACEMENT_3D('',#1444,#1445,#1446);
#1448=PLANE('',#1447);
#1449=ORIENTED_EDGE('',*,*,#1360,.T.);
#1450=CARTESIAN_POINT('',(0.17007874015748,0.03996062992126,-0.124409448818898));
#1451=VERTEX_POINT('',#1450);
#1452=CARTESIAN_POINT('',(0.17007874015748,0.03996062992126,-0.039370078740157));
#1453=DIRECTION('',(0.0,0.0,-1.0));
#1454=VECTOR('',#1453,0.085039370078741);
#1455=LINE('',#1452,#1454);
#1456=EDGE_CURVE('',#1345,#1451,#1455,.T.);
#1457=ORIENTED_EDGE('',*,*,#1456,.T.);
#1458=CARTESIAN_POINT('',(0.17007874015748,0.008464566929134,-0.155905511811024));
#1459=VERTEX_POINT('',#1458);
#1460=CARTESIAN_POINT('',(0.17007874015748,0.008464566929134,-0.124409448818898));
#1461=DIRECTION('',(1.0,0.0,0.0));
#1462=DIRECTION('',(0.0,0.707106781186548,-0.707106781186547));
#1463=AXIS2_PLACEMENT_3D('',#1460,#1461,#1462);
#1464=CIRCLE('',#1463,0.031496062992126);
#1465=EDGE_CURVE('',#1459,#1451,#1464,.T.);
#1466=ORIENTED_EDGE('',*,*,#1465,.F.);
#1467=CARTESIAN_POINT('',(0.17007874015748,-0.008464566929134,-0.155905511811024));
#1468=VERTEX_POINT('',#1467);
#1469=CARTESIAN_POINT('',(0.17007874015748,0.008464566929134,-0.155905511811024));
#1470=DIRECTION('',(0.0,-1.0,0.0));
#1471=VECTOR('',#1470,0.016929133858268);
#1472=LINE('',#1469,#1471);
#1473=EDGE_CURVE('',#1459,#1468,#1472,.T.);
#1474=ORIENTED_EDGE('',*,*,#1473,.T.);
#1475=CARTESIAN_POINT('',(0.17007874015748,-0.008464566929134,-0.124409448818898));
#1476=DIRECTION('',(1.0,0.0,0.0));
#1477=DIRECTION('',(0.0,-0.707106781186548,-0.707106781186547));
#1478=AXIS2_PLACEMENT_3D('',#1475,#1476,#1477);
#1479=CIRCLE('',#1478,0.031496062992126);
#1480=EDGE_CURVE('',#1420,#1468,#1479,.T.);
#1481=ORIENTED_EDGE('',*,*,#1480,.F.);
#1482=ORIENTED_EDGE('',*,*,#1425,.F.);
#1483=EDGE_LOOP('',(#1449,#1457,#1466,#1474,#1481,#1482));
#1484=FACE_OUTER_BOUND('',#1483,.T.);
#1485=CARTESIAN_POINT('',(0.17007874015748,-0.023425196850394,-0.108661417322835));
#1486=VERTEX_POINT('',#1485);
#1487=CARTESIAN_POINT('',(0.17007874015748,0.023425196850394,-0.108661417322835));
#1488=VERTEX_POINT('',#1487);
#1489=CARTESIAN_POINT('',(0.17007874015748,-4.370957E-017,-0.108661417322835));
#1490=DIRECTION('',(1.0,0.0,0.0));
#1491=DIRECTION('',(0.0,1.0,0.0));
#1492=AXIS2_PLACEMENT_3D('',#1489,#1490,#1491);
#1493=CIRCLE('',#1492,0.023425196850394);
#1494=EDGE_CURVE('',#1486,#1488,#1493,.T.);
#1495=ORIENTED_EDGE('',*,*,#1494,.T.);
#1496=CARTESIAN_POINT('',(0.17007874015748,0.023425196850394,-0.07755905511811));
#1497=VERTEX_POINT('',#1496);
#1498=CARTESIAN_POINT('',(0.17007874015748,0.023425196850394,-0.108661417322835));
#1499=DIRECTION('',(0.0,0.0,1.0));
#1500=VECTOR('',#1499,0.031102362204725);
#1501=LINE('',#1498,#1500);
#1502=EDGE_CURVE('',#1488,#1497,#1501,.T.);
#1503=ORIENTED_EDGE('',*,*,#1502,.T.);
#1504=CARTESIAN_POINT('',(0.17007874015748,-0.023425196850394,-0.07755905511811));
#1505=VERTEX_POINT('',#1504);
#1506=CARTESIAN_POINT('',(0.17007874015748,-5.463697E-017,-0.07755905511811));
#1507=DIRECTION('',(1.0,0.0,0.0));
#1508=DIRECTION('',(0.0,-1.0,0.0));
#1509=AXIS2_PLACEMENT_3D('',#1506,#1507,#1508);
#1510=CIRCLE('',#1509,0.023425196850394);
#1511=EDGE_CURVE('',#1497,#1505,#1510,.T.);
#1512=ORIENTED_EDGE('',*,*,#1511,.T.);
#1513=CARTESIAN_POINT('',(0.17007874015748,-0.023425196850394,-0.07755905511811));
#1514=DIRECTION('',(0.0,0.0,-1.0));
#1515=VECTOR('',#1514,0.031102362204725);
#1516=LINE('',#1513,#1515);
#1517=EDGE_CURVE('',#1505,#1486,#1516,.T.);
#1518=ORIENTED_EDGE('',*,*,#1517,.T.);
#1519=EDGE_LOOP('',(#1495,#1503,#1512,#1518));
#1520=FACE_BOUND('',#1519,.T.);
#1521=ADVANCED_FACE('',(#1484,#1520),#1448,.T.);
#1522=CARTESIAN_POINT('',(0.168582677165354,-0.008464566929134,-0.124409448818898));
#1523=DIRECTION('',(1.0,0.0,0.0));
#1524=DIRECTION('',(0.0,0.707106781186547,0.707106781186548));
#1525=AXIS2_PLACEMENT_3D('',#1522,#1523,#1524);
#1526=CYLINDRICAL_SURFACE('',#1525,0.031496062992126);
#1527=CARTESIAN_POINT('',(0.2,-0.008464566929134,-0.155905511811024));
#1528=VERTEX_POINT('',#1527);
#1529=CARTESIAN_POINT('',(0.2,-0.008464566929134,-0.124409448818898));
#1530=DIRECTION('',(-1.0,0.0,0.0));
#1531=DIRECTION('',(0.0,-0.707106781186548,-0.707106781186547));
#1532=AXIS2_PLACEMENT_3D('',#1529,#1530,#1531);
#1533=CIRCLE('',#1532,0.031496062992126);
#1534=EDGE_CURVE('',#1528,#1428,#1533,.T.);
#1535=ORIENTED_EDGE('',*,*,#1534,.T.);
#1536=ORIENTED_EDGE('',*,*,#1433,.T.);
#1537=ORIENTED_EDGE('',*,*,#1480,.T.);
#1538=CARTESIAN_POINT('',(0.17007874015748,-0.008464566929134,-0.155905511811024));
#1539=DIRECTION('',(1.0,0.0,0.0));
#1540=VECTOR('',#1539,0.02992125984252);
#1541=LINE('',#1538,#1540);
#1542=EDGE_CURVE('',#1468,#1528,#1541,.T.);
#1543=ORIENTED_EDGE('',*,*,#1542,.T.);
#1544=EDGE_LOOP('',(#1535,#1536,#1537,#1543));
#1545=FACE_OUTER_BOUND('',#1544,.T.);
#1546=ADVANCED_FACE('',(#1545),#1526,.T.);
#1547=CARTESIAN_POINT('',(0.201496062992126,-0.009311023622047,-0.155905511811024));
#1548=DIRECTION('',(0.0,0.0,-1.0));
#1549=DIRECTION('',(-1.0,0.0,0.0));
#1550=AXIS2_PLACEMENT_3D('',#1547,#1548,#1549);
#1551=PLANE('',#1550);
#1552=ORIENTED_EDGE('',*,*,#1542,.F.);
#1553=ORIENTED_EDGE('',*,*,#1473,.F.);
#1554=CARTESIAN_POINT('',(0.2,0.008464566929134,-0.155905511811024));
#1555=VERTEX_POINT('',#1554);
#1556=CARTESIAN_POINT('',(0.2,0.008464566929134,-0.155905511811024));
#1557=DIRECTION('',(-1.0,0.0,0.0));
#1558=VECTOR('',#1557,0.02992125984252);
#1559=LINE('',#1556,#1558);
#1560=EDGE_CURVE('',#1555,#1459,#1559,.T.);
#1561=ORIENTED_EDGE('',*,*,#1560,.F.);
#1562=CARTESIAN_POINT('',(0.2,-0.008464566929134,-0.155905511811024));
#1563=DIRECTION('',(0.0,1.0,0.0));
#1564=VECTOR('',#1563,0.016929133858268);
#1565=LINE('',#1562,#1564);
#1566=EDGE_CURVE('',#1528,#1555,#1565,.T.);
#1567=ORIENTED_EDGE('',*,*,#1566,.F.);
#1568=EDGE_LOOP('',(#1552,#1553,#1561,#1567));
#1569=FACE_OUTER_BOUND('',#1568,.T.);
#1570=ADVANCED_FACE('',(#1569),#1551,.T.);
#1571=CARTESIAN_POINT('',(0.201496062992126,0.008464566929134,-0.124409448818898));
#1572=DIRECTION('',(-1.0,0.0,0.0));
#1573=DIRECTION('',(0.0,-0.707106781186547,0.707106781186548));
#1574=AXIS2_PLACEMENT_3D('',#1571,#1572,#1573);
#1575=CYLINDRICAL_SURFACE('',#1574,0.031496062992126);
#1576=ORIENTED_EDGE('',*,*,#1465,.T.);
#1577=CARTESIAN_POINT('',(0.2,0.03996062992126,-0.124409448818898));
#1578=VERTEX_POINT('',#1577);
#1579=CARTESIAN_POINT('',(0.17007874015748,0.03996062992126,-0.124409448818898));
#1580=DIRECTION('',(1.0,0.0,0.0));
#1581=VECTOR('',#1580,0.02992125984252);
#1582=LINE('',#1579,#1581);
#1583=EDGE_CURVE('',#1451,#1578,#1582,.T.);
#1584=ORIENTED_EDGE('',*,*,#1583,.T.);
#1585=CARTESIAN_POINT('',(0.2,0.008464566929134,-0.124409448818898));
#1586=DIRECTION('',(-1.0,0.0,0.0));
#1587=DIRECTION('',(0.0,0.707106781186548,-0.707106781186547));
#1588=AXIS2_PLACEMENT_3D('',#1585,#1586,#1587);
#1589=CIRCLE('',#1588,0.031496062992126);
#1590=EDGE_CURVE('',#1578,#1555,#1589,.T.);
#1591=ORIENTED_EDGE('',*,*,#1590,.T.);
#1592=ORIENTED_EDGE('',*,*,#1560,.T.);
#1593=EDGE_LOOP('',(#1576,#1584,#1591,#1592));
#1594=FACE_OUTER_BOUND('',#1593,.T.);
#1595=ADVANCED_FACE('',(#1594),#1575,.T.);
#1596=CARTESIAN_POINT('',(0.201496062992126,0.03996062992126,-0.03511811023622));
#1597=DIRECTION('',(0.0,1.0,0.0));
#1598=DIRECTION('',(0.0,0.0,1.0));
#1599=AXIS2_PLACEMENT_3D('',#1596,#1597,#1598);
#1600=PLANE('',#1599);
#1601=ORIENTED_EDGE('',*,*,#1352,.T.);
#1602=CARTESIAN_POINT('',(0.2,0.03996062992126,-0.039370078740157));
#1603=DIRECTION('',(0.0,0.0,-1.0));
#1604=VECTOR('',#1603,0.085039370078741);
#1605=LINE('',#1602,#1604);
#1606=EDGE_CURVE('',#1347,#1578,#1605,.T.);
#1607=ORIENTED_EDGE('',*,*,#1606,.T.);
#1608=ORIENTED_EDGE('',*,*,#1583,.F.);
#1609=ORIENTED_EDGE('',*,*,#1456,.F.);
#1610=EDGE_LOOP('',(#1601,#1607,#1608,#1609));
#1611=FACE_OUTER_BOUND('',#1610,.T.);
#1612=ADVANCED_FACE('',(#1611),#1600,.T.);
#1613=CARTESIAN_POINT('',(0.2,-0.043956692913386,-0.033543307086614));
#1614=DIRECTION('',(1.0,0.0,0.0));
#1615=DIRECTION('',(0.0,0.0,-1.0));
#1616=AXIS2_PLACEMENT_3D('',#1613,#1614,#1615);
#1617=PLANE('',#1616);
#1618=ORIENTED_EDGE('',*,*,#1374,.T.);
#1619=ORIENTED_EDGE('',*,*,#1439,.T.);
#1620=ORIENTED_EDGE('',*,*,#1534,.F.);
#1621=ORIENTED_EDGE('',*,*,#1566,.T.);
#1622=ORIENTED_EDGE('',*,*,#1590,.F.);
#1623=ORIENTED_EDGE('',*,*,#1606,.F.);
#1624=EDGE_LOOP('',(#1618,#1619,#1620,#1621,#1622,#1623));
#1625=FACE_OUTER_BOUND('',#1624,.T.);
#1626=CARTESIAN_POINT('',(0.2,0.023425196850394,-0.108661417322835));
#1627=VERTEX_POINT('',#1626);
#1628=CARTESIAN_POINT('',(0.2,-0.023425196850394,-0.108661417322835));
#1629=VERTEX_POINT('',#1628);
#1630=CARTESIAN_POINT('',(0.2,-4.370957E-017,-0.108661417322835));
#1631=DIRECTION('',(-1.0,0.0,0.0));
#1632=DIRECTION('',(0.0,1.0,0.0));
#1633=AXIS2_PLACEMENT_3D('',#1630,#1631,#1632);
#1634=CIRCLE('',#1633,0.023425196850394);
#1635=EDGE_CURVE('',#1627,#1629,#1634,.T.);
#1636=ORIENTED_EDGE('',*,*,#1635,.T.);
#1637=CARTESIAN_POINT('',(0.2,-0.023425196850394,-0.07755905511811));
#1638=VERTEX_POINT('',#1637);
#1639=CARTESIAN_POINT('',(0.2,-0.023425196850394,-0.108661417322835));
#1640=DIRECTION('',(0.0,0.0,1.0));
#1641=VECTOR('',#1640,0.031102362204725);
#1642=LINE('',#1639,#1641);
#1643=EDGE_CURVE('',#1629,#1638,#1642,.T.);
#1644=ORIENTED_EDGE('',*,*,#1643,.T.);
#1645=CARTESIAN_POINT('',(0.2,0.023425196850394,-0.07755905511811));
#1646=VERTEX_POINT('',#1645);
#1647=CARTESIAN_POINT('',(0.2,-5.463697E-017,-0.07755905511811));
#1648=DIRECTION('',(-1.0,0.0,0.0));
#1649=DIRECTION('',(0.0,-1.0,0.0));
#1650=AXIS2_PLACEMENT_3D('',#1647,#1648,#1649);
#1651=CIRCLE('',#1650,0.023425196850394);
#1652=EDGE_CURVE('',#1638,#1646,#1651,.T.);
#1653=ORIENTED_EDGE('',*,*,#1652,.T.);
#1654=CARTESIAN_POINT('',(0.2,0.023425196850394,-0.07755905511811));
#1655=DIRECTION('',(0.0,0.0,-1.0));
#1656=VECTOR('',#1655,0.031102362204725);
#1657=LINE('',#1654,#1656);
#1658=EDGE_CURVE('',#1646,#1627,#1657,.T.);
#1659=ORIENTED_EDGE('',*,*,#1658,.T.);
#1660=EDGE_LOOP('',(#1636,#1644,#1653,#1659));
#1661=FACE_BOUND('',#1660,.T.);
#1662=ADVANCED_FACE('',(#1625,#1661),#1617,.T.);
#1663=CARTESIAN_POINT('',(0.201496062992126,0.023425196850394,-0.076003937007874));
#1664=DIRECTION('',(0.0,1.0,0.0));
#1665=DIRECTION('',(0.0,0.0,1.0));
#1666=AXIS2_PLACEMENT_3D('',#1663,#1664,#1665);
#1667=PLANE('',#1666);
#1668=ORIENTED_EDGE('',*,*,#1502,.F.);
#1669=CARTESIAN_POINT('',(0.2,0.023425196850394,-0.108661417322835));
#1670=DIRECTION('',(-1.0,0.0,0.0));
#1671=VECTOR('',#1670,0.02992125984252);
#1672=LINE('',#1669,#1671);
#1673=EDGE_CURVE('',#1627,#1488,#1672,.T.);
#1674=ORIENTED_EDGE('',*,*,#1673,.F.);
#1675=ORIENTED_EDGE('',*,*,#1658,.F.);
#1676=CARTESIAN_POINT('',(0.2,0.023425196850394,-0.07755905511811));
#1677=DIRECTION('',(-1.0,0.0,0.0));
#1678=VECTOR('',#1677,0.02992125984252);
#1679=LINE('',#1676,#1678);
#1680=EDGE_CURVE('',#1646,#1497,#1679,.T.);
#1681=ORIENTED_EDGE('',*,*,#1680,.T.);
#1682=EDGE_LOOP('',(#1668,#1674,#1675,#1681));
#1683=FACE_OUTER_BOUND('',#1682,.T.);
#1684=ADVANCED_FACE('',(#1683),#1667,.F.);
#1685=CARTESIAN_POINT('',(0.201496062992126,-4.163336E-017,-0.108661417322835));
#1686=DIRECTION('',(-1.0,0.0,0.0));
#1687=DIRECTION('',(0.0,0.0,1.0));
#1688=AXIS2_PLACEMENT_3D('',#1685,#1686,#1687);
#1689=CYLINDRICAL_SURFACE('',#1688,0.023425196850394);
#1690=ORIENTED_EDGE('',*,*,#1494,.F.);
#1691=CARTESIAN_POINT('',(0.2,-0.023425196850394,-0.108661417322835));
#1692=DIRECTION('',(-1.0,0.0,0.0));
#1693=VECTOR('',#1692,0.02992125984252);
#1694=LINE('',#1691,#1693);
#1695=EDGE_CURVE('',#1629,#1486,#1694,.T.);
#1696=ORIENTED_EDGE('',*,*,#1695,.F.);
#1697=ORIENTED_EDGE('',*,*,#1635,.F.);
#1698=ORIENTED_EDGE('',*,*,#1673,.T.);
#1699=EDGE_LOOP('',(#1690,#1696,#1697,#1698));
#1700=FACE_OUTER_BOUND('',#1699,.T.);
#1701=ADVANCED_FACE('',(#1700),#1689,.F.);
#1702=CARTESIAN_POINT('',(0.201496062992126,-0.023425196850394,-0.110216535433071));
#1703=DIRECTION('',(0.0,-1.0,0.0));
#1704=DIRECTION('',(0.0,0.0,-1.0));
#1705=AXIS2_PLACEMENT_3D('',#1702,#1703,#1704);
#1706=PLANE('',#1705);
#1707=ORIENTED_EDGE('',*,*,#1517,.F.);
#1708=CARTESIAN_POINT('',(0.2,-0.023425196850394,-0.07755905511811));
#1709=DIRECTION('',(-1.0,0.0,0.0));
#1710=VECTOR('',#1709,0.02992125984252);
#1711=LINE('',#1708,#1710);
#1712=EDGE_CURVE('',#1638,#1505,#1711,.T.);
#1713=ORIENTED_EDGE('',*,*,#1712,.F.);
#1714=ORIENTED_EDGE('',*,*,#1643,.F.);
#1715=ORIENTED_EDGE('',*,*,#1695,.T.);
#1716=EDGE_LOOP('',(#1707,#1713,#1714,#1715));
#1717=FACE_OUTER_BOUND('',#1716,.T.);
#1718=ADVANCED_FACE('',(#1717),#1706,.F.);
#1719=CARTESIAN_POINT('',(0.201496062992126,-5.551115E-017,-0.07755905511811));
#1720=DIRECTION('',(-1.0,0.0,0.0));
#1721=DIRECTION('',(0.0,0.0,-1.0));
#1722=AXIS2_PLACEMENT_3D('',#1719,#1720,#1721);
#1723=CYLINDRICAL_SURFACE('',#1722,0.023425196850394);
#1724=ORIENTED_EDGE('',*,*,#1511,.F.);
#1725=ORIENTED_EDGE('',*,*,#1680,.F.);
#1726=ORIENTED_EDGE('',*,*,#1652,.F.);
#1727=ORIENTED_EDGE('',*,*,#1712,.T.);
#1728=EDGE_LOOP('',(#1724,#1725,#1726,#1727));
#1729=FACE_OUTER_BOUND('',#1728,.T.);
#1730=ADVANCED_FACE('',(#1729),#1723,.F.);
#1731=CARTESIAN_POINT('',(0.062453362674615,0.069722222901574,0.0));
#1732=DIRECTION('',(0.0,0.0,-1.0));
#1733=DIRECTION('',(-1.0,0.0,0.0));
#1734=AXIS2_PLACEMENT_3D('',#1731,#1732,#1733);
#1735=PLANE('',#1734);
#1736=CARTESIAN_POINT('',(0.05723195910612,0.085730928612062,6.829620E-019));
#1737=VERTEX_POINT('',#1736);
#1738=CARTESIAN_POINT('',(0.058482099305224,0.079691911963518,0.0));
#1739=VERTEX_POINT('',#1738);
#1740=CARTESIAN_POINT('',(0.05723195910612,0.085730928612062,0.0));
#1741=DIRECTION('',(0.202712658346391,-0.979238264237126,0.0));
#1742=VECTOR('',#1741,0.006167055423685);
#1743=LINE('',#1740,#1742);
#1744=EDGE_CURVE('',#1737,#1739,#1743,.T.);
#1745=ORIENTED_EDGE('',*,*,#1744,.T.);
#1746=CARTESIAN_POINT('',(0.062204724409449,0.070484542221121,0.0));
#1747=VERTEX_POINT('',#1746);
#1748=CARTESIAN_POINT('',(0.085629921259842,0.085311797702994,0.0));
#1749=DIRECTION('',(0.0,0.0,1.0));
#1750=DIRECTION('',(0.979238264237121,-0.202712658346413,0.0));
#1751=AXIS2_PLACEMENT_3D('',#1748,#1749,#1750);
#1752=CIRCLE('',#1751,0.027723408026511);
#1753=EDGE_CURVE('',#1739,#1747,#1752,.T.);
#1754=ORIENTED_EDGE('',*,*,#1753,.T.);
#1755=CARTESIAN_POINT('',(0.062204724409449,0.076069184548243,-1.942648E-018));
#1756=VERTEX_POINT('',#1755);
#1757=CARTESIAN_POINT('',(0.062204724409449,0.070484542221121,0.0));
#1758=DIRECTION('',(0.0,1.0,0.0));
#1759=VECTOR('',#1758,0.005584642327122);
#1760=LINE('',#1757,#1759);
#1761=EDGE_CURVE('',#1747,#1756,#1760,.T.);
#1762=ORIENTED_EDGE('',*,*,#1761,.T.);
#1763=CARTESIAN_POINT('',(0.039933644687038,0.064933644687038,0.0));
#1764=DIRECTION('',(0.0,0.0,-1.0));
#1765=DIRECTION('',(0.707106781186548,0.707106781186547,0.0));
#1766=AXIS2_PLACEMENT_3D('',#1763,#1764,#1765);
#1767=ELLIPSE('',#1766,0.027276390670376,0.015748031496063);
#1768=EDGE_CURVE('',#1737,#1756,#1767,.T.);
#1769=ORIENTED_EDGE('',*,*,#1768,.F.);
#1770=EDGE_LOOP('',(#1745,#1754,#1762,#1769));
#1771=FACE_OUTER_BOUND('',#1770,.T.);
#1772=ADVANCED_FACE('',(#1771),#1735,.F.);
#1773=CARTESIAN_POINT('',(-1.006287E-045,-3.864132E-017,0.0));
#1774=DIRECTION('',(0.0,0.0,-1.0));
#1775=DIRECTION('',(-1.0,0.0,0.0));
#1776=AXIS2_PLACEMENT_3D('',#1773,#1774,#1775);
#1777=PLANE('',#1776);
#1778=CARTESIAN_POINT('',(-0.062204724409449,0.070484542221114,0.0));
#1779=VERTEX_POINT('',#1778);
#1780=CARTESIAN_POINT('',(-0.058482099305222,0.079691911963516,0.0));
#1781=VERTEX_POINT('',#1780);
#1782=CARTESIAN_POINT('',(-0.085629921259835,0.085311797702997,0.0));
#1783=DIRECTION('',(0.0,0.0,1.0));
#1784=DIRECTION('',(-0.979238264237078,0.202712658346623,0.0));
#1785=AXIS2_PLACEMENT_3D('',#1782,#1783,#1784);
#1786=CIRCLE('',#1785,0.027723408026511);
#1787=EDGE_CURVE('',#1779,#1781,#1786,.T.);
#1788=ORIENTED_EDGE('',*,*,#1787,.T.);
#1789=CARTESIAN_POINT('',(-0.057231959106118,0.085730928612063,-1.707404E-019));
#1790=VERTEX_POINT('',#1789);
#1791=CARTESIAN_POINT('',(-0.058482099305224,0.079691911963516,0.0));
#1792=DIRECTION('',(0.202712658346355,0.979238264237133,0.0));
#1793=VECTOR('',#1792,0.006167055423688);
#1794=LINE('',#1791,#1793);
#1795=EDGE_CURVE('',#1781,#1790,#1794,.T.);
#1796=ORIENTED_EDGE('',*,*,#1795,.T.);
#1797=CARTESIAN_POINT('',(-0.062204724409449,0.076069184548243,-2.276539E-019));
#1798=VERTEX_POINT('',#1797);
#1799=CARTESIAN_POINT('',(-0.039933644687038,0.064933644687038,-6.829618E-019));
#1800=DIRECTION('',(0.0,0.0,-1.0));
#1801=DIRECTION('',(-0.707106781186547,0.707106781186548,0.0));
#1802=AXIS2_PLACEMENT_3D('',#1799,#1800,#1801);
#1803=ELLIPSE('',#1802,0.027276390670376,0.015748031496063);
#1804=EDGE_CURVE('',#1798,#1790,#1803,.T.);
#1805=ORIENTED_EDGE('',*,*,#1804,.F.);
#1806=CARTESIAN_POINT('',(-0.062204724409449,0.076069184548243,0.0));
#1807=DIRECTION('',(0.0,-1.0,0.0));
#1808=VECTOR('',#1807,0.005584642327129);
#1809=LINE('',#1806,#1808);
#1810=EDGE_CURVE('',#1798,#1779,#1809,.T.);
#1811=ORIENTED_EDGE('',*,*,#1810,.T.);
#1812=EDGE_LOOP('',(#1788,#1796,#1805,#1811));
#1813=FACE_OUTER_BOUND('',#1812,.T.);
#1814=ADVANCED_FACE('',(#1813),#1777,.F.);
#1815=CARTESIAN_POINT('',(0.062453362674615,-0.086493247931609,0.0));
#1816=DIRECTION('',(0.0,0.0,-1.0));
#1817=DIRECTION('',(-1.0,0.0,0.0));
#1818=AXIS2_PLACEMENT_3D('',#1815,#1816,#1817);
#1819=PLANE('',#1818);
#1820=CARTESIAN_POINT('',(0.058482099305224,-0.079691911963519,0.0));
#1821=VERTEX_POINT('',#1820);
#1822=CARTESIAN_POINT('',(0.05723195910612,-0.085730928612062,0.0));
#1823=VERTEX_POINT('',#1822);
#1824=CARTESIAN_POINT('',(0.058482099305224,-0.079691911963519,0.0));
#1825=DIRECTION('',(-0.20271265834639,-0.979238264237126,0.0));
#1826=VECTOR('',#1825,0.006167055423684);
#1827=LINE('',#1824,#1826);
#1828=EDGE_CURVE('',#1821,#1823,#1827,.T.);
#1829=ORIENTED_EDGE('',*,*,#1828,.T.);
#1830=CARTESIAN_POINT('',(0.062204724409449,-0.076069184548243,0.0));
#1831=VERTEX_POINT('',#1830);
#1832=CARTESIAN_POINT('',(0.039933644687038,-0.064933644687038,0.0));
#1833=DIRECTION('',(0.0,0.0,-1.0));
#1834=DIRECTION('',(0.707106781186547,-0.707106781186548,0.0));
#1835=AXIS2_PLACEMENT_3D('',#1832,#1833,#1834);
#1836=ELLIPSE('',#1835,0.027276390670376,0.015748031496063);
#1837=EDGE_CURVE('',#1831,#1823,#1836,.T.);
#1838=ORIENTED_EDGE('',*,*,#1837,.F.);
#1839=CARTESIAN_POINT('',(0.062204724409449,-0.070484542221122,0.0));
#1840=VERTEX_POINT('',#1839);
#1841=CARTESIAN_POINT('',(0.062204724409449,-0.076069184548243,0.0));
#1842=DIRECTION('',(0.0,1.0,0.0));
#1843=VECTOR('',#1842,0.005584642327121);
#1844=LINE('',#1841,#1843);
#1845=EDGE_CURVE('',#1831,#1840,#1844,.T.);
#1846=ORIENTED_EDGE('',*,*,#1845,.T.);
#1847=CARTESIAN_POINT('',(0.085629921259842,-0.085311797702995,0.0));
#1848=DIRECTION('',(0.0,0.0,1.0));
#1849=DIRECTION('',(-0.979238264237122,0.202712658346409,0.0));
#1850=AXIS2_PLACEMENT_3D('',#1847,#1848,#1849);
#1851=CIRCLE('',#1850,0.027723408026511);
#1852=EDGE_CURVE('',#1840,#1821,#1851,.T.);
#1853=ORIENTED_EDGE('',*,*,#1852,.T.);
#1854=EDGE_LOOP('',(#1829,#1838,#1846,#1853));
#1855=FACE_OUTER_BOUND('',#1854,.T.);
#1856=ADVANCED_FACE('',(#1855),#1819,.F.);
#1857=CARTESIAN_POINT('',(-0.016311597442943,0.041311597442943,-0.023622047244094));
#1858=DIRECTION('',(1.0,0.0,0.0));
#1859=DIRECTION('',(0.0,-1.0,0.0));
#1860=AXIS2_PLACEMENT_3D('',#1857,#1858,#1859);
#1861=SPHERICAL_SURFACE('',#1860,0.015748031496063);
#1862=CARTESIAN_POINT('',(-0.027447137304149,0.041311597442943,-0.0347575871053));
#1863=VERTEX_POINT('',#1862);
#1864=CARTESIAN_POINT('',(-0.016311597442943,0.041311597442943,-0.039370078740157));
#1865=VERTEX_POINT('',#1864);
#1866=CARTESIAN_POINT('',(-0.016311597442943,0.041311597442943,-0.023622047244094));
#1867=DIRECTION('',(0.0,-1.0,0.0));
#1868=DIRECTION('',(-0.707106781186548,0.0,-0.707106781186547));
#1869=AXIS2_PLACEMENT_3D('',#1866,#1867,#1868);
#1870=CIRCLE('',#1869,0.015748031496063);
#1871=EDGE_CURVE('',#1863,#1865,#1870,.T.);
#1872=ORIENTED_EDGE('',*,*,#1871,.F.);
#1873=CARTESIAN_POINT('',(-0.016311597442943,0.052447137304149,-0.0347575871053));
#1874=VERTEX_POINT('',#1873);
#1875=CARTESIAN_POINT('',(-0.016311597442943,0.041311597442943,-0.023622047244094));
#1876=DIRECTION('',(-0.577350269189625,0.577350269189627,0.577350269189626));
#1877=DIRECTION('',(2.563950E-016,0.707106781186547,-0.707106781186548));
#1878=AXIS2_PLACEMENT_3D('',#1875,#1876,#1877);
#1879=CIRCLE('',#1878,0.015748031496063);
#1880=EDGE_CURVE('',#1874,#1863,#1879,.T.);
#1881=ORIENTED_EDGE('',*,*,#1880,.F.);
#1882=CARTESIAN_POINT('',(-0.016311597442943,0.041311597442943,-0.023622047244094));
#1883=DIRECTION('',(1.0,0.0,0.0));
#1884=DIRECTION('',(0.0,0.0,-1.0));
#1885=AXIS2_PLACEMENT_3D('',#1882,#1883,#1884);
#1886=CIRCLE('',#1885,0.015748031496063);
#1887=EDGE_CURVE('',#1865,#1874,#1886,.T.);
#1888=ORIENTED_EDGE('',*,*,#1887,.F.);
#1889=EDGE_LOOP('',(#1872,#1881,#1888));
#1890=FACE_OUTER_BOUND('',#1889,.T.);
#1891=ADVANCED_FACE('',(#1890),#1861,.T.);
#1892=CARTESIAN_POINT('',(-0.054615599558567,0.079615599558567,0.014681954871529));
#1893=DIRECTION('',(0.577350269189626,-0.577350269189626,-0.577350269189626));
#1894=DIRECTION('',(0.408248290463864,-0.408248290463862,0.816496580927726));
#1895=AXIS2_PLACEMENT_3D('',#1892,#1893,#1894);
#1896=CYLINDRICAL_SURFACE('',#1895,0.015748031496063);
#1897=ORIENTED_EDGE('',*,*,#1804,.T.);
#1898=CARTESIAN_POINT('',(-0.051069184548243,0.087204724409449,2.158497E-019));
#1899=VERTEX_POINT('',#1898);
#1900=CARTESIAN_POINT('',(-0.039933644687038,0.064933644687038,0.0));
#1901=DIRECTION('',(0.0,0.0,1.0));
#1902=DIRECTION('',(-0.707106781186548,0.707106781186548,0.0));
#1903=AXIS2_PLACEMENT_3D('',#1900,#1901,#1902);
#1904=ELLIPSE('',#1903,0.027276390670376,0.015748031496063);
#1905=EDGE_CURVE('',#1899,#1790,#1904,.T.);
#1906=ORIENTED_EDGE('',*,*,#1905,.F.);
#1907=CARTESIAN_POINT('',(-0.051069184548243,0.087204724409449,-1.568710E-017));
#1908=DIRECTION('',(0.577350269189626,-0.577350269189626,-0.577350269189626));
#1909=VECTOR('',#1908,0.06020190681488);
#1910=LINE('',#1907,#1909);
#1911=EDGE_CURVE('',#1899,#1874,#1910,.T.);
#1912=ORIENTED_EDGE('',*,*,#1911,.T.);
#1913=ORIENTED_EDGE('',*,*,#1880,.T.);
#1914=CARTESIAN_POINT('',(-0.027447137304149,0.041311597442943,-0.0347575871053));
#1915=DIRECTION('',(-0.577350269189626,0.577350269189626,0.577350269189626));
#1916=VECTOR('',#1915,0.06020190681488);
#1917=LINE('',#1914,#1916);
#1918=EDGE_CURVE('',#1863,#1798,#1917,.T.);
#1919=ORIENTED_EDGE('',*,*,#1918,.T.);
#1920=EDGE_LOOP('',(#1897,#1906,#1912,#1913,#1919));
#1921=FACE_OUTER_BOUND('',#1920,.T.);
#1922=ADVANCED_FACE('',(#1921),#1896,.T.);
#1923=CARTESIAN_POINT('',(-0.016311597442943,-0.041311597442943,-0.023622047244094));
#1924=DIRECTION('',(1.0,0.0,0.0));
#1925=DIRECTION('',(0.0,-1.0,0.0));
#1926=AXIS2_PLACEMENT_3D('',#1923,#1924,#1925);
#1927=SPHERICAL_SURFACE('',#1926,0.015748031496063);
#1928=CARTESIAN_POINT('',(-0.016311597442943,-0.052447137304149,-0.0347575871053));
#1929=VERTEX_POINT('',#1928);
#1930=CARTESIAN_POINT('',(-0.016311597442943,-0.041311597442943,-0.039370078740157));
#1931=VERTEX_POINT('',#1930);
#1932=CARTESIAN_POINT('',(-0.016311597442943,-0.041311597442943,-0.023622047244094));
#1933=DIRECTION('',(1.0,0.0,0.0));
#1934=DIRECTION('',(0.0,-0.707106781186547,-0.707106781186548));
#1935=AXIS2_PLACEMENT_3D('',#1932,#1933,#1934);
#1936=CIRCLE('',#1935,0.015748031496063);
#1937=EDGE_CURVE('',#1929,#1931,#1936,.T.);
#1938=ORIENTED_EDGE('',*,*,#1937,.F.);
#1939=CARTESIAN_POINT('',(-0.027447137304149,-0.041311597442943,-0.0347575871053));
#1940=VERTEX_POINT('',#1939);
#1941=CARTESIAN_POINT('',(-0.016311597442943,-0.041311597442943,-0.023622047244094));
#1942=DIRECTION('',(-0.577350269189626,-0.577350269189626,0.577350269189626));
#1943=DIRECTION('',(-0.707106781186548,0.0,-0.707106781186548));
#1944=AXIS2_PLACEMENT_3D('',#1941,#1942,#1943);
#1945=CIRCLE('',#1944,0.015748031496063);
#1946=EDGE_CURVE('',#1940,#1929,#1945,.T.);
#1947=ORIENTED_EDGE('',*,*,#1946,.F.);
#1948=CARTESIAN_POINT('',(-0.016311597442943,-0.041311597442943,-0.023622047244094));
#1949=DIRECTION('',(0.0,1.0,0.0));
#1950=DIRECTION('',(0.0,0.0,-1.0));
#1951=AXIS2_PLACEMENT_3D('',#1948,#1949,#1950);
#1952=CIRCLE('',#1951,0.015748031496063);
#1953=EDGE_CURVE('',#1931,#1940,#1952,.T.);
#1954=ORIENTED_EDGE('',*,*,#1953,.F.);
#1955=EDGE_LOOP('',(#1938,#1947,#1954));
#1956=FACE_OUTER_BOUND('',#1955,.T.);
#1957=ADVANCED_FACE('',(#1956),#1927,.T.);
#1958=CARTESIAN_POINT('',(-0.054615599558567,-0.079615599558567,0.014681954871529));
#1959=DIRECTION('',(0.577350269189626,0.577350269189626,-0.577350269189626));
#1960=DIRECTION('',(0.408248290463863,0.408248290463863,0.816496580927726));
#1961=AXIS2_PLACEMENT_3D('',#1958,#1959,#1960);
#1962=CYLINDRICAL_SURFACE('',#1961,0.015748031496063);
#1963=CARTESIAN_POINT('',(-0.057231959106119,-0.085730928612062,6.829620E-019));
#1964=VERTEX_POINT('',#1963);
#1965=CARTESIAN_POINT('',(-0.051069184548243,-0.087204724409449,4.134197E-018));
#1966=VERTEX_POINT('',#1965);
#1967=CARTESIAN_POINT('',(-0.039933644687038,-0.064933644687038,2.731848E-018));
#1968=DIRECTION('',(0.0,0.0,1.0));
#1969=DIRECTION('',(-0.707106781186548,-0.707106781186548,0.0));
#1970=AXIS2_PLACEMENT_3D('',#1967,#1968,#1969);
#1971=ELLIPSE('',#1970,0.027276390670376,0.015748031496063);
#1972=EDGE_CURVE('',#1964,#1966,#1971,.T.);
#1973=ORIENTED_EDGE('',*,*,#1972,.F.);
#1974=CARTESIAN_POINT('',(-0.062204724409449,-0.076069184548243,0.0));
#1975=VERTEX_POINT('',#1974);
#1976=CARTESIAN_POINT('',(-0.039933644687038,-0.064933644687038,0.0));
#1977=DIRECTION('',(0.0,0.0,-1.0));
#1978=DIRECTION('',(-0.707106781186548,-0.707106781186547,0.0));
#1979=AXIS2_PLACEMENT_3D('',#1976,#1977,#1978);
#1980=ELLIPSE('',#1979,0.027276390670376,0.015748031496063);
#1981=EDGE_CURVE('',#1964,#1975,#1980,.T.);
#1982=ORIENTED_EDGE('',*,*,#1981,.T.);
#1983=CARTESIAN_POINT('',(-0.062204724409449,-0.076069184548243,0.0));
#1984=DIRECTION('',(0.577350269189626,0.577350269189626,-0.577350269189626));
#1985=VECTOR('',#1984,0.06020190681488);
#1986=LINE('',#1983,#1985);
#1987=EDGE_CURVE('',#1975,#1940,#1986,.T.);
#1988=ORIENTED_EDGE('',*,*,#1987,.T.);
#1989=ORIENTED_EDGE('',*,*,#1946,.T.);
#1990=CARTESIAN_POINT('',(-0.016311597442943,-0.052447137304149,-0.0347575871053));
#1991=DIRECTION('',(-0.577350269189626,-0.577350269189626,0.577350269189626));
#1992=VECTOR('',#1991,0.06020190681488);
#1993=LINE('',#1990,#1992);
#1994=EDGE_CURVE('',#1929,#1966,#1993,.T.);
#1995=ORIENTED_EDGE('',*,*,#1994,.T.);
#1996=EDGE_LOOP('',(#1973,#1982,#1988,#1989,#1995));
#1997=FACE_OUTER_BOUND('',#1996,.T.);
#1998=ADVANCED_FACE('',(#1997),#1962,.T.);
#1999=CARTESIAN_POINT('',(-0.016311597442943,0.043602362204724,-0.023622047244094));
#2000=DIRECTION('',(0.0,-1.0,0.0));
#2001=DIRECTION('',(0.38268343236509,0.0,0.923879532511287));
#2002=AXIS2_PLACEMENT_3D('',#1999,#2000,#2001);
#2003=CYLINDRICAL_SURFACE('',#2002,0.015748031496063);
#2004=ORIENTED_EDGE('',*,*,#1953,.T.);
#2005=CARTESIAN_POINT('',(-0.027447137304149,-0.041311597442943,-0.0347575871053));
#2006=DIRECTION('',(0.0,1.0,0.0));
#2007=VECTOR('',#2006,0.082623194885886);
#2008=LINE('',#2005,#2007);
#2009=EDGE_CURVE('',#1940,#1863,#2008,.T.);
#2010=ORIENTED_EDGE('',*,*,#2009,.T.);
#2011=ORIENTED_EDGE('',*,*,#1871,.T.);
#2012=CARTESIAN_POINT('',(-0.016311597442943,0.041311597442943,-0.039370078740157));
#2013=DIRECTION('',(0.0,-1.0,0.0));
#2014=VECTOR('',#2013,0.082623194885886);
#2015=LINE('',#2012,#2014);
#2016=EDGE_CURVE('',#1865,#1931,#2015,.T.);
#2017=ORIENTED_EDGE('',*,*,#2016,.T.);
#2018=EDGE_LOOP('',(#2004,#2010,#2011,#2017));
#2019=FACE_OUTER_BOUND('',#2018,.T.);
#2020=ADVANCED_FACE('',(#2019),#2003,.T.);
#2021=CARTESIAN_POINT('',(0.016311597442943,0.041311597442943,-0.023622047244094));
#2022=DIRECTION('',(1.0,0.0,0.0));
#2023=DIRECTION('',(0.0,-1.0,0.0));
#2024=AXIS2_PLACEMENT_3D('',#2021,#2022,#2023);
#2025=SPHERICAL_SURFACE('',#2024,0.015748031496063);
#2026=CARTESIAN_POINT('',(0.016311597442943,0.052447137304149,-0.0347575871053));
#2027=VERTEX_POINT('',#2026);
#2028=CARTESIAN_POINT('',(0.016311597442943,0.041311597442943,-0.039370078740157));
#2029=VERTEX_POINT('',#2028);
#2030=CARTESIAN_POINT('',(0.016311597442943,0.041311597442943,-0.023622047244094));
#2031=DIRECTION('',(-1.0,0.0,0.0));
#2032=DIRECTION('',(0.0,0.707106781186547,-0.707106781186548));
#2033=AXIS2_PLACEMENT_3D('',#2030,#2031,#2032);
#2034=CIRCLE('',#2033,0.015748031496063);
#2035=EDGE_CURVE('',#2027,#2029,#2034,.T.);
#2036=ORIENTED_EDGE('',*,*,#2035,.F.);
#2037=CARTESIAN_POINT('',(0.027447137304149,0.041311597442943,-0.0347575871053));
#2038=VERTEX_POINT('',#2037);
#2039=CARTESIAN_POINT('',(0.016311597442943,0.041311597442943,-0.023622047244094));
#2040=DIRECTION('',(0.577350269189626,0.577350269189626,0.577350269189626));
#2041=DIRECTION('',(0.707106781186548,0.0,-0.707106781186548));
#2042=AXIS2_PLACEMENT_3D('',#2039,#2040,#2041);
#2043=CIRCLE('',#2042,0.015748031496063);
#2044=EDGE_CURVE('',#2038,#2027,#2043,.T.);
#2045=ORIENTED_EDGE('',*,*,#2044,.F.);
#2046=CARTESIAN_POINT('',(0.016311597442943,0.041311597442943,-0.023622047244094));
#2047=DIRECTION('',(0.0,-1.0,0.0));
#2048=DIRECTION('',(0.0,0.0,-1.0));
#2049=AXIS2_PLACEMENT_3D('',#2046,#2047,#2048);
#2050=CIRCLE('',#2049,0.015748031496063);
#2051=EDGE_CURVE('',#2029,#2038,#2050,.T.);
#2052=ORIENTED_EDGE('',*,*,#2051,.F.);
#2053=EDGE_LOOP('',(#2036,#2045,#2052));
#2054=FACE_OUTER_BOUND('',#2053,.T.);
#2055=ADVANCED_FACE('',(#2054),#2025,.T.);
#2056=CARTESIAN_POINT('',(0.054615599558567,0.079615599558567,0.014681954871529));
#2057=DIRECTION('',(-0.577350269189626,-0.577350269189626,-0.577350269189626));
#2058=DIRECTION('',(-0.408248290463863,-0.408248290463863,0.816496580927726));
#2059=AXIS2_PLACEMENT_3D('',#2056,#2057,#2058);
#2060=CYLINDRICAL_SURFACE('',#2059,0.015748031496063);
#2061=CARTESIAN_POINT('',(0.051069184548243,0.087204724409449,3.223581E-018));
#2062=VERTEX_POINT('',#2061);
#2063=CARTESIAN_POINT('',(0.039933644687038,0.064933644687038,2.731848E-018));
#2064=DIRECTION('',(0.0,0.0,1.0));
#2065=DIRECTION('',(0.707106781186548,0.707106781186548,0.0));
#2066=AXIS2_PLACEMENT_3D('',#2063,#2064,#2065);
#2067=ELLIPSE('',#2066,0.027276390670376,0.015748031496063);
#2068=EDGE_CURVE('',#1737,#2062,#2067,.T.);
#2069=ORIENTED_EDGE('',*,*,#2068,.F.);
#2070=ORIENTED_EDGE('',*,*,#1768,.T.);
#2071=CARTESIAN_POINT('',(0.062204724409449,0.076069184548243,-5.827943E-018));
#2072=DIRECTION('',(-0.577350269189626,-0.577350269189626,-0.577350269189626));
#2073=VECTOR('',#2072,0.06020190681488);
#2074=LINE('',#2071,#2073);
#2075=EDGE_CURVE('',#1756,#2038,#2074,.T.);
#2076=ORIENTED_EDGE('',*,*,#2075,.T.);
#2077=ORIENTED_EDGE('',*,*,#2044,.T.);
#2078=CARTESIAN_POINT('',(0.016311597442943,0.052447137304149,-0.0347575871053));
#2079=DIRECTION('',(0.577350269189626,0.577350269189626,0.577350269189626));
#2080=VECTOR('',#2079,0.06020190681488);
#2081=LINE('',#2078,#2080);
#2082=EDGE_CURVE('',#2027,#2062,#2081,.T.);
#2083=ORIENTED_EDGE('',*,*,#2082,.T.);
#2084=EDGE_LOOP('',(#2069,#2070,#2076,#2077,#2083));
#2085=FACE_OUTER_BOUND('',#2084,.T.);
#2086=ADVANCED_FACE('',(#2085),#2060,.T.);
#2087=CARTESIAN_POINT('',(0.016311597442943,-0.041311597442943,-0.023622047244094));
#2088=DIRECTION('',(1.0,0.0,0.0));
#2089=DIRECTION('',(0.0,-1.0,0.0));
#2090=AXIS2_PLACEMENT_3D('',#2087,#2088,#2089);
#2091=SPHERICAL_SURFACE('',#2090,0.015748031496063);
#2092=CARTESIAN_POINT('',(0.027447137304149,-0.041311597442943,-0.0347575871053));
#2093=VERTEX_POINT('',#2092);
#2094=CARTESIAN_POINT('',(0.016311597442943,-0.041311597442943,-0.039370078740157));
#2095=VERTEX_POINT('',#2094);
#2096=CARTESIAN_POINT('',(0.016311597442943,-0.041311597442943,-0.023622047244094));
#2097=DIRECTION('',(0.0,1.0,0.0));
#2098=DIRECTION('',(0.707106781186547,0.0,-0.707106781186548));
#2099=AXIS2_PLACEMENT_3D('',#2096,#2097,#2098);
#2100=CIRCLE('',#2099,0.015748031496063);
#2101=EDGE_CURVE('',#2093,#2095,#2100,.T.);
#2102=ORIENTED_EDGE('',*,*,#2101,.F.);
#2103=CARTESIAN_POINT('',(0.016311597442943,-0.052447137304149,-0.0347575871053));
#2104=VERTEX_POINT('',#2103);
#2105=CARTESIAN_POINT('',(0.016311597442943,-0.041311597442943,-0.023622047244094));
#2106=DIRECTION('',(0.577350269189626,-0.577350269189626,0.577350269189626));
#2107=DIRECTION('',(0.0,-0.707106781186548,-0.707106781186548));
#2108=AXIS2_PLACEMENT_3D('',#2105,#2106,#2107);
#2109=CIRCLE('',#2108,0.015748031496063);
#2110=EDGE_CURVE('',#2104,#2093,#2109,.T.);
#2111=ORIENTED_EDGE('',*,*,#2110,.F.);
#2112=CARTESIAN_POINT('',(0.016311597442943,-0.041311597442943,-0.023622047244094));
#2113=DIRECTION('',(-1.0,0.0,0.0));
#2114=DIRECTION('',(0.0,0.0,-1.0));
#2115=AXIS2_PLACEMENT_3D('',#2112,#2113,#2114);
#2116=CIRCLE('',#2115,0.015748031496063);
#2117=EDGE_CURVE('',#2095,#2104,#2116,.T.);
#2118=ORIENTED_EDGE('',*,*,#2117,.F.);
#2119=EDGE_LOOP('',(#2102,#2111,#2118));
#2120=FACE_OUTER_BOUND('',#2119,.T.);
#2121=ADVANCED_FACE('',(#2120),#2091,.T.);
#2122=CARTESIAN_POINT('',(0.054615599558567,-0.079615599558567,0.014681954871529));
#2123=DIRECTION('',(-0.577350269189626,0.577350269189626,-0.577350269189626));
#2124=DIRECTION('',(-0.408248290463863,0.408248290463863,0.816496580927726));
#2125=AXIS2_PLACEMENT_3D('',#2122,#2123,#2124);
#2126=CYLINDRICAL_SURFACE('',#2125,0.015748031496063);
#2127=ORIENTED_EDGE('',*,*,#1837,.T.);
#2128=CARTESIAN_POINT('',(0.051069184548243,-0.087204724409449,2.205714E-018));
#2129=VERTEX_POINT('',#2128);
#2130=CARTESIAN_POINT('',(0.039933644687038,-0.064933644687038,0.0));
#2131=DIRECTION('',(0.0,0.0,1.0));
#2132=DIRECTION('',(0.707106781186548,-0.707106781186548,0.0));
#2133=AXIS2_PLACEMENT_3D('',#2130,#2131,#2132);
#2134=ELLIPSE('',#2133,0.027276390670376,0.015748031496063);
#2135=EDGE_CURVE('',#2129,#1823,#2134,.T.);
#2136=ORIENTED_EDGE('',*,*,#2135,.F.);
#2137=CARTESIAN_POINT('',(0.051069184548243,-0.087204724409449,-1.286532E-017));
#2138=DIRECTION('',(-0.577350269189626,0.577350269189626,-0.577350269189626));
#2139=VECTOR('',#2138,0.06020190681488);
#2140=LINE('',#2137,#2139);
#2141=EDGE_CURVE('',#2129,#2104,#2140,.T.);
#2142=ORIENTED_EDGE('',*,*,#2141,.T.);
#2143=ORIENTED_EDGE('',*,*,#2110,.T.);
#2144=CARTESIAN_POINT('',(0.027447137304149,-0.041311597442943,-0.0347575871053));
#2145=DIRECTION('',(0.577350269189626,-0.577350269189626,0.577350269189626));
#2146=VECTOR('',#2145,0.06020190681488);
#2147=LINE('',#2144,#2146);
#2148=EDGE_CURVE('',#2093,#1831,#2147,.T.);
#2149=ORIENTED_EDGE('',*,*,#2148,.T.);
#2150=EDGE_LOOP('',(#2127,#2136,#2142,#2143,#2149));
#2151=FACE_OUTER_BOUND('',#2150,.T.);
#2152=ADVANCED_FACE('',(#2151),#2126,.T.);
#2153=CARTESIAN_POINT('',(-0.031102362204724,-0.041311597442943,-0.023622047244094));
#2154=DIRECTION('',(1.0,0.0,0.0));
#2155=DIRECTION('',(0.0,0.382683432365089,0.923879532511287));
#2156=AXIS2_PLACEMENT_3D('',#2153,#2154,#2155);
#2157=CYLINDRICAL_SURFACE('',#2156,0.015748031496063);
#2158=ORIENTED_EDGE('',*,*,#2117,.T.);
#2159=CARTESIAN_POINT('',(0.016311597442943,-0.052447137304149,-0.0347575871053));
#2160=DIRECTION('',(-1.0,0.0,0.0));
#2161=VECTOR('',#2160,0.032623194885886);
#2162=LINE('',#2159,#2161);
#2163=EDGE_CURVE('',#2104,#1929,#2162,.T.);
#2164=ORIENTED_EDGE('',*,*,#2163,.T.);
#2165=ORIENTED_EDGE('',*,*,#1937,.T.);
#2166=CARTESIAN_POINT('',(-0.016311597442943,-0.041311597442943,-0.039370078740157));
#2167=DIRECTION('',(1.0,0.0,0.0));
#2168=VECTOR('',#2167,0.032623194885886);
#2169=LINE('',#2166,#2168);
#2170=EDGE_CURVE('',#1931,#2095,#2169,.T.);
#2171=ORIENTED_EDGE('',*,*,#2170,.T.);
#2172=EDGE_LOOP('',(#2158,#2164,#2165,#2171));
#2173=FACE_OUTER_BOUND('',#2172,.T.);
#2174=ADVANCED_FACE('',(#2173),#2157,.T.);
#2175=CARTESIAN_POINT('',(0.016311597442943,-0.043602362204724,-0.023622047244094));
#2176=DIRECTION('',(0.0,1.0,0.0));
#2177=DIRECTION('',(-0.382683432365089,0.0,0.923879532511287));
#2178=AXIS2_PLACEMENT_3D('',#2175,#2176,#2177);
#2179=CYLINDRICAL_SURFACE('',#2178,0.015748031496063);
#2180=ORIENTED_EDGE('',*,*,#2051,.T.);
#2181=CARTESIAN_POINT('',(0.027447137304149,0.041311597442943,-0.0347575871053));
#2182=DIRECTION('',(0.0,-1.0,0.0));
#2183=VECTOR('',#2182,0.082623194885886);
#2184=LINE('',#2181,#2183);
#2185=EDGE_CURVE('',#2038,#2093,#2184,.T.);
#2186=ORIENTED_EDGE('',*,*,#2185,.T.);
#2187=ORIENTED_EDGE('',*,*,#2101,.T.);
#2188=CARTESIAN_POINT('',(0.016311597442943,-0.041311597442943,-0.039370078740157));
#2189=DIRECTION('',(0.0,1.0,0.0));
#2190=VECTOR('',#2189,0.082623194885886);
#2191=LINE('',#2188,#2190);
#2192=EDGE_CURVE('',#2095,#2029,#2191,.T.);
#2193=ORIENTED_EDGE('',*,*,#2192,.T.);
#2194=EDGE_LOOP('',(#2180,#2186,#2187,#2193));
#2195=FACE_OUTER_BOUND('',#2194,.T.);
#2196=ADVANCED_FACE('',(#2195),#2179,.T.);
#2197=CARTESIAN_POINT('',(0.031102362204724,0.041311597442943,-0.023622047244094));
#2198=DIRECTION('',(-1.0,0.0,0.0));
#2199=DIRECTION('',(0.0,-0.382683432365089,0.923879532511287));
#2200=AXIS2_PLACEMENT_3D('',#2197,#2198,#2199);
#2201=CYLINDRICAL_SURFACE('',#2200,0.015748031496063);
#2202=ORIENTED_EDGE('',*,*,#1887,.T.);
#2203=CARTESIAN_POINT('',(-0.016311597442943,0.052447137304149,-0.0347575871053));
#2204=DIRECTION('',(1.0,0.0,0.0));
#2205=VECTOR('',#2204,0.032623194885886);
#2206=LINE('',#2203,#2205);
#2207=EDGE_CURVE('',#1874,#2027,#2206,.T.);
#2208=ORIENTED_EDGE('',*,*,#2207,.T.);
#2209=ORIENTED_EDGE('',*,*,#2035,.T.);
#2210=CARTESIAN_POINT('',(0.016311597442943,0.041311597442943,-0.039370078740157));
#2211=DIRECTION('',(-1.0,0.0,0.0));
#2212=VECTOR('',#2211,0.032623194885886);
#2213=LINE('',#2210,#2212);
#2214=EDGE_CURVE('',#2029,#1865,#2213,.T.);
#2215=ORIENTED_EDGE('',*,*,#2214,.T.);
#2216=EDGE_LOOP('',(#2202,#2208,#2209,#2215));
#2217=FACE_OUTER_BOUND('',#2216,.T.);
#2218=ADVANCED_FACE('',(#2217),#2201,.T.);
#2219=CARTESIAN_POINT('',(-0.025709257948884,-0.083676103003067,-0.036495466460565));
#2220=DIRECTION('',(-0.707106781186548,1.772113E-016,-0.707106781186547));
#2221=DIRECTION('',(-0.707106781186547,0.0,0.707106781186548));
#2222=AXIS2_PLACEMENT_3D('',#2219,#2220,#2221);
#2223=PLANE('',#2222);
#2224=ORIENTED_EDGE('',*,*,#1918,.F.);
#2225=ORIENTED_EDGE('',*,*,#2009,.F.);
#2226=ORIENTED_EDGE('',*,*,#1987,.F.);
#2227=CARTESIAN_POINT('',(-0.062204724409449,-0.070484542221115,0.0));
#2228=VERTEX_POINT('',#2227);
#2229=CARTESIAN_POINT('',(-0.062204724409449,-0.070484542221115,0.0));
#2230=DIRECTION('',(0.0,-1.0,0.0));
#2231=VECTOR('',#2230,0.005584642327128);
#2232=LINE('',#2229,#2231);
#2233=EDGE_CURVE('',#2228,#1975,#2232,.T.);
#2234=ORIENTED_EDGE('',*,*,#2233,.F.);
#2235=CARTESIAN_POINT('',(-0.062204724409449,0.070484542221114,0.0));
#2236=DIRECTION('',(0.0,-1.0,0.0));
#2237=VECTOR('',#2236,0.140969084442228);
#2238=LINE('',#2235,#2237);
#2239=EDGE_CURVE('',#1779,#2228,#2238,.T.);
#2240=ORIENTED_EDGE('',*,*,#2239,.F.);
#2241=ORIENTED_EDGE('',*,*,#1810,.F.);
#2242=EDGE_LOOP('',(#2224,#2225,#2226,#2234,#2240,#2241));
#2243=FACE_OUTER_BOUND('',#2242,.T.);
#2244=ADVANCED_FACE('',(#2243),#2223,.T.);
#2245=CARTESIAN_POINT('',(0.056176103003067,-0.088942603764714,0.001737879355265));
#2246=DIRECTION('',(-1.242162E-016,-0.707106781186548,-0.707106781186547));
#2247=DIRECTION('',(-1.0,0.0,0.0));
#2248=AXIS2_PLACEMENT_3D('',#2245,#2246,#2247);
#2249=PLANE('',#2248);
#2250=ORIENTED_EDGE('',*,*,#1994,.F.);
#2251=ORIENTED_EDGE('',*,*,#2163,.F.);
#2252=ORIENTED_EDGE('',*,*,#2141,.F.);
#2253=CARTESIAN_POINT('',(-0.051069184548243,-0.087204724409449,2.731848E-018));
#2254=DIRECTION('',(1.0,0.0,0.0));
#2255=VECTOR('',#2254,0.102138369096486);
#2256=LINE('',#2253,#2255);
#2257=EDGE_CURVE('',#1966,#2129,#2256,.T.);
#2258=ORIENTED_EDGE('',*,*,#2257,.F.);
#2259=EDGE_LOOP('',(#2250,#2251,#2252,#2258));
#2260=FACE_OUTER_BOUND('',#2259,.T.);
#2261=ADVANCED_FACE('',(#2260),#2249,.T.);
#2262=CARTESIAN_POINT('',(-0.056983320840951,-0.08649324793161,0.0));
#2263=DIRECTION('',(0.0,0.0,-1.0));
#2264=DIRECTION('',(-1.0,0.0,0.0));
#2265=AXIS2_PLACEMENT_3D('',#2262,#2263,#2264);
#2266=PLANE('',#2265);
#2267=CARTESIAN_POINT('',(-0.058482099305222,-0.079691911963516,0.0));
#2268=VERTEX_POINT('',#2267);
#2269=CARTESIAN_POINT('',(-0.085629921259835,-0.085311797702998,0.0));
#2270=DIRECTION('',(0.0,0.0,1.0));
#2271=DIRECTION('',(0.979238264237129,-0.202712658346377,0.0));
#2272=AXIS2_PLACEMENT_3D('',#2269,#2270,#2271);
#2273=CIRCLE('',#2272,0.027723408026511);
#2274=EDGE_CURVE('',#2268,#2228,#2273,.T.);
#2275=ORIENTED_EDGE('',*,*,#2274,.T.);
#2276=ORIENTED_EDGE('',*,*,#2233,.T.);
#2277=ORIENTED_EDGE('',*,*,#1981,.F.);
#2278=CARTESIAN_POINT('',(-0.057231959106118,-0.085730928612062,0.0));
#2279=DIRECTION('',(-0.202712658346355,0.979238264237133,0.0));
#2280=VECTOR('',#2279,0.006167055423688);
#2281=LINE('',#2278,#2280);
#2282=EDGE_CURVE('',#1964,#2268,#2281,.T.);
#2283=ORIENTED_EDGE('',*,*,#2282,.T.);
#2284=EDGE_LOOP('',(#2275,#2276,#2277,#2283));
#2285=FACE_OUTER_BOUND('',#2284,.T.);
#2286=ADVANCED_FACE('',(#2285),#2266,.F.);
#2287=CARTESIAN_POINT('',(0.017942757187237,-0.045442757187237,-0.039370078740157));
#2288=DIRECTION('',(0.0,0.0,-1.0));
#2289=DIRECTION('',(-1.0,0.0,0.0));
#2290=AXIS2_PLACEMENT_3D('',#2287,#2288,#2289);
#2291=PLANE('',#2290);
#2292=ORIENTED_EDGE('',*,*,#2016,.F.);
#2293=ORIENTED_EDGE('',*,*,#2214,.F.);
#2294=ORIENTED_EDGE('',*,*,#2192,.F.);
#2295=ORIENTED_EDGE('',*,*,#2170,.F.);
#2296=EDGE_LOOP('',(#2292,#2293,#2294,#2295));
#2297=FACE_OUTER_BOUND('',#2296,.T.);
#2298=CARTESIAN_POINT('',(-0.01496062992126,0.03996062992126,-0.039370078740157));
#2299=VERTEX_POINT('',#2298);
#2300=CARTESIAN_POINT('',(0.01496062992126,0.03996062992126,-0.039370078740157));
#2301=VERTEX_POINT('',#2300);
#2302=CARTESIAN_POINT('',(-0.01496062992126,0.03996062992126,-0.039370078740157));
#2303=DIRECTION('',(1.0,0.0,0.0));
#2304=VECTOR('',#2303,0.02992125984252);
#2305=LINE('',#2302,#2304);
#2306=EDGE_CURVE('',#2299,#2301,#2305,.T.);
#2307=ORIENTED_EDGE('',*,*,#2306,.F.);
#2308=CARTESIAN_POINT('',(-0.01496062992126,-0.03996062992126,-0.039370078740157));
#2309=VERTEX_POINT('',#2308);
#2310=CARTESIAN_POINT('',(-0.01496062992126,-0.03996062992126,-0.039370078740157));
#2311=DIRECTION('',(0.0,1.0,0.0));
#2312=VECTOR('',#2311,0.07992125984252);
#2313=LINE('',#2310,#2312);
#2314=EDGE_CURVE('',#2309,#2299,#2313,.T.);
#2315=ORIENTED_EDGE('',*,*,#2314,.F.);
#2316=CARTESIAN_POINT('',(0.01496062992126,-0.03996062992126,-0.039370078740157));
#2317=VERTEX_POINT('',#2316);
#2318=CARTESIAN_POINT('',(0.01496062992126,-0.03996062992126,-0.039370078740157));
#2319=DIRECTION('',(-1.0,0.0,0.0));
#2320=VECTOR('',#2319,0.02992125984252);
#2321=LINE('',#2318,#2320);
#2322=EDGE_CURVE('',#2317,#2309,#2321,.T.);
#2323=ORIENTED_EDGE('',*,*,#2322,.F.);
#2324=CARTESIAN_POINT('',(0.01496062992126,0.03996062992126,-0.039370078740157));
#2325=DIRECTION('',(0.0,-1.0,0.0));
#2326=VECTOR('',#2325,0.07992125984252);
#2327=LINE('',#2324,#2326);
#2328=EDGE_CURVE('',#2301,#2317,#2327,.T.);
#2329=ORIENTED_EDGE('',*,*,#2328,.F.);
#2330=EDGE_LOOP('',(#2307,#2315,#2323,#2329));
#2331=FACE_BOUND('',#2330,.T.);
#2332=ADVANCED_FACE('',(#2297,#2331),#2291,.T.);
#2333=CARTESIAN_POINT('',(0.063942603764714,-0.083676103003067,0.001737879355265));
#2334=DIRECTION('',(0.707106781186548,-8.860567E-017,-0.707106781186547));
#2335=DIRECTION('',(-0.707106781186547,0.0,-0.707106781186548));
#2336=AXIS2_PLACEMENT_3D('',#2333,#2334,#2335);
#2337=PLANE('',#2336);
#2338=ORIENTED_EDGE('',*,*,#2075,.F.);
#2339=ORIENTED_EDGE('',*,*,#1761,.F.);
#2340=CARTESIAN_POINT('',(0.062204724409449,-0.070484542221122,0.0));
#2341=DIRECTION('',(0.0,1.0,0.0));
#2342=VECTOR('',#2341,0.140969084442243);
#2343=LINE('',#2340,#2342);
#2344=EDGE_CURVE('',#1840,#1747,#2343,.T.);
#2345=ORIENTED_EDGE('',*,*,#2344,.F.);
#2346=ORIENTED_EDGE('',*,*,#1845,.F.);
#2347=ORIENTED_EDGE('',*,*,#2148,.F.);
#2348=ORIENTED_EDGE('',*,*,#2185,.F.);
#2349=EDGE_LOOP('',(#2338,#2339,#2345,#2346,#2347,#2348));
#2350=FACE_OUTER_BOUND('',#2349,.T.);
#2351=ADVANCED_FACE('',(#2350),#2337,.T.);
#2352=CARTESIAN_POINT('',(0.056176103003067,0.050709257948884,-0.036495466460565));
#2353=DIRECTION('',(1.242162E-016,0.707106781186548,-0.707106781186547));
#2354=DIRECTION('',(-1.0,0.0,0.0));
#2355=AXIS2_PLACEMENT_3D('',#2352,#2353,#2354);
#2356=PLANE('',#2355);
#2357=ORIENTED_EDGE('',*,*,#1911,.F.);
#2358=CARTESIAN_POINT('',(0.051069184548243,0.087204724409449,0.0));
#2359=DIRECTION('',(-1.0,0.0,0.0));
#2360=VECTOR('',#2359,0.102138369096486);
#2361=LINE('',#2358,#2360);
#2362=EDGE_CURVE('',#2062,#1899,#2361,.T.);
#2363=ORIENTED_EDGE('',*,*,#2362,.F.);
#2364=ORIENTED_EDGE('',*,*,#2082,.F.);
#2365=ORIENTED_EDGE('',*,*,#2207,.F.);
#2366=EDGE_LOOP('',(#2357,#2363,#2364,#2365));
#2367=FACE_OUTER_BOUND('',#2366,.T.);
#2368=ADVANCED_FACE('',(#2367),#2356,.T.);
#2369=CARTESIAN_POINT('',(0.016456692913386,0.03996062992126,-0.03511811023622));
#2370=DIRECTION('',(0.0,1.0,0.0));
#2371=DIRECTION('',(0.0,0.0,1.0));
#2372=AXIS2_PLACEMENT_3D('',#2369,#2370,#2371);
#2373=PLANE('',#2372);
#2374=ORIENTED_EDGE('',*,*,#2306,.T.);
#2375=CARTESIAN_POINT('',(0.01496062992126,0.03996062992126,-0.124409448818898));
#2376=VERTEX_POINT('',#2375);
#2377=CARTESIAN_POINT('',(0.01496062992126,0.03996062992126,-0.039370078740157));
#2378=DIRECTION('',(0.0,0.0,-1.0));
#2379=VECTOR('',#2378,0.085039370078741);
#2380=LINE('',#2377,#2379);
#2381=EDGE_CURVE('',#2301,#2376,#2380,.T.);
#2382=ORIENTED_EDGE('',*,*,#2381,.T.);
#2383=CARTESIAN_POINT('',(-0.01496062992126,0.03996062992126,-0.124409448818898));
#2384=VERTEX_POINT('',#2383);
#2385=CARTESIAN_POINT('',(-0.01496062992126,0.03996062992126,-0.124409448818898));
#2386=DIRECTION('',(1.0,0.0,0.0));
#2387=VECTOR('',#2386,0.02992125984252);
#2388=LINE('',#2385,#2387);
#2389=EDGE_CURVE('',#2384,#2376,#2388,.T.);
#2390=ORIENTED_EDGE('',*,*,#2389,.F.);
#2391=CARTESIAN_POINT('',(-0.01496062992126,0.03996062992126,-0.039370078740157));
#2392=DIRECTION('',(0.0,0.0,-1.0));
#2393=VECTOR('',#2392,0.085039370078741);
#2394=LINE('',#2391,#2393);
#2395=EDGE_CURVE('',#2299,#2384,#2394,.T.);
#2396=ORIENTED_EDGE('',*,*,#2395,.F.);
#2397=EDGE_LOOP('',(#2374,#2382,#2390,#2396));
#2398=FACE_OUTER_BOUND('',#2397,.T.);
#2399=ADVANCED_FACE('',(#2398),#2373,.T.);
#2400=CARTESIAN_POINT('',(0.01496062992126,-0.043956692913386,-0.033543307086614));
#2401=DIRECTION('',(1.0,0.0,0.0));
#2402=DIRECTION('',(0.0,0.0,-1.0));
#2403=AXIS2_PLACEMENT_3D('',#2400,#2401,#2402);
#2404=PLANE('',#2403);
#2405=ORIENTED_EDGE('',*,*,#2328,.T.);
#2406=CARTESIAN_POINT('',(0.01496062992126,-0.03996062992126,-0.124409448818898));
#2407=VERTEX_POINT('',#2406);
#2408=CARTESIAN_POINT('',(0.01496062992126,-0.03996062992126,-0.039370078740157));
#2409=DIRECTION('',(0.0,0.0,-1.0));
#2410=VECTOR('',#2409,0.085039370078741);
#2411=LINE('',#2408,#2410);
#2412=EDGE_CURVE('',#2317,#2407,#2411,.T.);
#2413=ORIENTED_EDGE('',*,*,#2412,.T.);
#2414=CARTESIAN_POINT('',(0.01496062992126,-0.008464566929134,-0.155905511811024));
#2415=VERTEX_POINT('',#2414);
#2416=CARTESIAN_POINT('',(0.01496062992126,-0.008464566929134,-0.124409448818898));
#2417=DIRECTION('',(-1.0,0.0,0.0));
#2418=DIRECTION('',(0.0,-0.707106781186548,-0.707106781186547));
#2419=AXIS2_PLACEMENT_3D('',#2416,#2417,#2418);
#2420=CIRCLE('',#2419,0.031496062992126);
#2421=EDGE_CURVE('',#2415,#2407,#2420,.T.);
#2422=ORIENTED_EDGE('',*,*,#2421,.F.);
#2423=CARTESIAN_POINT('',(0.01496062992126,0.008464566929134,-0.155905511811024));
#2424=VERTEX_POINT('',#2423);
#2425=CARTESIAN_POINT('',(0.01496062992126,-0.008464566929134,-0.155905511811024));
#2426=DIRECTION('',(0.0,1.0,0.0));
#2427=VECTOR('',#2426,0.016929133858268);
#2428=LINE('',#2425,#2427);
#2429=EDGE_CURVE('',#2415,#2424,#2428,.T.);
#2430=ORIENTED_EDGE('',*,*,#2429,.T.);
#2431=CARTESIAN_POINT('',(0.01496062992126,0.008464566929134,-0.124409448818898));
#2432=DIRECTION('',(-1.0,0.0,0.0));
#2433=DIRECTION('',(0.0,0.707106781186548,-0.707106781186547));
#2434=AXIS2_PLACEMENT_3D('',#2431,#2432,#2433);
#2435=CIRCLE('',#2434,0.031496062992126);
#2436=EDGE_CURVE('',#2376,#2424,#2435,.T.);
#2437=ORIENTED_EDGE('',*,*,#2436,.F.);
#2438=ORIENTED_EDGE('',*,*,#2381,.F.);
#2439=EDGE_LOOP('',(#2405,#2413,#2422,#2430,#2437,#2438));
#2440=FACE_OUTER_BOUND('',#2439,.T.);
#2441=CARTESIAN_POINT('',(0.01496062992126,0.023425196850394,-0.108661417322835));
#2442=VERTEX_POINT('',#2441);
#2443=CARTESIAN_POINT('',(0.01496062992126,-0.023425196850394,-0.108661417322835));
#2444=VERTEX_POINT('',#2443);
#2445=CARTESIAN_POINT('',(0.01496062992126,-4.370957E-017,-0.108661417322835));
#2446=DIRECTION('',(-1.0,0.0,0.0));
#2447=DIRECTION('',(0.0,1.0,0.0));
#2448=AXIS2_PLACEMENT_3D('',#2445,#2446,#2447);
#2449=CIRCLE('',#2448,0.023425196850394);
#2450=EDGE_CURVE('',#2442,#2444,#2449,.T.);
#2451=ORIENTED_EDGE('',*,*,#2450,.T.);
#2452=CARTESIAN_POINT('',(0.01496062992126,-0.023425196850394,-0.07755905511811));
#2453=VERTEX_POINT('',#2452);
#2454=CARTESIAN_POINT('',(0.01496062992126,-0.023425196850394,-0.108661417322835));
#2455=DIRECTION('',(0.0,0.0,1.0));
#2456=VECTOR('',#2455,0.031102362204725);
#2457=LINE('',#2454,#2456);
#2458=EDGE_CURVE('',#2444,#2453,#2457,.T.);
#2459=ORIENTED_EDGE('',*,*,#2458,.T.);
#2460=CARTESIAN_POINT('',(0.01496062992126,0.023425196850394,-0.07755905511811));
#2461=VERTEX_POINT('',#2460);
#2462=CARTESIAN_POINT('',(0.01496062992126,-5.463697E-017,-0.07755905511811));
#2463=DIRECTION('',(-1.0,0.0,0.0));
#2464=DIRECTION('',(0.0,-1.0,0.0));
#2465=AXIS2_PLACEMENT_3D('',#2462,#2463,#2464);
#2466=CIRCLE('',#2465,0.023425196850394);
#2467=EDGE_CURVE('',#2453,#2461,#2466,.T.);
#2468=ORIENTED_EDGE('',*,*,#2467,.T.);
#2469=CARTESIAN_POINT('',(0.01496062992126,0.023425196850394,-0.07755905511811));
#2470=DIRECTION('',(0.0,0.0,-1.0));
#2471=VECTOR('',#2470,0.031102362204725);
#2472=LINE('',#2469,#2471);
#2473=EDGE_CURVE('',#2461,#2442,#2472,.T.);
#2474=ORIENTED_EDGE('',*,*,#2473,.T.);
#2475=EDGE_LOOP('',(#2451,#2459,#2468,#2474));
#2476=FACE_BOUND('',#2475,.T.);
#2477=ADVANCED_FACE('',(#2440,#2476),#2404,.T.);
#2478=CARTESIAN_POINT('',(-0.016456692913386,-0.008464566929134,-0.124409448818898));
#2479=DIRECTION('',(1.0,0.0,0.0));
#2480=DIRECTION('',(0.0,0.707106781186547,0.707106781186548));
#2481=AXIS2_PLACEMENT_3D('',#2478,#2479,#2480);
#2482=CYLINDRICAL_SURFACE('',#2481,0.031496062992126);
#2483=ORIENTED_EDGE('',*,*,#2421,.T.);
#2484=CARTESIAN_POINT('',(-0.01496062992126,-0.03996062992126,-0.124409448818898));
#2485=VERTEX_POINT('',#2484);
#2486=CARTESIAN_POINT('',(0.01496062992126,-0.03996062992126,-0.124409448818898));
#2487=DIRECTION('',(-1.0,0.0,0.0));
#2488=VECTOR('',#2487,0.02992125984252);
#2489=LINE('',#2486,#2488);
#2490=EDGE_CURVE('',#2407,#2485,#2489,.T.);
#2491=ORIENTED_EDGE('',*,*,#2490,.T.);
#2492=CARTESIAN_POINT('',(-0.01496062992126,-0.008464566929134,-0.155905511811024));
#2493=VERTEX_POINT('',#2492);
#2494=CARTESIAN_POINT('',(-0.01496062992126,-0.008464566929134,-0.124409448818898));
#2495=DIRECTION('',(1.0,0.0,0.0));
#2496=DIRECTION('',(0.0,-0.707106781186548,-0.707106781186547));
#2497=AXIS2_PLACEMENT_3D('',#2494,#2495,#2496);
#2498=CIRCLE('',#2497,0.031496062992126);
#2499=EDGE_CURVE('',#2485,#2493,#2498,.T.);
#2500=ORIENTED_EDGE('',*,*,#2499,.T.);
#2501=CARTESIAN_POINT('',(-0.01496062992126,-0.008464566929134,-0.155905511811024));
#2502=DIRECTION('',(1.0,0.0,0.0));
#2503=VECTOR('',#2502,0.02992125984252);
#2504=LINE('',#2501,#2503);
#2505=EDGE_CURVE('',#2493,#2415,#2504,.T.);
#2506=ORIENTED_EDGE('',*,*,#2505,.T.);
#2507=EDGE_LOOP('',(#2483,#2491,#2500,#2506));
#2508=FACE_OUTER_BOUND('',#2507,.T.);
#2509=ADVANCED_FACE('',(#2508),#2482,.T.);
#2510=CARTESIAN_POINT('',(0.016456692913386,-0.009311023622047,-0.155905511811024));
#2511=DIRECTION('',(0.0,0.0,-1.0));
#2512=DIRECTION('',(-1.0,0.0,0.0));
#2513=AXIS2_PLACEMENT_3D('',#2510,#2511,#2512);
#2514=PLANE('',#2513);
#2515=ORIENTED_EDGE('',*,*,#2505,.F.);
#2516=CARTESIAN_POINT('',(-0.01496062992126,0.008464566929134,-0.155905511811024));
#2517=VERTEX_POINT('',#2516);
#2518=CARTESIAN_POINT('',(-0.01496062992126,0.008464566929134,-0.155905511811024));
#2519=DIRECTION('',(0.0,-1.0,0.0));
#2520=VECTOR('',#2519,0.016929133858268);
#2521=LINE('',#2518,#2520);
#2522=EDGE_CURVE('',#2517,#2493,#2521,.T.);
#2523=ORIENTED_EDGE('',*,*,#2522,.F.);
#2524=CARTESIAN_POINT('',(0.01496062992126,0.008464566929134,-0.155905511811024));
#2525=DIRECTION('',(-1.0,0.0,0.0));
#2526=VECTOR('',#2525,0.02992125984252);
#2527=LINE('',#2524,#2526);
#2528=EDGE_CURVE('',#2424,#2517,#2527,.T.);
#2529=ORIENTED_EDGE('',*,*,#2528,.F.);
#2530=ORIENTED_EDGE('',*,*,#2429,.F.);
#2531=EDGE_LOOP('',(#2515,#2523,#2529,#2530));
#2532=FACE_OUTER_BOUND('',#2531,.T.);
#2533=ADVANCED_FACE('',(#2532),#2514,.T.);
#2534=CARTESIAN_POINT('',(0.016456692913386,0.008464566929134,-0.124409448818898));
#2535=DIRECTION('',(-1.0,0.0,0.0));
#2536=DIRECTION('',(0.0,-0.707106781186547,0.707106781186548));
#2537=AXIS2_PLACEMENT_3D('',#2534,#2535,#2536);
#2538=CYLINDRICAL_SURFACE('',#2537,0.031496062992126);
#2539=CARTESIAN_POINT('',(-0.01496062992126,0.008464566929134,-0.124409448818898));
#2540=DIRECTION('',(1.0,0.0,0.0));
#2541=DIRECTION('',(0.0,0.707106781186548,-0.707106781186547));
#2542=AXIS2_PLACEMENT_3D('',#2539,#2540,#2541);
#2543=CIRCLE('',#2542,0.031496062992126);
#2544=EDGE_CURVE('',#2517,#2384,#2543,.T.);
#2545=ORIENTED_EDGE('',*,*,#2544,.T.);
#2546=ORIENTED_EDGE('',*,*,#2389,.T.);
#2547=ORIENTED_EDGE('',*,*,#2436,.T.);
#2548=ORIENTED_EDGE('',*,*,#2528,.T.);
#2549=EDGE_LOOP('',(#2545,#2546,#2547,#2548));
#2550=FACE_OUTER_BOUND('',#2549,.T.);
#2551=ADVANCED_FACE('',(#2550),#2538,.T.);
#2552=CARTESIAN_POINT('',(0.2,-5.551115E-017,-0.07755905511811));
#2553=DIRECTION('',(-1.0,0.0,0.0));
#2554=DIRECTION('',(0.0,0.0,-1.0));
#2555=AXIS2_PLACEMENT_3D('',#2552,#2553,#2554);
#2556=CYLINDRICAL_SURFACE('',#2555,0.023425196850394);
#2557=ORIENTED_EDGE('',*,*,#2467,.F.);
#2558=CARTESIAN_POINT('',(-0.01496062992126,-0.023425196850394,-0.07755905511811));
#2559=VERTEX_POINT('',#2558);
#2560=CARTESIAN_POINT('',(0.01496062992126,-0.023425196850394,-0.07755905511811));
#2561=DIRECTION('',(-1.0,0.0,0.0));
#2562=VECTOR('',#2561,0.02992125984252);
#2563=LINE('',#2560,#2562);
#2564=EDGE_CURVE('',#2453,#2559,#2563,.T.);
#2565=ORIENTED_EDGE('',*,*,#2564,.T.);
#2566=CARTESIAN_POINT('',(-0.01496062992126,0.023425196850394,-0.07755905511811));
#2567=VERTEX_POINT('',#2566);
#2568=CARTESIAN_POINT('',(-0.01496062992126,-5.463697E-017,-0.07755905511811));
#2569=DIRECTION('',(1.0,0.0,0.0));
#2570=DIRECTION('',(0.0,-1.0,0.0));
#2571=AXIS2_PLACEMENT_3D('',#2568,#2569,#2570);
#2572=CIRCLE('',#2571,0.023425196850394);
#2573=EDGE_CURVE('',#2567,#2559,#2572,.T.);
#2574=ORIENTED_EDGE('',*,*,#2573,.F.);
#2575=CARTESIAN_POINT('',(0.01496062992126,0.023425196850394,-0.07755905511811));
#2576=DIRECTION('',(-1.0,0.0,0.0));
#2577=VECTOR('',#2576,0.02992125984252);
#2578=LINE('',#2575,#2577);
#2579=EDGE_CURVE('',#2461,#2567,#2578,.T.);
#2580=ORIENTED_EDGE('',*,*,#2579,.F.);
#2581=EDGE_LOOP('',(#2557,#2565,#2574,#2580));
#2582=FACE_OUTER_BOUND('',#2581,.T.);
#2583=ADVANCED_FACE('',(#2582),#2556,.F.);
#2584=CARTESIAN_POINT('',(0.016456692913386,0.023425196850394,-0.076003937007874));
#2585=DIRECTION('',(0.0,1.0,0.0));
#2586=DIRECTION('',(0.0,0.0,1.0));
#2587=AXIS2_PLACEMENT_3D('',#2584,#2585,#2586);
#2588=PLANE('',#2587);
#2589=ORIENTED_EDGE('',*,*,#2473,.F.);
#2590=ORIENTED_EDGE('',*,*,#2579,.T.);
#2591=CARTESIAN_POINT('',(-0.01496062992126,0.023425196850394,-0.108661417322835));
#2592=VERTEX_POINT('',#2591);
#2593=CARTESIAN_POINT('',(-0.01496062992126,0.023425196850394,-0.108661417322835));
#2594=DIRECTION('',(0.0,0.0,1.0));
#2595=VECTOR('',#2594,0.031102362204725);
#2596=LINE('',#2593,#2595);
#2597=EDGE_CURVE('',#2592,#2567,#2596,.T.);
#2598=ORIENTED_EDGE('',*,*,#2597,.F.);
#2599=CARTESIAN_POINT('',(0.01496062992126,0.023425196850394,-0.108661417322835));
#2600=DIRECTION('',(-1.0,0.0,0.0));
#2601=VECTOR('',#2600,0.02992125984252);
#2602=LINE('',#2599,#2601);
#2603=EDGE_CURVE('',#2442,#2592,#2602,.T.);
#2604=ORIENTED_EDGE('',*,*,#2603,.F.);
#2605=EDGE_LOOP('',(#2589,#2590,#2598,#2604));
#2606=FACE_OUTER_BOUND('',#2605,.T.);
#2607=ADVANCED_FACE('',(#2606),#2588,.F.);
#2608=CARTESIAN_POINT('',(0.016456692913386,-0.023425196850394,-0.110216535433071));
#2609=DIRECTION('',(0.0,-1.0,0.0));
#2610=DIRECTION('',(0.0,0.0,-1.0));
#2611=AXIS2_PLACEMENT_3D('',#2608,#2609,#2610);
#2612=PLANE('',#2611);
#2613=ORIENTED_EDGE('',*,*,#2458,.F.);
#2614=CARTESIAN_POINT('',(-0.01496062992126,-0.023425196850394,-0.108661417322835));
#2615=VERTEX_POINT('',#2614);
#2616=CARTESIAN_POINT('',(0.01496062992126,-0.023425196850394,-0.108661417322835));
#2617=DIRECTION('',(-1.0,0.0,0.0));
#2618=VECTOR('',#2617,0.02992125984252);
#2619=LINE('',#2616,#2618);
#2620=EDGE_CURVE('',#2444,#2615,#2619,.T.);
#2621=ORIENTED_EDGE('',*,*,#2620,.T.);
#2622=CARTESIAN_POINT('',(-0.01496062992126,-0.023425196850394,-0.07755905511811));
#2623=DIRECTION('',(0.0,0.0,-1.0));
#2624=VECTOR('',#2623,0.031102362204725);
#2625=LINE('',#2622,#2624);
#2626=EDGE_CURVE('',#2559,#2615,#2625,.T.);
#2627=ORIENTED_EDGE('',*,*,#2626,.F.);
#2628=ORIENTED_EDGE('',*,*,#2564,.F.);
#2629=EDGE_LOOP('',(#2613,#2621,#2627,#2628));
#2630=FACE_OUTER_BOUND('',#2629,.T.);
#2631=ADVANCED_FACE('',(#2630),#2612,.F.);
#2632=CARTESIAN_POINT('',(0.2,-4.163336E-017,-0.108661417322835));
#2633=DIRECTION('',(-1.0,0.0,0.0));
#2634=DIRECTION('',(0.0,0.0,1.0));
#2635=AXIS2_PLACEMENT_3D('',#2632,#2633,#2634);
#2636=CYLINDRICAL_SURFACE('',#2635,0.023425196850394);
#2637=ORIENTED_EDGE('',*,*,#2450,.F.);
#2638=ORIENTED_EDGE('',*,*,#2603,.T.);
#2639=CARTESIAN_POINT('',(-0.01496062992126,-4.370957E-017,-0.108661417322835));
#2640=DIRECTION('',(1.0,0.0,0.0));
#2641=DIRECTION('',(0.0,1.0,0.0));
#2642=AXIS2_PLACEMENT_3D('',#2639,#2640,#2641);
#2643=CIRCLE('',#2642,0.023425196850394);
#2644=EDGE_CURVE('',#2615,#2592,#2643,.T.);
#2645=ORIENTED_EDGE('',*,*,#2644,.F.);
#2646=ORIENTED_EDGE('',*,*,#2620,.F.);
#2647=EDGE_LOOP('',(#2637,#2638,#2645,#2646));
#2648=FACE_OUTER_BOUND('',#2647,.T.);
#2649=ADVANCED_FACE('',(#2648),#2636,.F.);
#2650=CARTESIAN_POINT('',(-0.01496062992126,-0.043956692913386,-0.161732283464567));
#2651=DIRECTION('',(-1.0,0.0,0.0));
#2652=DIRECTION('',(0.0,0.0,1.0));
#2653=AXIS2_PLACEMENT_3D('',#2650,#2651,#2652);
#2654=PLANE('',#2653);
#2655=ORIENTED_EDGE('',*,*,#2314,.T.);
#2656=ORIENTED_EDGE('',*,*,#2395,.T.);
#2657=ORIENTED_EDGE('',*,*,#2544,.F.);
#2658=ORIENTED_EDGE('',*,*,#2522,.T.);
#2659=ORIENTED_EDGE('',*,*,#2499,.F.);
#2660=CARTESIAN_POINT('',(-0.01496062992126,-0.03996062992126,-0.039370078740157));
#2661=DIRECTION('',(0.0,0.0,-1.0));
#2662=VECTOR('',#2661,0.085039370078741);
#2663=LINE('',#2660,#2662);
#2664=EDGE_CURVE('',#2309,#2485,#2663,.T.);
#2665=ORIENTED_EDGE('',*,*,#2664,.F.);
#2666=EDGE_LOOP('',(#2655,#2656,#2657,#2658,#2659,#2665));
#2667=FACE_OUTER_BOUND('',#2666,.T.);
#2668=ORIENTED_EDGE('',*,*,#2644,.T.);
#2669=ORIENTED_EDGE('',*,*,#2597,.T.);
#2670=ORIENTED_EDGE('',*,*,#2573,.T.);
#2671=ORIENTED_EDGE('',*,*,#2626,.T.);
#2672=EDGE_LOOP('',(#2668,#2669,#2670,#2671));
#2673=FACE_BOUND('',#2672,.T.);
#2674=ADVANCED_FACE('',(#2667,#2673),#2654,.T.);
#2675=CARTESIAN_POINT('',(0.016456692913386,-0.03996062992126,-0.128661417322835));
#2676=DIRECTION('',(0.0,-1.0,0.0));
#2677=DIRECTION('',(0.0,0.0,-1.0));
#2678=AXIS2_PLACEMENT_3D('',#2675,#2676,#2677);
#2679=PLANE('',#2678);
#2680=ORIENTED_EDGE('',*,*,#2322,.T.);
#2681=ORIENTED_EDGE('',*,*,#2664,.T.);
#2682=ORIENTED_EDGE('',*,*,#2490,.F.);
#2683=ORIENTED_EDGE('',*,*,#2412,.F.);
#2684=EDGE_LOOP('',(#2680,#2681,#2682,#2683));
#2685=FACE_OUTER_BOUND('',#2684,.T.);
#2686=ADVANCED_FACE('',(#2685),#2679,.T.);
#2687=CARTESIAN_POINT('',(0.052814960629921,-0.148543307086614,0.0));
#2688=DIRECTION('',(0.0,0.0,1.0));
#2689=DIRECTION('',(1.0,0.0,0.0));
#2690=AXIS2_PLACEMENT_3D('',#2687,#2688,#2689);
#2691=PLANE('',#2690);
#2692=ORIENTED_EDGE('',*,*,#2344,.T.);
#2693=CARTESIAN_POINT('',(0.11277774321446,0.079691911963518,0.0));
#2694=VERTEX_POINT('',#2693);
#2695=CARTESIAN_POINT('',(0.085629921259842,0.085311797702994,0.0));
#2696=DIRECTION('',(0.0,0.0,1.0));
#2697=DIRECTION('',(0.979238264237121,-0.202712658346413,0.0));
#2698=AXIS2_PLACEMENT_3D('',#2695,#2696,#2697);
#2699=CIRCLE('',#2698,0.027723408026511);
#2700=EDGE_CURVE('',#1747,#2694,#2699,.T.);
#2701=ORIENTED_EDGE('',*,*,#2700,.T.);
#2702=CARTESIAN_POINT('',(0.120078740157481,0.114960629921258,0.0));
#2703=VERTEX_POINT('',#2702);
#2704=CARTESIAN_POINT('',(0.11277774321446,0.079691911963518,0.0));
#2705=DIRECTION('',(0.202712658346438,0.979238264237116,0.0));
#2706=VECTOR('',#2705,0.036016482653704);
#2707=LINE('',#2704,#2706);
#2708=EDGE_CURVE('',#2694,#2703,#2707,.T.);
#2709=ORIENTED_EDGE('',*,*,#2708,.T.);
#2710=CARTESIAN_POINT('',(0.187007874015748,0.114960629921256,0.0));
#2711=VERTEX_POINT('',#2710);
#2712=CARTESIAN_POINT('',(0.120078740157481,0.114960629921257,0.0));
#2713=DIRECTION('',(1.0,0.0,0.0));
#2714=VECTOR('',#2713,0.066929133858267);
#2715=LINE('',#2712,#2714);
#2716=EDGE_CURVE('',#2703,#2711,#2715,.T.);
#2717=ORIENTED_EDGE('',*,*,#2716,.T.);
#2718=CARTESIAN_POINT('',(0.187007874015748,0.135039370078737,0.0));
#2719=VERTEX_POINT('',#2718);
#2720=CARTESIAN_POINT('',(0.187007874015748,0.114960629921256,0.0));
#2721=DIRECTION('',(0.0,1.0,0.0));
#2722=VECTOR('',#2721,0.020078740157481);
#2723=LINE('',#2720,#2722);
#2724=EDGE_CURVE('',#2711,#2719,#2723,.T.);
#2725=ORIENTED_EDGE('',*,*,#2724,.T.);
#2726=CARTESIAN_POINT('',(0.25,0.135039370078739,0.0));
#2727=VERTEX_POINT('',#2726);
#2728=CARTESIAN_POINT('',(0.187007874015748,0.135039370078737,0.0));
#2729=DIRECTION('',(1.0,0.0,0.0));
#2730=VECTOR('',#2729,0.062992125984252);
#2731=LINE('',#2728,#2730);
#2732=EDGE_CURVE('',#2719,#2727,#2731,.T.);
#2733=ORIENTED_EDGE('',*,*,#2732,.T.);
#2734=CARTESIAN_POINT('',(0.25,-0.13503937007874,0.0));
#2735=VERTEX_POINT('',#2734);
#2736=CARTESIAN_POINT('',(0.25,0.135039370078739,0.0));
#2737=DIRECTION('',(0.0,-1.0,0.0));
#2738=VECTOR('',#2737,0.270078740157479);
#2739=LINE('',#2736,#2738);
#2740=EDGE_CURVE('',#2727,#2735,#2739,.T.);
#2741=ORIENTED_EDGE('',*,*,#2740,.T.);
#2742=CARTESIAN_POINT('',(0.187007874015748,-0.13503937007874,0.0));
#2743=VERTEX_POINT('',#2742);
#2744=CARTESIAN_POINT('',(0.25,-0.13503937007874,0.0));
#2745=DIRECTION('',(-1.0,0.0,0.0));
#2746=VECTOR('',#2745,0.062992125984252);
#2747=LINE('',#2744,#2746);
#2748=EDGE_CURVE('',#2735,#2743,#2747,.T.);
#2749=ORIENTED_EDGE('',*,*,#2748,.T.);
#2750=CARTESIAN_POINT('',(0.187007874015747,-0.11496062992126,0.0));
#2751=VERTEX_POINT('',#2750);
#2752=CARTESIAN_POINT('',(0.187007874015748,-0.13503937007874,0.0));
#2753=DIRECTION('',(0.0,1.0,0.0));
#2754=VECTOR('',#2753,0.02007874015748);
#2755=LINE('',#2752,#2754);
#2756=EDGE_CURVE('',#2743,#2751,#2755,.T.);
#2757=ORIENTED_EDGE('',*,*,#2756,.T.);
#2758=CARTESIAN_POINT('',(0.120078740157481,-0.11496062992126,0.0));
#2759=VERTEX_POINT('',#2758);
#2760=CARTESIAN_POINT('',(0.187007874015747,-0.11496062992126,0.0));
#2761=DIRECTION('',(-1.0,0.0,0.0));
#2762=VECTOR('',#2761,0.066929133858266);
#2763=LINE('',#2760,#2762);
#2764=EDGE_CURVE('',#2751,#2759,#2763,.T.);
#2765=ORIENTED_EDGE('',*,*,#2764,.T.);
#2766=CARTESIAN_POINT('',(0.11277774321446,-0.079691911963518,0.0));
#2767=VERTEX_POINT('',#2766);
#2768=CARTESIAN_POINT('',(0.120078740157481,-0.11496062992126,0.0));
#2769=DIRECTION('',(-0.202712658346436,0.979238264237117,0.0));
#2770=VECTOR('',#2769,0.036016482653707);
#2771=LINE('',#2768,#2770);
#2772=EDGE_CURVE('',#2759,#2767,#2771,.T.);
#2773=ORIENTED_EDGE('',*,*,#2772,.T.);
#2774=CARTESIAN_POINT('',(0.085629921259842,-0.085311797702995,0.0));
#2775=DIRECTION('',(0.0,0.0,1.0));
#2776=DIRECTION('',(-0.979238264237122,0.202712658346409,0.0));
#2777=AXIS2_PLACEMENT_3D('',#2774,#2775,#2776);
#2778=CIRCLE('',#2777,0.027723408026511);
#2779=EDGE_CURVE('',#2767,#1840,#2778,.T.);
#2780=ORIENTED_EDGE('',*,*,#2779,.T.);
#2781=EDGE_LOOP('',(#2692,#2701,#2709,#2717,#2725,#2733,#2741,#2749,#2757,#2765,#2773,#2780));
#2782=FACE_OUTER_BOUND('',#2781,.T.);
#2783=ORIENTED_EDGE('',*,*,#1215,.T.);
#2784=ORIENTED_EDGE('',*,*,#1389,.T.);
#2785=ORIENTED_EDGE('',*,*,#1148,.T.);
#2786=ORIENTED_EDGE('',*,*,#1406,.T.);
#2787=ORIENTED_EDGE('',*,*,#992,.T.);
#2788=ORIENTED_EDGE('',*,*,#1311,.T.);
#2789=ORIENTED_EDGE('',*,*,#1059,.T.);
#2790=ORIENTED_EDGE('',*,*,#1328,.T.);
#2791=EDGE_LOOP('',(#2783,#2784,#2785,#2786,#2787,#2788,#2789,#2790));
#2792=FACE_BOUND('',#2791,.T.);
#2793=ADVANCED_FACE('',(#2782,#2792),#2691,.F.);
#2794=CARTESIAN_POINT('',(-0.062955155016731,-0.11642211498672,0.0));
#2795=DIRECTION('',(0.0,0.0,1.0));
#2796=DIRECTION('',(1.0,0.0,0.0));
#2797=AXIS2_PLACEMENT_3D('',#2794,#2795,#2796);
#2798=PLANE('',#2797);
#2799=ORIENTED_EDGE('',*,*,#1972,.T.);
#2800=ORIENTED_EDGE('',*,*,#2257,.T.);
#2801=ORIENTED_EDGE('',*,*,#2135,.T.);
#2802=CARTESIAN_POINT('',(0.051181102362205,-0.11496062992126,0.0));
#2803=VERTEX_POINT('',#2802);
#2804=CARTESIAN_POINT('',(0.05723195910612,-0.085730928612062,0.0));
#2805=DIRECTION('',(-0.20271265834639,-0.979238264237126,0.0));
#2806=VECTOR('',#2805,0.029849427230021);
#2807=LINE('',#2804,#2806);
#2808=EDGE_CURVE('',#1823,#2803,#2807,.T.);
#2809=ORIENTED_EDGE('',*,*,#2808,.T.);
#2810=CARTESIAN_POINT('',(-0.051181102362205,-0.114960629921259,0.0));
#2811=VERTEX_POINT('',#2810);
#2812=CARTESIAN_POINT('',(0.051181102362205,-0.11496062992126,0.0));
#2813=DIRECTION('',(-1.0,0.0,0.0));
#2814=VECTOR('',#2813,0.10236220472441);
#2815=LINE('',#2812,#2814);
#2816=EDGE_CURVE('',#2803,#2811,#2815,.T.);
#2817=ORIENTED_EDGE('',*,*,#2816,.T.);
#2818=CARTESIAN_POINT('',(-0.051181102362205,-0.114960629921259,0.0));
#2819=DIRECTION('',(-0.202712658346355,0.979238264237133,0.0));
#2820=VECTOR('',#2819,0.02984942723002);
#2821=LINE('',#2818,#2820);
#2822=EDGE_CURVE('',#2811,#1964,#2821,.T.);
#2823=ORIENTED_EDGE('',*,*,#2822,.T.);
#2824=EDGE_LOOP('',(#2799,#2800,#2801,#2809,#2817,#2823));
#2825=FACE_OUTER_BOUND('',#2824,.T.);
#2826=ADVANCED_FACE('',(#2825),#2798,.F.);
#2827=CARTESIAN_POINT('',(-0.06295515501673,0.084269443546601,0.0));
#2828=DIRECTION('',(0.0,0.0,1.0));
#2829=DIRECTION('',(1.0,0.0,0.0));
#2830=AXIS2_PLACEMENT_3D('',#2827,#2828,#2829);
#2831=PLANE('',#2830);
#2832=ORIENTED_EDGE('',*,*,#1905,.T.);
#2833=CARTESIAN_POINT('',(-0.051181102362205,0.114960629921258,0.0));
#2834=VERTEX_POINT('',#2833);
#2835=CARTESIAN_POINT('',(-0.057231959106118,0.085730928612063,0.0));
#2836=DIRECTION('',(0.202712658346356,0.979238264237133,0.0));
#2837=VECTOR('',#2836,0.029849427230018);
#2838=LINE('',#2835,#2837);
#2839=EDGE_CURVE('',#1790,#2834,#2838,.T.);
#2840=ORIENTED_EDGE('',*,*,#2839,.T.);
#2841=CARTESIAN_POINT('',(0.051181102362205,0.114960629921258,0.0));
#2842=VERTEX_POINT('',#2841);
#2843=CARTESIAN_POINT('',(-0.051181102362205,0.114960629921258,0.0));
#2844=DIRECTION('',(1.0,0.0,0.0));
#2845=VECTOR('',#2844,0.10236220472441);
#2846=LINE('',#2843,#2845);
#2847=EDGE_CURVE('',#2834,#2842,#2846,.T.);
#2848=ORIENTED_EDGE('',*,*,#2847,.T.);
#2849=CARTESIAN_POINT('',(0.051181102362205,0.114960629921258,0.0));
#2850=DIRECTION('',(0.20271265834639,-0.979238264237126,0.0));
#2851=VECTOR('',#2850,0.029849427230019);
#2852=LINE('',#2849,#2851);
#2853=EDGE_CURVE('',#2842,#1737,#2852,.T.);
#2854=ORIENTED_EDGE('',*,*,#2853,.T.);
#2855=ORIENTED_EDGE('',*,*,#2068,.T.);
#2856=ORIENTED_EDGE('',*,*,#2362,.T.);
#2857=EDGE_LOOP('',(#2832,#2840,#2848,#2854,#2855,#2856));
#2858=FACE_OUTER_BOUND('',#2857,.T.);
#2859=ADVANCED_FACE('',(#2858),#2831,.F.);
#2860=CARTESIAN_POINT('',(0.074404108148963,-0.104136624166331,0.35));
#2861=DIRECTION('',(0.0,0.0,1.0));
#2862=DIRECTION('',(1.0,0.0,0.0));
#2863=AXIS2_PLACEMENT_3D('',#2860,#2861,#2862);
#2864=PLANE('',#2863);
#2865=CARTESIAN_POINT('',(0.067640098317239,-0.105118110236221,0.35));
#2866=VERTEX_POINT('',#2865);
#2867=CARTESIAN_POINT('',(-0.067640098317239,-0.105118110236221,0.35));
#2868=VERTEX_POINT('',#2867);
#2869=CARTESIAN_POINT('',(0.067640098317239,-0.105118110236221,0.35));
#2870=DIRECTION('',(-1.0,0.0,0.0));
#2871=VECTOR('',#2870,0.135280196634478);
#2872=LINE('',#2869,#2871);
#2873=EDGE_CURVE('',#2866,#2868,#2872,.T.);
#2874=ORIENTED_EDGE('',*,*,#2873,.F.);
#2875=CARTESIAN_POINT('',(0.0,0.0,0.35));
#2876=DIRECTION('',(0.0,0.0,1.0));
#2877=DIRECTION('',(0.987014705258263,0.160629921259843,0.0));
#2878=AXIS2_PLACEMENT_3D('',#2875,#2876,#2877);
#2879=CIRCLE('',#2878,0.125);
#2880=EDGE_CURVE('',#2868,#2866,#2879,.T.);
#2881=ORIENTED_EDGE('',*,*,#2880,.F.);
#2882=EDGE_LOOP('',(#2874,#2881));
#2883=FACE_OUTER_BOUND('',#2882,.T.);
#2884=ADVANCED_FACE('',(#2883),#2864,.F.);
#2885=CARTESIAN_POINT('',(0.074404108148962,0.125729317703903,0.35));
#2886=DIRECTION('',(0.0,0.0,1.0));
#2887=DIRECTION('',(1.0,0.0,0.0));
#2888=AXIS2_PLACEMENT_3D('',#2885,#2886,#2887);
#2889=PLANE('',#2888);
#2890=CARTESIAN_POINT('',(0.067640098317238,0.105118110236221,0.35));
#2891=VERTEX_POINT('',#2890);
#2892=CARTESIAN_POINT('',(-0.067640098317238,0.105118110236221,0.35));
#2893=VERTEX_POINT('',#2892);
#2894=CARTESIAN_POINT('',(0.067640098317238,0.105118110236221,0.35));
#2895=DIRECTION('',(-1.0,0.0,0.0));
#2896=VECTOR('',#2895,0.135280196634476);
#2897=LINE('',#2894,#2896);
#2898=EDGE_CURVE('',#2891,#2893,#2897,.T.);
#2899=ORIENTED_EDGE('',*,*,#2898,.T.);
#2900=CARTESIAN_POINT('',(0.0,0.0,0.35));
#2901=DIRECTION('',(0.0,0.0,1.0));
#2902=DIRECTION('',(0.987014705258263,0.160629921259843,0.0));
#2903=AXIS2_PLACEMENT_3D('',#2900,#2901,#2902);
#2904=CIRCLE('',#2903,0.125);
#2905=EDGE_CURVE('',#2891,#2893,#2904,.T.);
#2906=ORIENTED_EDGE('',*,*,#2905,.F.);
#2907=EDGE_LOOP('',(#2899,#2906));
#2908=FACE_OUTER_BOUND('',#2907,.T.);
#2909=ADVANCED_FACE('',(#2908),#2889,.F.);
#2910=CARTESIAN_POINT('',(0.0,0.0,0.35));
#2911=DIRECTION('',(0.0,0.0,1.0));
#2912=DIRECTION('',(-1.0,0.0,0.0));
#2913=AXIS2_PLACEMENT_3D('',#2910,#2911,#2912);
#2914=CYLINDRICAL_SURFACE('',#2913,0.082677165354331);
#2915=CARTESIAN_POINT('',(-0.082677165354331,3.037510E-017,0.7));
#2916=VERTEX_POINT('',#2915);
#2917=CARTESIAN_POINT('',(0.0,0.0,0.7));
#2918=DIRECTION('',(0.0,0.0,-1.0));
#2919=DIRECTION('',(1.0,0.0,0.0));
#2920=AXIS2_PLACEMENT_3D('',#2917,#2918,#2919);
#2921=CIRCLE('',#2920,0.082677165354331);
#2922=EDGE_CURVE('',#2916,#2916,#2921,.T.);
#2923=ORIENTED_EDGE('',*,*,#2922,.F.);
#2924=EDGE_LOOP('',(#2923));
#2925=FACE_OUTER_BOUND('',#2924,.T.);
#2926=CARTESIAN_POINT('',(-0.082677165354331,3.037510E-017,0.35));
#2927=VERTEX_POINT('',#2926);
#2928=CARTESIAN_POINT('',(0.0,0.0,0.35));
#2929=DIRECTION('',(0.0,0.0,1.0));
#2930=DIRECTION('',(1.0,0.0,0.0));
#2931=AXIS2_PLACEMENT_3D('',#2928,#2929,#2930);
#2932=CIRCLE('',#2931,0.082677165354331);
#2933=EDGE_CURVE('',#2927,#2927,#2932,.T.);
#2934=ORIENTED_EDGE('',*,*,#2933,.F.);
#2935=EDGE_LOOP('',(#2934));
#2936=FACE_BOUND('',#2935,.T.);
#2937=ADVANCED_FACE('',(#2925,#2936),#2914,.F.);
#2938=CARTESIAN_POINT('',(0.0,0.0,-0.202952755905512));
#2939=DIRECTION('',(0.0,0.0,-1.0));
#2940=DIRECTION('',(1.0,0.0,0.0));
#2941=AXIS2_PLACEMENT_3D('',#2938,#2939,#2940);
#2942=CONICAL_SURFACE('',#2941,1.0,45.000000000000014);
#2943=CARTESIAN_POINT('',(0.095424082251771,0.02007874015748,0.699533597460264));
#2944=VERTEX_POINT('',#2943);
#2945=CARTESIAN_POINT('',(0.123376838157283,0.02007874015748,0.672047244094488));
#2946=VERTEX_POINT('',#2945);
#2947=CARTESIAN_POINT('',(0.095424082251771,0.02007874015748,0.699533597460264));
#2948=CARTESIAN_POINT('',(0.107674005809514,0.02007874015748,0.687546170535943));
#2949=CARTESIAN_POINT('',(0.123376838157283,0.02007874015748,0.672047244094488));
#2957=(BOUNDED_CURVE()B_SPLINE_CURVE(2,(#2947,#2948,#2949),.UNSPECIFIED.,.F.,.U.)B_SPLINE_CURVE_WITH_KNOTS((3,3),(0.003648602385052,0.199883466413056),.UNSPECIFIED.)CURVE()GEOMETRIC_REPRESENTATION_ITEM()RATIONAL_B_SPLINE_CURVE((1.001792594049063,1.049858674495524,1.082868166353168))REPRESENTATION_ITEM(''));
#2958=EDGE_CURVE('',#2944,#2946,#2957,.T.);
#2959=ORIENTED_EDGE('',*,*,#2958,.T.);
#2960=CARTESIAN_POINT('',(0.123376838157283,-0.02007874015748,0.672047244094488));
#2961=VERTEX_POINT('',#2960);
#2962=CARTESIAN_POINT('',(0.0,0.0,0.672047244094488));
#2963=DIRECTION('',(0.0,0.0,1.0));
#2964=DIRECTION('',(-0.987014705258264,-0.160629921259842,0.0));
#2965=AXIS2_PLACEMENT_3D('',#2962,#2963,#2964);
#2966=CIRCLE('',#2965,0.125);
#2967=EDGE_CURVE('',#2946,#2961,#2966,.T.);
#2968=ORIENTED_EDGE('',*,*,#2967,.T.);
#2969=CARTESIAN_POINT('',(0.095424082251771,-0.02007874015748,0.699533597460264));
#2970=VERTEX_POINT('',#2969);
#2971=CARTESIAN_POINT('',(0.123376838157283,-0.02007874015748,0.672047244094488));
#2972=CARTESIAN_POINT('',(0.107674005809514,-0.02007874015748,0.687546170535942));
#2973=CARTESIAN_POINT('',(0.095424082251771,-0.02007874015748,0.699533597460264));
#2981=(BOUNDED_CURVE()B_SPLINE_CURVE(2,(#2971,#2972,#2973),.UNSPECIFIED.,.F.,.U.)B_SPLINE_CURVE_WITH_KNOTS((3,3),(1.060319163132404,1.2565540271604),.UNSPECIFIED.)CURVE()GEOMETRIC_REPRESENTATION_ITEM()RATIONAL_B_SPLINE_CURVE((1.08286816635317,1.049858674495527,1.001792594049066))REPRESENTATION_ITEM(''));
#2982=EDGE_CURVE('',#2961,#2970,#2981,.T.);
#2983=ORIENTED_EDGE('',*,*,#2982,.T.);
#2984=CARTESIAN_POINT('',(0.095424082251771,-0.017675183527828,0.7));
#2985=VERTEX_POINT('',#2984);
#2986=CARTESIAN_POINT('',(0.095424082251771,-0.02007874015748,0.699533597460264));
#2987=CARTESIAN_POINT('',(0.095424082251771,-0.018874080932435,0.699781645199148));
#2988=CARTESIAN_POINT('',(0.095424082251771,-0.017675183527828,0.7));
#2996=(BOUNDED_CURVE()B_SPLINE_CURVE(2,(#2986,#2987,#2988),.UNSPECIFIED.,.F.,.U.)B_SPLINE_CURVE_WITH_KNOTS((3,3),(1.378680155574983,1.393013527374981),.UNSPECIFIED.)CURVE()GEOMETRIC_REPRESENTATION_ITEM()RATIONAL_B_SPLINE_CURVE((1.011567021400891,1.005843638648791,1.0))REPRESENTATION_ITEM(''));
#2997=EDGE_CURVE('',#2970,#2985,#2996,.T.);
#2998=ORIENTED_EDGE('',*,*,#2997,.T.);
#2999=CARTESIAN_POINT('',(0.095424082251771,0.017675183527828,0.7));
#3000=VERTEX_POINT('',#2999);
#3001=CARTESIAN_POINT('',(0.0,0.0,0.7));
#3002=DIRECTION('',(0.0,0.0,-1.0));
#3003=DIRECTION('',(-0.987014705258264,-0.160629921259842,0.0));
#3004=AXIS2_PLACEMENT_3D('',#3001,#3002,#3003);
#3005=CIRCLE('',#3004,0.097047244094488);
#3006=EDGE_CURVE('',#2985,#3000,#3005,.T.);
#3007=ORIENTED_EDGE('',*,*,#3006,.T.);
#3008=CARTESIAN_POINT('',(0.095424082251771,0.017675183527828,0.7));
#3009=CARTESIAN_POINT('',(0.095424082251771,0.018874080932435,0.699781645199148));
#3010=CARTESIAN_POINT('',(0.095424082251771,0.02007874015748,0.699533597460264));
#3018=(BOUNDED_CURVE()B_SPLINE_CURVE(2,(#3008,#3009,#3010),.UNSPECIFIED.,.F.,.U.)B_SPLINE_CURVE_WITH_KNOTS((3,3),(0.0,0.014333371800008),.UNSPECIFIED.)CURVE()GEOMETRIC_REPRESENTATION_ITEM()RATIONAL_B_SPLINE_CURVE((1.0,1.005843638648794,1.011567021400899))REPRESENTATION_ITEM(''));
#3019=EDGE_CURVE('',#3000,#2944,#3018,.T.);
#3020=ORIENTED_EDGE('',*,*,#3019,.T.);
#3021=EDGE_LOOP('',(#2959,#2968,#2983,#2998,#3007,#3020));
#3022=FACE_OUTER_BOUND('',#3021,.T.);
#3023=ADVANCED_FACE('',(#3022),#2942,.T.);
#3024=CARTESIAN_POINT('',(0.105047648569084,0.106469350107381,0.7));
#3025=DIRECTION('',(0.0,0.0,1.0));
#3026=DIRECTION('',(1.0,0.0,0.0));
#3027=AXIS2_PLACEMENT_3D('',#3024,#3025,#3026);
#3028=PLANE('',#3027);
#3029=ORIENTED_EDGE('',*,*,#3006,.F.);
#3030=CARTESIAN_POINT('',(0.095424082251771,0.017675183527828,0.7));
#3031=DIRECTION('',(0.0,-1.0,0.0));
#3032=VECTOR('',#3031,0.035350367055656);
#3033=LINE('',#3030,#3032);
#3034=EDGE_CURVE('',#3000,#2985,#3033,.T.);
#3035=ORIENTED_EDGE('',*,*,#3034,.F.);
#3036=EDGE_LOOP('',(#3029,#3035));
#3037=FACE_OUTER_BOUND('',#3036,.T.);
#3038=ORIENTED_EDGE('',*,*,#2922,.T.);
#3039=EDGE_LOOP('',(#3038));
#3040=FACE_BOUND('',#3039,.T.);
#3041=ADVANCED_FACE('',(#3037,#3040),#3028,.T.);
#3042=CARTESIAN_POINT('',(0.095424082251771,0.022086614173228,0.3325));
#3043=DIRECTION('',(1.0,0.0,0.0));
#3044=DIRECTION('',(0.0,0.0,-1.0));
#3045=AXIS2_PLACEMENT_3D('',#3042,#3043,#3044);
#3046=PLANE('',#3045);
#3047=ORIENTED_EDGE('',*,*,#3019,.F.);
#3048=ORIENTED_EDGE('',*,*,#3034,.T.);
#3049=ORIENTED_EDGE('',*,*,#2997,.F.);
#3050=CARTESIAN_POINT('',(0.095424082251771,-0.02007874015748,0.35));
#3051=VERTEX_POINT('',#3050);
#3052=CARTESIAN_POINT('',(0.095424082251771,-0.02007874015748,0.35));
#3053=DIRECTION('',(0.0,0.0,1.0));
#3054=VECTOR('',#3053,0.349533597460264);
#3055=LINE('',#3052,#3054);
#3056=EDGE_CURVE('',#3051,#2970,#3055,.T.);
#3057=ORIENTED_EDGE('',*,*,#3056,.F.);
#3058=CARTESIAN_POINT('',(0.095424082251771,0.02007874015748,0.35));
#3059=VERTEX_POINT('',#3058);
#3060=CARTESIAN_POINT('',(0.095424082251771,0.02007874015748,0.35));
#3061=DIRECTION('',(0.0,-1.0,0.0));
#3062=VECTOR('',#3061,0.04015748031496);
#3063=LINE('',#3060,#3062);
#3064=EDGE_CURVE('',#3059,#3051,#3063,.T.);
#3065=ORIENTED_EDGE('',*,*,#3064,.F.);
#3066=CARTESIAN_POINT('',(0.095424082251771,0.02007874015748,0.35));
#3067=DIRECTION('',(0.0,0.0,1.0));
#3068=VECTOR('',#3067,0.349533597460264);
#3069=LINE('',#3066,#3068);
#3070=EDGE_CURVE('',#3059,#2944,#3069,.T.);
#3071=ORIENTED_EDGE('',*,*,#3070,.T.);
#3072=EDGE_LOOP('',(#3047,#3048,#3049,#3057,#3065,#3071));
#3073=FACE_OUTER_BOUND('',#3072,.T.);
#3074=ADVANCED_FACE('',(#3073),#3046,.T.);
#3075=CARTESIAN_POINT('',(0.124774475952559,0.02007874015748,0.332523320126987));
#3076=DIRECTION('',(0.0,-1.0,0.0));
#3077=DIRECTION('',(0.0,0.0,-1.0));
#3078=AXIS2_PLACEMENT_3D('',#3075,#3076,#3077);
#3079=PLANE('',#3078);
#3080=ORIENTED_EDGE('',*,*,#2958,.F.);
#3081=ORIENTED_EDGE('',*,*,#3070,.F.);
#3082=CARTESIAN_POINT('',(0.123376838157283,0.02007874015748,0.35));
#3083=VERTEX_POINT('',#3082);
#3084=CARTESIAN_POINT('',(0.123376838157283,0.02007874015748,0.35));
#3085=DIRECTION('',(-1.0,0.0,0.0));
#3086=VECTOR('',#3085,0.027952755905512);
#3087=LINE('',#3084,#3086);
#3088=EDGE_CURVE('',#3083,#3059,#3087,.T.);
#3089=ORIENTED_EDGE('',*,*,#3088,.F.);
#3090=CARTESIAN_POINT('',(0.123376838157283,0.02007874015748,0.35));
#3091=DIRECTION('',(0.0,0.0,1.0));
#3092=VECTOR('',#3091,0.322047244094488);
#3093=LINE('',#3090,#3092);
#3094=EDGE_CURVE('',#3083,#2946,#3093,.T.);
#3095=ORIENTED_EDGE('',*,*,#3094,.T.);
#3096=EDGE_LOOP('',(#3080,#3081,#3089,#3095));
#3097=FACE_OUTER_BOUND('',#3096,.T.);
#3098=ADVANCED_FACE('',(#3097),#3079,.T.);
#3099=CARTESIAN_POINT('',(0.124774475952559,-0.02007874015748,0.717010277333277));
#3100=DIRECTION('',(0.0,1.0,0.0));
#3101=DIRECTION('',(0.0,0.0,1.0));
#3102=AXIS2_PLACEMENT_3D('',#3099,#3100,#3101);
#3103=PLANE('',#3102);
#3104=ORIENTED_EDGE('',*,*,#2982,.F.);
#3105=CARTESIAN_POINT('',(0.123376838157283,-0.02007874015748,0.35));
#3106=VERTEX_POINT('',#3105);
#3107=CARTESIAN_POINT('',(0.123376838157283,-0.02007874015748,0.35));
#3108=DIRECTION('',(0.0,0.0,1.0));
#3109=VECTOR('',#3108,0.322047244094488);
#3110=LINE('',#3107,#3109);
#3111=EDGE_CURVE('',#3106,#2961,#3110,.T.);
#3112=ORIENTED_EDGE('',*,*,#3111,.F.);
#3113=CARTESIAN_POINT('',(0.095424082251771,-0.02007874015748,0.35));
#3114=DIRECTION('',(1.0,0.0,0.0));
#3115=VECTOR('',#3114,0.027952755905512);
#3116=LINE('',#3113,#3115);
#3117=EDGE_CURVE('',#3051,#3106,#3116,.T.);
#3118=ORIENTED_EDGE('',*,*,#3117,.F.);
#3119=ORIENTED_EDGE('',*,*,#3056,.T.);
#3120=EDGE_LOOP('',(#3104,#3112,#3118,#3119));
#3121=FACE_OUTER_BOUND('',#3120,.T.);
#3122=ADVANCED_FACE('',(#3121),#3103,.T.);
#3123=CARTESIAN_POINT('',(0.0,0.0,0.333897637795276));
#3124=DIRECTION('',(0.0,0.0,1.0));
#3125=DIRECTION('',(1.0,0.0,0.0));
#3126=AXIS2_PLACEMENT_3D('',#3123,#3124,#3125);
#3127=CYLINDRICAL_SURFACE('',#3126,0.125);
#3128=ORIENTED_EDGE('',*,*,#2967,.F.);
#3129=ORIENTED_EDGE('',*,*,#3094,.F.);
#3130=CARTESIAN_POINT('',(0.0,0.0,0.35));
#3131=DIRECTION('',(0.0,0.0,-1.0));
#3132=DIRECTION('',(0.987014705258263,0.160629921259843,0.0));
#3133=AXIS2_PLACEMENT_3D('',#3130,#3131,#3132);
#3134=CIRCLE('',#3133,0.125);
#3135=EDGE_CURVE('',#2891,#3083,#3134,.T.);
#3136=ORIENTED_EDGE('',*,*,#3135,.F.);
#3137=ORIENTED_EDGE('',*,*,#2905,.T.);
#3138=CARTESIAN_POINT('',(0.0,0.0,0.35));
#3139=DIRECTION('',(0.0,0.0,-1.0));
#3140=DIRECTION('',(0.987014705258263,0.160629921259843,0.0));
#3141=AXIS2_PLACEMENT_3D('',#3138,#3139,#3140);
#3142=CIRCLE('',#3141,0.125);
#3143=EDGE_CURVE('',#2868,#2893,#3142,.T.);
#3144=ORIENTED_EDGE('',*,*,#3143,.F.);
#3145=ORIENTED_EDGE('',*,*,#2880,.T.);
#3146=CARTESIAN_POINT('',(0.0,0.0,0.35));
#3147=DIRECTION('',(0.0,0.0,-1.0));
#3148=DIRECTION('',(0.987014705258263,0.160629921259843,0.0));
#3149=AXIS2_PLACEMENT_3D('',#3146,#3147,#3148);
#3150=CIRCLE('',#3149,0.125);
#3151=EDGE_CURVE('',#3106,#2866,#3150,.T.);
#3152=ORIENTED_EDGE('',*,*,#3151,.F.);
#3153=ORIENTED_EDGE('',*,*,#3111,.T.);
#3154=EDGE_LOOP('',(#3128,#3129,#3136,#3137,#3144,#3145,#3152,#3153));
#3155=FACE_OUTER_BOUND('',#3154,.T.);
#3156=ADVANCED_FACE('',(#3155),#3127,.T.);
#3157=CARTESIAN_POINT('',(-0.0585221032331,0.115629921259843,0.35));
#3158=DIRECTION('',(0.0,0.0,1.0));
#3159=DIRECTION('',(1.0,0.0,0.0));
#3160=AXIS2_PLACEMENT_3D('',#3157,#3158,#3159);
#3161=PLANE('',#3160);
#3162=ORIENTED_EDGE('',*,*,#3143,.T.);
#3163=CARTESIAN_POINT('',(-0.187007874015748,0.105118110236221,0.35));
#3164=VERTEX_POINT('',#3163);
#3165=CARTESIAN_POINT('',(-0.067640098317238,0.105118110236221,0.35));
#3166=DIRECTION('',(-1.0,0.0,0.0));
#3167=VECTOR('',#3166,0.11936777569851);
#3168=LINE('',#3165,#3167);
#3169=EDGE_CURVE('',#2893,#3164,#3168,.T.);
#3170=ORIENTED_EDGE('',*,*,#3169,.T.);
#3171=CARTESIAN_POINT('',(-0.25,0.105118110236221,0.35));
#3172=VERTEX_POINT('',#3171);
#3173=CARTESIAN_POINT('',(-0.187007874015748,0.105118110236221,0.35));
#3174=DIRECTION('',(-1.0,0.0,0.0));
#3175=VECTOR('',#3174,0.062992125984252);
#3176=LINE('',#3173,#3175);
#3177=EDGE_CURVE('',#3164,#3172,#3176,.T.);
#3178=ORIENTED_EDGE('',*,*,#3177,.T.);
#3179=CARTESIAN_POINT('',(-0.25,-0.105118110236221,0.35));
#3180=VERTEX_POINT('',#3179);
#3181=CARTESIAN_POINT('',(-0.25,0.105118110236221,0.35));
#3182=DIRECTION('',(0.0,-1.0,0.0));
#3183=VECTOR('',#3182,0.210236220472442);
#3184=LINE('',#3181,#3183);
#3185=EDGE_CURVE('',#3172,#3180,#3184,.T.);
#3186=ORIENTED_EDGE('',*,*,#3185,.T.);
#3187=CARTESIAN_POINT('',(-0.187007874015748,-0.105118110236221,0.35));
#3188=VERTEX_POINT('',#3187);
#3189=CARTESIAN_POINT('',(-0.187007874015748,-0.105118110236221,0.35));
#3190=DIRECTION('',(-1.0,0.0,0.0));
#3191=VECTOR('',#3190,0.062992125984252);
#3192=LINE('',#3189,#3191);
#3193=EDGE_CURVE('',#3188,#3180,#3192,.T.);
#3194=ORIENTED_EDGE('',*,*,#3193,.F.);
#3195=CARTESIAN_POINT('',(-0.067640098317239,-0.105118110236221,0.35));
#3196=DIRECTION('',(-1.0,0.0,0.0));
#3197=VECTOR('',#3196,0.119367775698509);
#3198=LINE('',#3195,#3197);
#3199=EDGE_CURVE('',#2868,#3188,#3198,.T.);
#3200=ORIENTED_EDGE('',*,*,#3199,.F.);
#3201=EDGE_LOOP('',(#3162,#3170,#3178,#3186,#3194,#3200));
#3202=FACE_OUTER_BOUND('',#3201,.T.);
#3203=ADVANCED_FACE('',(#3202),#3161,.T.);
#3204=CARTESIAN_POINT('',(0.259117995084138,0.115629921259843,0.35));
#3205=DIRECTION('',(0.0,0.0,1.0));
#3206=DIRECTION('',(1.0,0.0,0.0));
#3207=AXIS2_PLACEMENT_3D('',#3204,#3205,#3206);
#3208=PLANE('',#3207);
#3209=ORIENTED_EDGE('',*,*,#3135,.T.);
#3210=ORIENTED_EDGE('',*,*,#3088,.T.);
#3211=ORIENTED_EDGE('',*,*,#3064,.T.);
#3212=ORIENTED_EDGE('',*,*,#3117,.T.);
#3213=ORIENTED_EDGE('',*,*,#3151,.T.);
#3214=CARTESIAN_POINT('',(0.187007874015748,-0.105118110236221,0.35));
#3215=VERTEX_POINT('',#3214);
#3216=CARTESIAN_POINT('',(0.187007874015748,-0.105118110236221,0.35));
#3217=DIRECTION('',(-1.0,0.0,0.0));
#3218=VECTOR('',#3217,0.119367775698509);
#3219=LINE('',#3216,#3218);
#3220=EDGE_CURVE('',#3215,#2866,#3219,.T.);
#3221=ORIENTED_EDGE('',*,*,#3220,.F.);
#3222=CARTESIAN_POINT('',(0.25,-0.105118110236222,0.35));
#3223=VERTEX_POINT('',#3222);
#3224=CARTESIAN_POINT('',(0.187007874015748,-0.105118110236222,0.35));
#3225=DIRECTION('',(1.0,0.0,0.0));
#3226=VECTOR('',#3225,0.062992125984252);
#3227=LINE('',#3224,#3226);
#3228=EDGE_CURVE('',#3215,#3223,#3227,.T.);
#3229=ORIENTED_EDGE('',*,*,#3228,.T.);
#3230=CARTESIAN_POINT('',(0.25,0.105118110236221,0.35));
#3231=VERTEX_POINT('',#3230);
#3232=CARTESIAN_POINT('',(0.25,-0.105118110236222,0.35));
#3233=DIRECTION('',(0.0,1.0,0.0));
#3234=VECTOR('',#3233,0.210236220472443);
#3235=LINE('',#3232,#3234);
#3236=EDGE_CURVE('',#3223,#3231,#3235,.T.);
#3237=ORIENTED_EDGE('',*,*,#3236,.T.);
#3238=CARTESIAN_POINT('',(0.187007874015748,0.105118110236221,0.35));
#3239=VERTEX_POINT('',#3238);
#3240=CARTESIAN_POINT('',(0.187007874015748,0.105118110236221,0.35));
#3241=DIRECTION('',(1.0,0.0,0.0));
#3242=VECTOR('',#3241,0.062992125984252);
#3243=LINE('',#3240,#3242);
#3244=EDGE_CURVE('',#3239,#3231,#3243,.T.);
#3245=ORIENTED_EDGE('',*,*,#3244,.F.);
#3246=CARTESIAN_POINT('',(0.187007874015748,0.105118110236221,0.35));
#3247=DIRECTION('',(-1.0,0.0,0.0));
#3248=VECTOR('',#3247,0.11936777569851);
#3249=LINE('',#3246,#3248);
#3250=EDGE_CURVE('',#3239,#2891,#3249,.T.);
#3251=ORIENTED_EDGE('',*,*,#3250,.T.);
#3252=EDGE_LOOP('',(#3209,#3210,#3211,#3212,#3213,#3221,#3229,#3237,#3245,#3251));
#3253=FACE_OUTER_BOUND('',#3252,.T.);
#3254=ADVANCED_FACE('',(#3253),#3208,.T.);
#3255=CARTESIAN_POINT('',(0.046816765622792,0.136043307086616,0.006476377952756));
#3256=DIRECTION('',(0.979238264237125,0.202712658346398,0.0));
#3257=DIRECTION('',(0.0,0.0,-1.0));
#3258=AXIS2_PLACEMENT_3D('',#3255,#3256,#3257);
#3259=PLANE('',#3258);
#3260=CARTESIAN_POINT('',(0.051181102362205,0.114960629921258,0.027559055118111));
#3261=VERTEX_POINT('',#3260);
#3262=CARTESIAN_POINT('',(0.051181102362205,0.114960629921258,0.00748031496063));
#3263=VERTEX_POINT('',#3262);
#3264=CARTESIAN_POINT('',(0.051181102362205,0.114960629921257,0.027559055118111));
#3265=DIRECTION('',(0.0,0.0,-1.0));
#3266=VECTOR('',#3265,0.020078740157481);
#3267=LINE('',#3264,#3266);
#3268=EDGE_CURVE('',#3261,#3263,#3267,.T.);
#3269=ORIENTED_EDGE('',*,*,#3268,.F.);
#3270=CARTESIAN_POINT('',(0.047024591181812,0.135039370078741,0.027559055118111));
#3271=VERTEX_POINT('',#3270);
#3272=CARTESIAN_POINT('',(0.047024591181812,0.135039370078741,0.027559055118111));
#3273=DIRECTION('',(0.202712658346398,-0.979238264237124,0.0));
#3274=VECTOR('',#3273,0.020504448090706);
#3275=LINE('',#3272,#3274);
#3276=EDGE_CURVE('',#3271,#3261,#3275,.T.);
#3277=ORIENTED_EDGE('',*,*,#3276,.F.);
#3278=CARTESIAN_POINT('',(0.047024591181812,0.135039370078741,0.00748031496063));
#3279=VERTEX_POINT('',#3278);
#3280=CARTESIAN_POINT('',(0.047024591181812,0.135039370078741,0.00748031496063));
#3281=DIRECTION('',(0.0,0.0,1.0));
#3282=VECTOR('',#3281,0.020078740157481);
#3283=LINE('',#3280,#3282);
#3284=EDGE_CURVE('',#3279,#3271,#3283,.T.);
#3285=ORIENTED_EDGE('',*,*,#3284,.F.);
#3286=CARTESIAN_POINT('',(0.051181102362205,0.114960629921258,0.00748031496063));
#3287=DIRECTION('',(-0.202712658346398,0.979238264237124,2.115058E-016));
#3288=VECTOR('',#3287,0.020504448090706);
#3289=LINE('',#3286,#3288);
#3290=EDGE_CURVE('',#3263,#3279,#3289,.T.);
#3291=ORIENTED_EDGE('',*,*,#3290,.F.);
#3292=EDGE_LOOP('',(#3269,#3277,#3285,#3291));
#3293=FACE_OUTER_BOUND('',#3292,.T.);
#3294=ADVANCED_FACE('',(#3293),#3259,.F.);
#3295=CARTESIAN_POINT('',(-0.12444307689689,0.136043307086615,0.006476377952756));
#3296=DIRECTION('',(0.979238264237123,0.202712658346403,0.0));
#3297=DIRECTION('',(0.0,0.0,-1.0));
#3298=AXIS2_PLACEMENT_3D('',#3295,#3296,#3297);
#3299=PLANE('',#3298);
#3300=CARTESIAN_POINT('',(-0.12007874015748,0.114960629921258,0.027559055118111));
#3301=VERTEX_POINT('',#3300);
#3302=CARTESIAN_POINT('',(-0.120078740157481,0.114960629921259,0.00748031496063));
#3303=VERTEX_POINT('',#3302);
#3304=CARTESIAN_POINT('',(-0.120078740157482,0.114960629921259,0.027559055118111));
#3305=DIRECTION('',(0.0,0.0,-1.0));
#3306=VECTOR('',#3305,0.020078740157481);
#3307=LINE('',#3304,#3306);
#3308=EDGE_CURVE('',#3301,#3303,#3307,.T.);
#3309=ORIENTED_EDGE('',*,*,#3308,.F.);
#3310=CARTESIAN_POINT('',(-0.12423525133787,0.135039370078741,0.027559055118111));
#3311=VERTEX_POINT('',#3310);
#3312=CARTESIAN_POINT('',(-0.12423525133787,0.135039370078741,0.027559055118111));
#3313=DIRECTION('',(0.202712658346404,-0.979238264237123,0.0));
#3314=VECTOR('',#3313,0.020504448090705);
#3315=LINE('',#3312,#3314);
#3316=EDGE_CURVE('',#3311,#3301,#3315,.T.);
#3317=ORIENTED_EDGE('',*,*,#3316,.F.);
#3318=CARTESIAN_POINT('',(-0.12423525133787,0.135039370078741,0.00748031496063));
#3319=VERTEX_POINT('',#3318);
#3320=CARTESIAN_POINT('',(-0.12423525133787,0.135039370078741,0.00748031496063));
#3321=DIRECTION('',(0.0,0.0,1.0));
#3322=VECTOR('',#3321,0.020078740157481);
#3323=LINE('',#3320,#3322);
#3324=EDGE_CURVE('',#3319,#3311,#3323,.T.);
#3325=ORIENTED_EDGE('',*,*,#3324,.F.);
#3326=CARTESIAN_POINT('',(-0.120078740157477,0.11496062992126,0.00748031496063));
#3327=DIRECTION('',(-0.202712658346404,0.979238264237123,2.115058E-016));
#3328=VECTOR('',#3327,0.020504448090704);
#3329=LINE('',#3326,#3328);
#3330=EDGE_CURVE('',#3303,#3319,#3329,.T.);
#3331=ORIENTED_EDGE('',*,*,#3330,.F.);
#3332=EDGE_LOOP('',(#3309,#3317,#3325,#3331));
#3333=FACE_OUTER_BOUND('',#3332,.T.);
#3334=ADVANCED_FACE('',(#3333),#3299,.F.);
#3335=CARTESIAN_POINT('',(0.11987091459846,-0.113956692913386,0.028562992125985));
#3336=DIRECTION('',(-0.979238264237112,-0.202712658346457,0.0));
#3337=DIRECTION('',(0.0,0.0,1.0));
#3338=AXIS2_PLACEMENT_3D('',#3335,#3336,#3337);
#3339=PLANE('',#3338);
#3340=CARTESIAN_POINT('',(0.120078740157481,-0.11496062992126,0.027559055118111));
#3341=VERTEX_POINT('',#3340);
#3342=CARTESIAN_POINT('',(0.120078740157481,-0.11496062992126,0.00748031496063));
#3343=VERTEX_POINT('',#3342);
#3344=CARTESIAN_POINT('',(0.120078740157481,-0.11496062992126,0.027559055118111));
#3345=DIRECTION('',(0.0,0.0,-1.0));
#3346=VECTOR('',#3345,0.020078740157481);
#3347=LINE('',#3344,#3346);
#3348=EDGE_CURVE('',#3341,#3343,#3347,.T.);
#3349=ORIENTED_EDGE('',*,*,#3348,.F.);
#3350=CARTESIAN_POINT('',(0.124235251337873,-0.135039370078741,0.027559055118111));
#3351=VERTEX_POINT('',#3350);
#3352=CARTESIAN_POINT('',(0.124235251337873,-0.135039370078741,0.027559055118111));
#3353=DIRECTION('',(-0.202712658346457,0.979238264237112,0.0));
#3354=VECTOR('',#3353,0.020504448090704);
#3355=LINE('',#3352,#3354);
#3356=EDGE_CURVE('',#3351,#3341,#3355,.T.);
#3357=ORIENTED_EDGE('',*,*,#3356,.F.);
#3358=CARTESIAN_POINT('',(0.124235251337873,-0.135039370078741,0.023228346456693));
#3359=VERTEX_POINT('',#3358);
#3360=CARTESIAN_POINT('',(0.124235251337873,-0.135039370078741,0.023228346456693));
#3361=DIRECTION('',(0.0,0.0,1.0));
#3362=VECTOR('',#3361,0.004330708661418);
#3363=LINE('',#3360,#3362);
#3364=EDGE_CURVE('',#3359,#3351,#3363,.T.);
#3365=ORIENTED_EDGE('',*,*,#3364,.F.);
#3366=CARTESIAN_POINT('',(0.120975242568937,-0.119291338582678,0.00748031496063));
#3367=VERTEX_POINT('',#3366);
#3368=CARTESIAN_POINT('',(0.120975242568937,-0.119291338582678,0.023228346456693));
#3369=DIRECTION('',(-0.979238264237113,-0.202712658346457,1.972152E-031));
#3370=DIRECTION('',(0.202712658346457,-0.979238264237112,-1.274031E-015));
#3371=AXIS2_PLACEMENT_3D('',#3368,#3369,#3370);
#3372=ELLIPSE('',#3371,0.01608192007114,0.015748031496063);
#3373=EDGE_CURVE('',#3367,#3359,#3372,.T.);
#3374=ORIENTED_EDGE('',*,*,#3373,.F.);
#3375=CARTESIAN_POINT('',(0.120078740157479,-0.11496062992126,0.00748031496063));
#3376=DIRECTION('',(0.202712658346457,-0.979238264237112,1.961235E-016));
#3377=VECTOR('',#3376,0.004422528019564);
#3378=LINE('',#3375,#3377);
#3379=EDGE_CURVE('',#3343,#3367,#3378,.T.);
#3380=ORIENTED_EDGE('',*,*,#3379,.F.);
#3381=EDGE_LOOP('',(#3349,#3357,#3365,#3374,#3380));
#3382=FACE_OUTER_BOUND('',#3381,.T.);
#3383=ADVANCED_FACE('',(#3382),#3339,.F.);
#3384=CARTESIAN_POINT('',(-0.051388927921224,-0.113956692913384,0.028562992125985));
#3385=DIRECTION('',(-0.979238264237116,-0.202712658346438,0.0));
#3386=DIRECTION('',(0.0,0.0,1.0));
#3387=AXIS2_PLACEMENT_3D('',#3384,#3385,#3386);
#3388=PLANE('',#3387);
#3389=CARTESIAN_POINT('',(-0.051181102362205,-0.114960629921259,0.027559055118111));
#3390=VERTEX_POINT('',#3389);
#3391=CARTESIAN_POINT('',(-0.051181102362205,-0.11496062992126,0.00748031496063));
#3392=VERTEX_POINT('',#3391);
#3393=CARTESIAN_POINT('',(-0.051181102362205,-0.11496062992126,0.027559055118111));
#3394=DIRECTION('',(0.0,0.0,-1.0));
#3395=VECTOR('',#3394,0.020078740157481);
#3396=LINE('',#3393,#3395);
#3397=EDGE_CURVE('',#3390,#3392,#3396,.T.);
#3398=ORIENTED_EDGE('',*,*,#3397,.F.);
#3399=CARTESIAN_POINT('',(-0.04702459118181,-0.135039370078741,0.027559055118111));
#3400=VERTEX_POINT('',#3399);
#3401=CARTESIAN_POINT('',(-0.04702459118181,-0.135039370078741,0.027559055118111));
#3402=DIRECTION('',(-0.202712658346438,0.979238264237116,0.0));
#3403=VECTOR('',#3402,0.020504448090705);
#3404=LINE('',#3401,#3403);
#3405=EDGE_CURVE('',#3400,#3390,#3404,.T.);
#3406=ORIENTED_EDGE('',*,*,#3405,.F.);
#3407=CARTESIAN_POINT('',(-0.04702459118181,-0.135039370078741,0.023228346456693));
#3408=VERTEX_POINT('',#3407);
#3409=CARTESIAN_POINT('',(-0.04702459118181,-0.135039370078741,0.023228346456693));
#3410=DIRECTION('',(0.0,0.0,1.0));
#3411=VECTOR('',#3410,0.004330708661418);
#3412=LINE('',#3409,#3411);
#3413=EDGE_CURVE('',#3408,#3400,#3412,.T.);
#3414=ORIENTED_EDGE('',*,*,#3413,.F.);
#3415=CARTESIAN_POINT('',(-0.050284599950746,-0.119291338582678,0.00748031496063));
#3416=VERTEX_POINT('',#3415);
#3417=CARTESIAN_POINT('',(-0.050284599950746,-0.119291338582678,0.023228346456693));
#3418=DIRECTION('',(-0.979238264237116,-0.202712658346438,6.162976E-033));
#3419=DIRECTION('',(0.202712658346438,-0.979238264237116,2.548061E-016));
#3420=AXIS2_PLACEMENT_3D('',#3417,#3418,#3419);
#3421=ELLIPSE('',#3420,0.01608192007114,0.015748031496063);
#3422=EDGE_CURVE('',#3416,#3408,#3421,.T.);
#3423=ORIENTED_EDGE('',*,*,#3422,.F.);
#3424=CARTESIAN_POINT('',(-0.051181102362203,-0.11496062992126,0.00748031496063));
#3425=DIRECTION('',(0.202712658346438,-0.979238264237116,1.961235E-016));
#3426=VECTOR('',#3425,0.004422528019564);
#3427=LINE('',#3424,#3426);
#3428=EDGE_CURVE('',#3392,#3416,#3427,.T.);
#3429=ORIENTED_EDGE('',*,*,#3428,.F.);
#3430=EDGE_LOOP('',(#3398,#3406,#3414,#3423,#3429));
#3431=FACE_OUTER_BOUND('',#3430,.T.);
#3432=ADVANCED_FACE('',(#3431),#3388,.F.);
#3433=CARTESIAN_POINT('',(-0.187007874015748,0.134787004266612,0.351003937007874));
#3434=DIRECTION('',(-1.0,0.0,0.0));
#3435=DIRECTION('',(0.0,0.0,1.0));
#3436=AXIS2_PLACEMENT_3D('',#3433,#3434,#3435);
#3437=PLANE('',#3436);
#3438=CARTESIAN_POINT('',(-0.187007874015748,0.133374199788974,0.32992125984252));
#3439=VERTEX_POINT('',#3438);
#3440=CARTESIAN_POINT('',(-0.187007874015748,0.105118110236221,0.32992125984252));
#3441=VERTEX_POINT('',#3440);
#3442=CARTESIAN_POINT('',(-0.187007874015748,0.133374199788974,0.32992125984252));
#3443=DIRECTION('',(0.0,-1.0,0.0));
#3444=VECTOR('',#3443,0.028256089552753);
#3445=LINE('',#3442,#3444);
#3446=EDGE_CURVE('',#3439,#3441,#3445,.T.);
#3447=ORIENTED_EDGE('',*,*,#3446,.T.);
#3448=CARTESIAN_POINT('',(-0.187007874015748,0.105118110236221,0.32992125984252));
#3449=DIRECTION('',(0.0,0.0,1.0));
#3450=VECTOR('',#3449,0.02007874015748);
#3451=LINE('',#3448,#3450);
#3452=EDGE_CURVE('',#3441,#3164,#3451,.T.);
#3453=ORIENTED_EDGE('',*,*,#3452,.T.);
#3454=CARTESIAN_POINT('',(-0.187007874015748,0.105118110236221,0.32007874015748));
#3455=DIRECTION('',(1.0,0.0,0.0));
#3456=DIRECTION('',(0.0,0.0,1.0));
#3457=AXIS2_PLACEMENT_3D('',#3454,#3455,#3456);
#3458=CIRCLE('',#3457,0.02992125984252);
#3459=EDGE_CURVE('',#3439,#3164,#3458,.T.);
#3460=ORIENTED_EDGE('',*,*,#3459,.F.);
#3461=EDGE_LOOP('',(#3447,#3453,#3460));
#3462=FACE_OUTER_BOUND('',#3461,.T.);
#3463=ADVANCED_FACE('',(#3462),#3437,.T.);
#3464=CARTESIAN_POINT('',(0.187007874015748,-0.103705305758582,0.351003937007874));
#3465=DIRECTION('',(-1.0,0.0,0.0));
#3466=DIRECTION('',(0.0,0.0,1.0));
#3467=AXIS2_PLACEMENT_3D('',#3464,#3465,#3466);
#3468=PLANE('',#3467);
#3469=CARTESIAN_POINT('',(0.187007874015748,-0.133374199788974,0.32992125984252));
#3470=VERTEX_POINT('',#3469);
#3471=CARTESIAN_POINT('',(0.187007874015748,-0.105118110236221,0.32992125984252));
#3472=VERTEX_POINT('',#3471);
#3473=CARTESIAN_POINT('',(0.187007874015748,-0.133374199788974,0.32992125984252));
#3474=DIRECTION('',(0.0,1.0,0.0));
#3475=VECTOR('',#3474,0.028256089552753);
#3476=LINE('',#3473,#3475);
#3477=EDGE_CURVE('',#3470,#3472,#3476,.T.);
#3478=ORIENTED_EDGE('',*,*,#3477,.T.);
#3479=CARTESIAN_POINT('',(0.187007874015748,-0.105118110236221,0.32992125984252));
#3480=DIRECTION('',(0.0,0.0,1.0));
#3481=VECTOR('',#3480,0.02007874015748);
#3482=LINE('',#3479,#3481);
#3483=EDGE_CURVE('',#3472,#3215,#3482,.T.);
#3484=ORIENTED_EDGE('',*,*,#3483,.T.);
#3485=CARTESIAN_POINT('',(0.187007874015748,-0.105118110236221,0.32007874015748));
#3486=DIRECTION('',(-1.0,0.0,0.0));
#3487=DIRECTION('',(0.0,-1.0,0.0));
#3488=AXIS2_PLACEMENT_3D('',#3485,#3486,#3487);
#3489=CIRCLE('',#3488,0.02992125984252);
#3490=EDGE_CURVE('',#3470,#3215,#3489,.T.);
#3491=ORIENTED_EDGE('',*,*,#3490,.F.);
#3492=EDGE_LOOP('',(#3478,#3484,#3491));
#3493=FACE_OUTER_BOUND('',#3492,.T.);
#3494=ADVANCED_FACE('',(#3493),#3468,.F.);
#3495=CARTESIAN_POINT('',(0.128095784345676,-0.119291338582678,0.023228346456693));
#3496=DIRECTION('',(-1.0,0.0,0.0));
#3497=DIRECTION('',(0.0,0.707106781186548,0.707106781186548));
#3498=AXIS2_PLACEMENT_3D('',#3495,#3496,#3497);
#3499=CYLINDRICAL_SURFACE('',#3498,0.015748031496063);
#3500=ORIENTED_EDGE('',*,*,#3373,.T.);
#3501=CARTESIAN_POINT('',(0.047024591181812,-0.135039370078741,0.023228346456693));
#3502=VERTEX_POINT('',#3501);
#3503=CARTESIAN_POINT('',(0.124235251337873,-0.135039370078741,0.023228346456693));
#3504=DIRECTION('',(-1.0,0.0,0.0));
#3505=VECTOR('',#3504,0.077210660156061);
#3506=LINE('',#3503,#3505);
#3507=EDGE_CURVE('',#3359,#3502,#3506,.T.);
#3508=ORIENTED_EDGE('',*,*,#3507,.T.);
#3509=CARTESIAN_POINT('',(0.050284599950747,-0.119291338582678,0.00748031496063));
#3510=VERTEX_POINT('',#3509);
#3511=CARTESIAN_POINT('',(0.050284599950747,-0.119291338582678,0.023228346456693));
#3512=DIRECTION('',(0.979238264237125,-0.202712658346398,-1.848893E-032));
#3513=DIRECTION('',(-0.202712658346398,-0.979238264237125,2.548061E-016));
#3514=AXIS2_PLACEMENT_3D('',#3511,#3512,#3513);
#3515=ELLIPSE('',#3514,0.01608192007114,0.015748031496063);
#3516=EDGE_CURVE('',#3502,#3510,#3515,.T.);
#3517=ORIENTED_EDGE('',*,*,#3516,.T.);
#3518=CARTESIAN_POINT('',(0.050284599950747,-0.119291338582678,0.00748031496063));
#3519=DIRECTION('',(1.0,0.0,0.0));
#3520=VECTOR('',#3519,0.07069064261819);
#3521=LINE('',#3518,#3520);
#3522=EDGE_CURVE('',#3510,#3367,#3521,.T.);
#3523=ORIENTED_EDGE('',*,*,#3522,.T.);
#3524=EDGE_LOOP('',(#3500,#3508,#3517,#3523));
#3525=FACE_OUTER_BOUND('',#3524,.T.);
#3526=ADVANCED_FACE('',(#3525),#3499,.T.);
#3527=CARTESIAN_POINT('',(0.046750067819838,-0.054503242231174,0.00748031496063));
#3528=DIRECTION('',(0.0,0.0,-1.0));
#3529=DIRECTION('',(-1.0,0.0,0.0));
#3530=AXIS2_PLACEMENT_3D('',#3527,#3528,#3529);
#3531=PLANE('',#3530);
#3532=ORIENTED_EDGE('',*,*,#3522,.F.);
#3533=CARTESIAN_POINT('',(0.051181102362205,-0.11496062992126,0.00748031496063));
#3534=VERTEX_POINT('',#3533);
#3535=CARTESIAN_POINT('',(0.050284599950747,-0.119291338582678,0.00748031496063));
#3536=DIRECTION('',(0.202712658346398,0.979238264237125,-1.961235E-016));
#3537=VECTOR('',#3536,0.004422528019564);
#3538=LINE('',#3535,#3537);
#3539=EDGE_CURVE('',#3510,#3534,#3538,.T.);
#3540=ORIENTED_EDGE('',*,*,#3539,.T.);
#3541=CARTESIAN_POINT('',(0.058482099305224,-0.079691911963519,0.00748031496063));
#3542=VERTEX_POINT('',#3541);
#3543=CARTESIAN_POINT('',(0.058482099305225,-0.079691911963519,0.00748031496063));
#3544=DIRECTION('',(-0.20271265834639,-0.979238264237126,0.0));
#3545=VECTOR('',#3544,0.036016482653706);
#3546=LINE('',#3543,#3545);
#3547=EDGE_CURVE('',#3542,#3534,#3546,.T.);
#3548=ORIENTED_EDGE('',*,*,#3547,.F.);
#3549=CARTESIAN_POINT('',(0.11277774321446,-0.079691911963517,0.00748031496063));
#3550=VERTEX_POINT('',#3549);
#3551=CARTESIAN_POINT('',(0.085629921259842,-0.085311797702995,0.00748031496063));
#3552=DIRECTION('',(0.0,0.0,1.0));
#3553=DIRECTION('',(-0.979238264237122,0.202712658346409,0.0));
#3554=AXIS2_PLACEMENT_3D('',#3551,#3552,#3553);
#3555=CIRCLE('',#3554,0.027723408026511);
#3556=EDGE_CURVE('',#3550,#3542,#3555,.T.);
#3557=ORIENTED_EDGE('',*,*,#3556,.F.);
#3558=CARTESIAN_POINT('',(0.120078740157481,-0.11496062992126,0.00748031496063));
#3559=DIRECTION('',(-0.202712658346436,0.979238264237117,0.0));
#3560=VECTOR('',#3559,0.036016482653708);
#3561=LINE('',#3558,#3560);
#3562=EDGE_CURVE('',#3343,#3550,#3561,.T.);
#3563=ORIENTED_EDGE('',*,*,#3562,.F.);
#3564=ORIENTED_EDGE('',*,*,#3379,.T.);
#3565=EDGE_LOOP('',(#3532,#3540,#3548,#3557,#3563,#3564));
#3566=FACE_OUTER_BOUND('',#3565,.T.);
#3567=ADVANCED_FACE('',(#3566),#3531,.T.);
#3568=CARTESIAN_POINT('',(0.051388927921224,-0.113956692913386,0.006476377952756));
#3569=DIRECTION('',(0.979238264237125,-0.202712658346398,0.0));
#3570=DIRECTION('',(0.0,0.0,-1.0));
#3571=AXIS2_PLACEMENT_3D('',#3568,#3569,#3570);
#3572=PLANE('',#3571);
#3573=CARTESIAN_POINT('',(0.051181102362205,-0.11496062992126,0.027559055118111));
#3574=VERTEX_POINT('',#3573);
#3575=CARTESIAN_POINT('',(0.051181102362205,-0.11496062992126,0.00748031496063));
#3576=DIRECTION('',(0.0,0.0,1.0));
#3577=VECTOR('',#3576,0.020078740157481);
#3578=LINE('',#3575,#3577);
#3579=EDGE_CURVE('',#3534,#3574,#3578,.T.);
#3580=ORIENTED_EDGE('',*,*,#3579,.F.);
#3581=ORIENTED_EDGE('',*,*,#3539,.F.);
#3582=ORIENTED_EDGE('',*,*,#3516,.F.);
#3583=CARTESIAN_POINT('',(0.047024591181812,-0.135039370078741,0.027559055118111));
#3584=VERTEX_POINT('',#3583);
#3585=CARTESIAN_POINT('',(0.047024591181812,-0.135039370078741,0.027559055118111));
#3586=DIRECTION('',(0.0,0.0,-1.0));
#3587=VECTOR('',#3586,0.004330708661418);
#3588=LINE('',#3585,#3587);
#3589=EDGE_CURVE('',#3584,#3502,#3588,.T.);
#3590=ORIENTED_EDGE('',*,*,#3589,.F.);
#3591=CARTESIAN_POINT('',(0.051181102362204,-0.11496062992126,0.027559055118111));
#3592=DIRECTION('',(-0.202712658346398,-0.979238264237125,0.0));
#3593=VECTOR('',#3592,0.020504448090704);
#3594=LINE('',#3591,#3593);
#3595=EDGE_CURVE('',#3574,#3584,#3594,.T.);
#3596=ORIENTED_EDGE('',*,*,#3595,.F.);
#3597=EDGE_LOOP('',(#3580,#3581,#3582,#3590,#3596));
#3598=FACE_OUTER_BOUND('',#3597,.T.);
#3599=ADVANCED_FACE('',(#3598),#3572,.F.);
#3600=CARTESIAN_POINT('',(-1.006287E-045,-0.119291338582678,0.023228346456693));
#3601=DIRECTION('',(-1.0,0.0,0.0));
#3602=DIRECTION('',(0.0,0.707106781186548,0.707106781186548));
#3603=AXIS2_PLACEMENT_3D('',#3600,#3601,#3602);
#3604=CYLINDRICAL_SURFACE('',#3603,0.015748031496063);
#3605=CARTESIAN_POINT('',(-0.12423525133787,-0.135039370078741,0.023228346456693));
#3606=VERTEX_POINT('',#3605);
#3607=CARTESIAN_POINT('',(-0.120975242568934,-0.119291338582678,0.00748031496063));
#3608=VERTEX_POINT('',#3607);
#3609=CARTESIAN_POINT('',(-0.120975242568934,-0.119291338582678,0.023228346456693));
#3610=DIRECTION('',(0.979238264237123,-0.202712658346403,-1.848893E-032));
#3611=DIRECTION('',(-0.202712658346403,-0.979238264237123,2.548061E-016));
#3612=AXIS2_PLACEMENT_3D('',#3609,#3610,#3611);
#3613=ELLIPSE('',#3612,0.01608192007114,0.015748031496063);
#3614=EDGE_CURVE('',#3606,#3608,#3613,.T.);
#3615=ORIENTED_EDGE('',*,*,#3614,.T.);
#3616=CARTESIAN_POINT('',(-0.120975242568934,-0.119291338582678,0.00748031496063));
#3617=DIRECTION('',(1.0,0.0,0.0));
#3618=VECTOR('',#3617,0.070690642618188);
#3619=LINE('',#3616,#3618);
#3620=EDGE_CURVE('',#3608,#3416,#3619,.T.);
#3621=ORIENTED_EDGE('',*,*,#3620,.T.);
#3622=ORIENTED_EDGE('',*,*,#3422,.T.);
#3623=CARTESIAN_POINT('',(-0.04702459118181,-0.135039370078741,0.023228346456693));
#3624=DIRECTION('',(-1.0,0.0,0.0));
#3625=VECTOR('',#3624,0.07721066015606);
#3626=LINE('',#3623,#3625);
#3627=EDGE_CURVE('',#3408,#3606,#3626,.T.);
#3628=ORIENTED_EDGE('',*,*,#3627,.T.);
#3629=EDGE_LOOP('',(#3615,#3621,#3622,#3628));
#3630=FACE_OUTER_BOUND('',#3629,.T.);
#3631=ADVANCED_FACE('',(#3630),#3604,.T.);
#3632=CARTESIAN_POINT('',(-0.124509774699843,-0.054503242231177,0.00748031496063));
#3633=DIRECTION('',(0.0,0.0,-1.0));
#3634=DIRECTION('',(-1.0,0.0,0.0));
#3635=AXIS2_PLACEMENT_3D('',#3632,#3633,#3634);
#3636=PLANE('',#3635);
#3637=ORIENTED_EDGE('',*,*,#3620,.F.);
#3638=CARTESIAN_POINT('',(-0.120078740157481,-0.11496062992126,0.00748031496063));
#3639=VERTEX_POINT('',#3638);
#3640=CARTESIAN_POINT('',(-0.120975242568934,-0.119291338582678,0.00748031496063));
#3641=DIRECTION('',(0.202712658346402,0.979238264237124,-1.961235E-016));
#3642=VECTOR('',#3641,0.004422528019563);
#3643=LINE('',#3640,#3642);
#3644=EDGE_CURVE('',#3608,#3639,#3643,.T.);
#3645=ORIENTED_EDGE('',*,*,#3644,.T.);
#3646=CARTESIAN_POINT('',(-0.112777743214452,-0.079691911963519,0.00748031496063));
#3647=VERTEX_POINT('',#3646);
#3648=CARTESIAN_POINT('',(-0.112777743214452,-0.079691911963519,0.00748031496063));
#3649=DIRECTION('',(-0.202712658346663,-0.97923826423707,0.0));
#3650=VECTOR('',#3649,0.036016482653707);
#3651=LINE('',#3648,#3650);
#3652=EDGE_CURVE('',#3647,#3639,#3651,.T.);
#3653=ORIENTED_EDGE('',*,*,#3652,.F.);
#3654=CARTESIAN_POINT('',(-0.058482099305222,-0.079691911963517,0.00748031496063));
#3655=VERTEX_POINT('',#3654);
#3656=CARTESIAN_POINT('',(-0.085629921259835,-0.085311797702998,0.00748031496063));
#3657=DIRECTION('',(0.0,0.0,1.0));
#3658=DIRECTION('',(0.979238264237129,-0.202712658346377,0.0));
#3659=AXIS2_PLACEMENT_3D('',#3656,#3657,#3658);
#3660=CIRCLE('',#3659,0.027723408026511);
#3661=EDGE_CURVE('',#3655,#3647,#3660,.T.);
#3662=ORIENTED_EDGE('',*,*,#3661,.F.);
#3663=CARTESIAN_POINT('',(-0.051181102362205,-0.11496062992126,0.00748031496063));
#3664=DIRECTION('',(-0.202712658346356,0.979238264237133,0.0));
#3665=VECTOR('',#3664,0.036016482653707);
#3666=LINE('',#3663,#3665);
#3667=EDGE_CURVE('',#3392,#3655,#3666,.T.);
#3668=ORIENTED_EDGE('',*,*,#3667,.F.);
#3669=ORIENTED_EDGE('',*,*,#3428,.T.);
#3670=EDGE_LOOP('',(#3637,#3645,#3653,#3662,#3668,#3669));
#3671=FACE_OUTER_BOUND('',#3670,.T.);
#3672=ADVANCED_FACE('',(#3671),#3636,.T.);
#3673=CARTESIAN_POINT('',(-0.119870914598457,-0.113956692913383,0.006476377952756));
#3674=DIRECTION('',(0.979238264237123,-0.202712658346403,0.0));
#3675=DIRECTION('',(0.0,0.0,-1.0));
#3676=AXIS2_PLACEMENT_3D('',#3673,#3674,#3675);
#3677=PLANE('',#3676);
#3678=CARTESIAN_POINT('',(-0.12007874015748,-0.114960629921259,0.027559055118111));
#3679=VERTEX_POINT('',#3678);
#3680=CARTESIAN_POINT('',(-0.120078740157482,-0.11496062992126,0.00748031496063));
#3681=DIRECTION('',(0.0,0.0,1.0));
#3682=VECTOR('',#3681,0.020078740157481);
#3683=LINE('',#3680,#3682);
#3684=EDGE_CURVE('',#3639,#3679,#3683,.T.);
#3685=ORIENTED_EDGE('',*,*,#3684,.F.);
#3686=ORIENTED_EDGE('',*,*,#3644,.F.);
#3687=ORIENTED_EDGE('',*,*,#3614,.F.);
#3688=CARTESIAN_POINT('',(-0.12423525133787,-0.135039370078741,0.027559055118111));
#3689=VERTEX_POINT('',#3688);
#3690=CARTESIAN_POINT('',(-0.12423525133787,-0.135039370078741,0.027559055118111));
#3691=DIRECTION('',(0.0,0.0,-1.0));
#3692=VECTOR('',#3691,0.004330708661418);
#3693=LINE('',#3690,#3692);
#3694=EDGE_CURVE('',#3689,#3606,#3693,.T.);
#3695=ORIENTED_EDGE('',*,*,#3694,.F.);
#3696=CARTESIAN_POINT('',(-0.120078740157477,-0.11496062992126,0.027559055118111));
#3697=DIRECTION('',(-0.202712658346404,-0.979238264237123,0.0));
#3698=VECTOR('',#3697,0.020504448090704);
#3699=LINE('',#3696,#3698);
#3700=EDGE_CURVE('',#3679,#3689,#3699,.T.);
#3701=ORIENTED_EDGE('',*,*,#3700,.F.);
#3702=EDGE_LOOP('',(#3685,#3686,#3687,#3695,#3701));
#3703=FACE_OUTER_BOUND('',#3702,.T.);
#3704=ADVANCED_FACE('',(#3703),#3677,.F.);
#3705=CARTESIAN_POINT('',(-3.414810E-017,-4.527480E-019,0.027559055118111));
#3706=DIRECTION('',(0.0,0.0,1.0));
#3707=DIRECTION('',(1.0,0.0,0.0));
#3708=AXIS2_PLACEMENT_3D('',#3705,#3706,#3707);
#3709=PLANE('',#3708);
#3710=CARTESIAN_POINT('',(-0.187007874015748,-0.11496062992126,0.02755905511811));
#3711=VERTEX_POINT('',#3710);
#3712=CARTESIAN_POINT('',(-0.12007874015748,-0.11496062992126,0.027559055118111));
#3713=DIRECTION('',(-1.0,0.0,0.0));
#3714=VECTOR('',#3713,0.066929133858268);
#3715=LINE('',#3712,#3714);
#3716=EDGE_CURVE('',#3679,#3711,#3715,.T.);
#3717=ORIENTED_EDGE('',*,*,#3716,.F.);
#3718=ORIENTED_EDGE('',*,*,#3700,.T.);
#3719=CARTESIAN_POINT('',(-0.187007874015748,-0.135039370078741,0.027559055118111));
#3720=VERTEX_POINT('',#3719);
#3721=CARTESIAN_POINT('',(-0.187007874015748,-0.135039370078741,0.027559055118111));
#3722=DIRECTION('',(1.0,0.0,0.0));
#3723=VECTOR('',#3722,0.062772622677878);
#3724=LINE('',#3721,#3723);
#3725=EDGE_CURVE('',#3720,#3689,#3724,.T.);
#3726=ORIENTED_EDGE('',*,*,#3725,.F.);
#3727=CARTESIAN_POINT('',(-0.187007874015748,-0.11496062992126,0.027559055118111));
#3728=DIRECTION('',(0.0,-1.0,0.0));
#3729=VECTOR('',#3728,0.02007874015748);
#3730=LINE('',#3727,#3729);
#3731=EDGE_CURVE('',#3711,#3720,#3730,.T.);
#3732=ORIENTED_EDGE('',*,*,#3731,.F.);
#3733=EDGE_LOOP('',(#3717,#3718,#3726,#3732));
#3734=FACE_OUTER_BOUND('',#3733,.T.);
#3735=ADVANCED_FACE('',(#3734),#3709,.F.);
#3736=CARTESIAN_POINT('',(0.190354330708661,-0.113956692913386,0.027559055118111));
#3737=DIRECTION('',(0.0,0.0,1.0));
#3738=DIRECTION('',(1.0,0.0,0.0));
#3739=AXIS2_PLACEMENT_3D('',#3736,#3737,#3738);
#3740=PLANE('',#3739);
#3741=CARTESIAN_POINT('',(0.187007874015748,-0.11496062992126,0.02755905511811));
#3742=VERTEX_POINT('',#3741);
#3743=CARTESIAN_POINT('',(0.187007874015748,-0.11496062992126,0.027559055118111));
#3744=DIRECTION('',(-1.0,0.0,0.0));
#3745=VECTOR('',#3744,0.066929133858267);
#3746=LINE('',#3743,#3745);
#3747=EDGE_CURVE('',#3742,#3341,#3746,.T.);
#3748=ORIENTED_EDGE('',*,*,#3747,.F.);
#3749=CARTESIAN_POINT('',(0.187007874015748,-0.135039370078741,0.027559055118111));
#3750=VERTEX_POINT('',#3749);
#3751=CARTESIAN_POINT('',(0.187007874015748,-0.135039370078741,0.027559055118111));
#3752=DIRECTION('',(0.0,1.0,0.0));
#3753=VECTOR('',#3752,0.02007874015748);
#3754=LINE('',#3751,#3753);
#3755=EDGE_CURVE('',#3750,#3742,#3754,.T.);
#3756=ORIENTED_EDGE('',*,*,#3755,.F.);
#3757=CARTESIAN_POINT('',(0.124235251337873,-0.135039370078741,0.027559055118111));
#3758=DIRECTION('',(1.0,0.0,0.0));
#3759=VECTOR('',#3758,0.062772622677875);
#3760=LINE('',#3757,#3759);
#3761=EDGE_CURVE('',#3351,#3750,#3760,.T.);
#3762=ORIENTED_EDGE('',*,*,#3761,.F.);
#3763=ORIENTED_EDGE('',*,*,#3356,.T.);
#3764=EDGE_LOOP('',(#3748,#3756,#3762,#3763));
#3765=FACE_OUTER_BOUND('',#3764,.T.);
#3766=ADVANCED_FACE('',(#3765),#3740,.F.);
#3767=CARTESIAN_POINT('',(0.056299212598426,-0.113956692913384,0.027559055118111));
#3768=DIRECTION('',(0.0,0.0,1.0));
#3769=DIRECTION('',(1.0,0.0,0.0));
#3770=AXIS2_PLACEMENT_3D('',#3767,#3768,#3769);
#3771=PLANE('',#3770);
#3772=CARTESIAN_POINT('',(0.051181102362205,-0.11496062992126,0.027559055118111));
#3773=DIRECTION('',(-1.0,0.0,0.0));
#3774=VECTOR('',#3773,0.102362204724409);
#3775=LINE('',#3772,#3774);
#3776=EDGE_CURVE('',#3574,#3390,#3775,.T.);
#3777=ORIENTED_EDGE('',*,*,#3776,.F.);
#3778=ORIENTED_EDGE('',*,*,#3595,.T.);
#3779=CARTESIAN_POINT('',(-0.04702459118181,-0.135039370078741,0.027559055118111));
#3780=DIRECTION('',(1.0,0.0,0.0));
#3781=VECTOR('',#3780,0.094049182363622);
#3782=LINE('',#3779,#3781);
#3783=EDGE_CURVE('',#3400,#3584,#3782,.T.);
#3784=ORIENTED_EDGE('',*,*,#3783,.F.);
#3785=ORIENTED_EDGE('',*,*,#3405,.T.);
#3786=EDGE_LOOP('',(#3777,#3778,#3784,#3785));
#3787=FACE_OUTER_BOUND('',#3786,.T.);
#3788=ADVANCED_FACE('',(#3787),#3771,.F.);
#3789=CARTESIAN_POINT('',(-0.116732283464563,0.136043307086615,0.027559055118111));
#3790=DIRECTION('',(0.0,0.0,1.0));
#3791=DIRECTION('',(1.0,0.0,0.0));
#3792=AXIS2_PLACEMENT_3D('',#3789,#3790,#3791);
#3793=PLANE('',#3792);
#3794=CARTESIAN_POINT('',(-0.187007874015748,0.11496062992126,0.02755905511811));
#3795=VERTEX_POINT('',#3794);
#3796=CARTESIAN_POINT('',(-0.187007874015748,0.114960629921259,0.027559055118111));
#3797=DIRECTION('',(1.0,0.0,0.0));
#3798=VECTOR('',#3797,0.066929133858268);
#3799=LINE('',#3796,#3798);
#3800=EDGE_CURVE('',#3795,#3301,#3799,.T.);
#3801=ORIENTED_EDGE('',*,*,#3800,.F.);
#3802=CARTESIAN_POINT('',(-0.187007874015748,0.13503937007874,0.027559055118111));
#3803=VERTEX_POINT('',#3802);
#3804=CARTESIAN_POINT('',(-0.187007874015748,0.13503937007874,0.027559055118111));
#3805=DIRECTION('',(0.0,-1.0,0.0));
#3806=VECTOR('',#3805,0.020078740157481);
#3807=LINE('',#3804,#3806);
#3808=EDGE_CURVE('',#3803,#3795,#3807,.T.);
#3809=ORIENTED_EDGE('',*,*,#3808,.F.);
#3810=CARTESIAN_POINT('',(-0.12423525133787,0.135039370078741,0.027559055118111));
#3811=DIRECTION('',(-1.0,0.0,0.0));
#3812=VECTOR('',#3811,0.062772622677878);
#3813=LINE('',#3810,#3812);
#3814=EDGE_CURVE('',#3311,#3803,#3813,.T.);
#3815=ORIENTED_EDGE('',*,*,#3814,.F.);
#3816=ORIENTED_EDGE('',*,*,#3316,.T.);
#3817=EDGE_LOOP('',(#3801,#3809,#3815,#3816));
#3818=FACE_OUTER_BOUND('',#3817,.T.);
#3819=ADVANCED_FACE('',(#3818),#3793,.F.);
#3820=CARTESIAN_POINT('',(0.190354330708661,0.136043307086615,0.027559055118111));
#3821=DIRECTION('',(0.0,0.0,1.0));
#3822=DIRECTION('',(1.0,0.0,0.0));
#3823=AXIS2_PLACEMENT_3D('',#3820,#3821,#3822);
#3824=PLANE('',#3823);
#3825=CARTESIAN_POINT('',(0.12007874015748,0.114960629921258,0.027559055118111));
#3826=VERTEX_POINT('',#3825);
#3827=CARTESIAN_POINT('',(0.187007874015748,0.114960629921259,0.02755905511811));
#3828=VERTEX_POINT('',#3827);
#3829=CARTESIAN_POINT('',(0.12007874015748,0.114960629921259,0.027559055118111));
#3830=DIRECTION('',(1.0,0.0,0.0));
#3831=VECTOR('',#3830,0.066929133858268);
#3832=LINE('',#3829,#3831);
#3833=EDGE_CURVE('',#3826,#3828,#3832,.T.);
#3834=ORIENTED_EDGE('',*,*,#3833,.F.);
#3835=CARTESIAN_POINT('',(0.124235251337873,0.135039370078741,0.027559055118111));
#3836=VERTEX_POINT('',#3835);
#3837=CARTESIAN_POINT('',(0.120078740157479,0.114960629921259,0.027559055118111));
#3838=DIRECTION('',(0.202712658346458,0.979238264237112,0.0));
#3839=VECTOR('',#3838,0.020504448090705);
#3840=LINE('',#3837,#3839);
#3841=EDGE_CURVE('',#3826,#3836,#3840,.T.);
#3842=ORIENTED_EDGE('',*,*,#3841,.T.);
#3843=CARTESIAN_POINT('',(0.187007874015748,0.13503937007874,0.027559055118111));
#3844=VERTEX_POINT('',#3843);
#3845=CARTESIAN_POINT('',(0.187007874015748,0.135039370078741,0.027559055118111));
#3846=DIRECTION('',(-1.0,0.0,0.0));
#3847=VECTOR('',#3846,0.062772622677875);
#3848=LINE('',#3845,#3847);
#3849=EDGE_CURVE('',#3844,#3836,#3848,.T.);
#3850=ORIENTED_EDGE('',*,*,#3849,.F.);
#3851=CARTESIAN_POINT('',(0.187007874015748,0.114960629921259,0.027559055118111));
#3852=DIRECTION('',(0.0,1.0,0.0));
#3853=VECTOR('',#3852,0.020078740157481);
#3854=LINE('',#3851,#3853);
#3855=EDGE_CURVE('',#3828,#3844,#3854,.T.);
#3856=ORIENTED_EDGE('',*,*,#3855,.F.);
#3857=EDGE_LOOP('',(#3834,#3842,#3850,#3856));
#3858=FACE_OUTER_BOUND('',#3857,.T.);
#3859=ADVANCED_FACE('',(#3858),#3824,.F.);
#3860=CARTESIAN_POINT('',(-0.04681676562279,0.136043307086616,0.028562992125985));
#3861=DIRECTION('',(-0.979238264237116,0.202712658346438,0.0));
#3862=DIRECTION('',(0.0,0.0,1.0));
#3863=AXIS2_PLACEMENT_3D('',#3860,#3861,#3862);
#3864=PLANE('',#3863);
#3865=CARTESIAN_POINT('',(-0.051181102362205,0.114960629921259,0.00748031496063));
#3866=VERTEX_POINT('',#3865);
#3867=CARTESIAN_POINT('',(-0.051181102362205,0.114960629921258,0.027559055118111));
#3868=VERTEX_POINT('',#3867);
#3869=CARTESIAN_POINT('',(-0.051181102362205,0.114960629921258,0.00748031496063));
#3870=DIRECTION('',(0.0,0.0,1.0));
#3871=VECTOR('',#3870,0.020078740157481);
#3872=LINE('',#3869,#3871);
#3873=EDGE_CURVE('',#3866,#3868,#3872,.T.);
#3874=ORIENTED_EDGE('',*,*,#3873,.F.);
#3875=CARTESIAN_POINT('',(-0.04702459118181,0.135039370078741,0.00748031496063));
#3876=VERTEX_POINT('',#3875);
#3877=CARTESIAN_POINT('',(-0.04702459118181,0.135039370078741,0.00748031496063));
#3878=DIRECTION('',(-0.202712658346438,-0.979238264237116,-2.538069E-016));
#3879=VECTOR('',#3878,0.020504448090706);
#3880=LINE('',#3877,#3879);
#3881=EDGE_CURVE('',#3876,#3866,#3880,.T.);
#3882=ORIENTED_EDGE('',*,*,#3881,.F.);
#3883=CARTESIAN_POINT('',(-0.04702459118181,0.135039370078741,0.027559055118111));
#3884=VERTEX_POINT('',#3883);
#3885=CARTESIAN_POINT('',(-0.04702459118181,0.135039370078741,0.027559055118111));
#3886=DIRECTION('',(0.0,0.0,-1.0));
#3887=VECTOR('',#3886,0.020078740157481);
#3888=LINE('',#3885,#3887);
#3889=EDGE_CURVE('',#3884,#3876,#3888,.T.);
#3890=ORIENTED_EDGE('',*,*,#3889,.F.);
#3891=CARTESIAN_POINT('',(-0.051181102362204,0.114960629921258,0.027559055118111));
#3892=DIRECTION('',(0.202712658346438,0.979238264237116,0.0));
#3893=VECTOR('',#3892,0.020504448090707);
#3894=LINE('',#3891,#3893);
#3895=EDGE_CURVE('',#3868,#3884,#3894,.T.);
#3896=ORIENTED_EDGE('',*,*,#3895,.F.);
#3897=EDGE_LOOP('',(#3874,#3882,#3890,#3896));
#3898=FACE_OUTER_BOUND('',#3897,.T.);
#3899=ADVANCED_FACE('',(#3898),#3864,.F.);
#3900=CARTESIAN_POINT('',(0.124443076896892,0.136043307086615,0.028562992125985));
#3901=DIRECTION('',(-0.979238264237112,0.202712658346457,0.0));
#3902=DIRECTION('',(0.0,0.0,1.0));
#3903=AXIS2_PLACEMENT_3D('',#3900,#3901,#3902);
#3904=PLANE('',#3903);
#3905=CARTESIAN_POINT('',(0.12007874015748,0.114960629921258,0.00748031496063));
#3906=VERTEX_POINT('',#3905);
#3907=CARTESIAN_POINT('',(0.12007874015748,0.114960629921257,0.00748031496063));
#3908=DIRECTION('',(0.0,0.0,1.0));
#3909=VECTOR('',#3908,0.020078740157481);
#3910=LINE('',#3907,#3909);
#3911=EDGE_CURVE('',#3906,#3826,#3910,.T.);
#3912=ORIENTED_EDGE('',*,*,#3911,.F.);
#3913=CARTESIAN_POINT('',(0.124235251337873,0.135039370078741,0.00748031496063));
#3914=VERTEX_POINT('',#3913);
#3915=CARTESIAN_POINT('',(0.124235251337873,0.135039370078741,0.00748031496063));
#3916=DIRECTION('',(-0.202712658346457,-0.979238264237112,-2.538069E-016));
#3917=VECTOR('',#3916,0.020504448090706);
#3918=LINE('',#3915,#3917);
#3919=EDGE_CURVE('',#3914,#3906,#3918,.T.);
#3920=ORIENTED_EDGE('',*,*,#3919,.F.);
#3921=CARTESIAN_POINT('',(0.124235251337873,0.135039370078741,0.027559055118111));
#3922=DIRECTION('',(0.0,0.0,-1.0));
#3923=VECTOR('',#3922,0.020078740157481);
#3924=LINE('',#3921,#3923);
#3925=EDGE_CURVE('',#3836,#3914,#3924,.T.);
#3926=ORIENTED_EDGE('',*,*,#3925,.F.);
#3927=ORIENTED_EDGE('',*,*,#3841,.F.);
#3928=EDGE_LOOP('',(#3912,#3920,#3926,#3927));
#3929=FACE_OUTER_BOUND('',#3928,.T.);
#3930=ADVANCED_FACE('',(#3929),#3904,.F.);
#3931=CARTESIAN_POINT('',(0.056299212598426,0.136043307086616,0.027559055118111));
#3932=DIRECTION('',(0.0,0.0,1.0));
#3933=DIRECTION('',(1.0,0.0,0.0));
#3934=AXIS2_PLACEMENT_3D('',#3931,#3932,#3933);
#3935=PLANE('',#3934);
#3936=CARTESIAN_POINT('',(-0.051181102362205,0.114960629921259,0.027559055118111));
#3937=DIRECTION('',(1.0,0.0,0.0));
#3938=VECTOR('',#3937,0.10236220472441);
#3939=LINE('',#3936,#3938);
#3940=EDGE_CURVE('',#3868,#3261,#3939,.T.);
#3941=ORIENTED_EDGE('',*,*,#3940,.F.);
#3942=ORIENTED_EDGE('',*,*,#3895,.T.);
#3943=CARTESIAN_POINT('',(0.047024591181812,0.135039370078741,0.027559055118111));
#3944=DIRECTION('',(-1.0,0.0,0.0));
#3945=VECTOR('',#3944,0.094049182363622);
#3946=LINE('',#3943,#3945);
#3947=EDGE_CURVE('',#3271,#3884,#3946,.T.);
#3948=ORIENTED_EDGE('',*,*,#3947,.F.);
#3949=ORIENTED_EDGE('',*,*,#3276,.T.);
#3950=EDGE_LOOP('',(#3941,#3942,#3948,#3949));
#3951=FACE_OUTER_BOUND('',#3950,.T.);
#3952=ADVANCED_FACE('',(#3951),#3935,.F.);
#3953=CARTESIAN_POINT('',(-0.128095784345673,0.138911919098855,0.00748031496063));
#3954=DIRECTION('',(0.0,0.0,-1.0));
#3955=DIRECTION('',(-1.0,0.0,0.0));
#3956=AXIS2_PLACEMENT_3D('',#3953,#3954,#3955);
#3957=PLANE('',#3956);
#3958=ORIENTED_EDGE('',*,*,#3881,.T.);
#3959=CARTESIAN_POINT('',(-0.058482099305222,0.079691911963516,0.00748031496063));
#3960=VERTEX_POINT('',#3959);
#3961=CARTESIAN_POINT('',(-0.058482099305223,0.079691911963517,0.00748031496063));
#3962=DIRECTION('',(0.202712658346356,0.979238264237133,0.0));
#3963=VECTOR('',#3962,0.036016482653706);
#3964=LINE('',#3961,#3963);
#3965=EDGE_CURVE('',#3960,#3866,#3964,.T.);
#3966=ORIENTED_EDGE('',*,*,#3965,.F.);
#3967=CARTESIAN_POINT('',(-0.112777743214453,0.079691911963519,0.00748031496063));
#3968=VERTEX_POINT('',#3967);
#3969=CARTESIAN_POINT('',(-0.085629921259835,0.085311797702997,0.00748031496063));
#3970=DIRECTION('',(0.0,0.0,1.0));
#3971=DIRECTION('',(-0.979238264237078,0.202712658346623,0.0));
#3972=AXIS2_PLACEMENT_3D('',#3969,#3970,#3971);
#3973=CIRCLE('',#3972,0.027723408026511);
#3974=EDGE_CURVE('',#3968,#3960,#3973,.T.);
#3975=ORIENTED_EDGE('',*,*,#3974,.F.);
#3976=CARTESIAN_POINT('',(-0.120078740157482,0.114960629921258,0.00748031496063));
#3977=DIRECTION('',(0.202712658346663,-0.97923826423707,0.0));
#3978=VECTOR('',#3977,0.036016482653706);
#3979=LINE('',#3976,#3978);
#3980=EDGE_CURVE('',#3303,#3968,#3979,.T.);
#3981=ORIENTED_EDGE('',*,*,#3980,.F.);
#3982=ORIENTED_EDGE('',*,*,#3330,.T.);
#3983=CARTESIAN_POINT('',(-0.04702459118181,0.135039370078741,0.00748031496063));
#3984=DIRECTION('',(-1.0,0.0,0.0));
#3985=VECTOR('',#3984,0.07721066015606);
#3986=LINE('',#3983,#3985);
#3987=EDGE_CURVE('',#3876,#3319,#3986,.T.);
#3988=ORIENTED_EDGE('',*,*,#3987,.F.);
#3989=EDGE_LOOP('',(#3958,#3966,#3975,#3981,#3982,#3988));
#3990=FACE_OUTER_BOUND('',#3989,.T.);
#3991=ADVANCED_FACE('',(#3990),#3957,.T.);
#3992=CARTESIAN_POINT('',(0.043164058174009,0.138911919098855,0.00748031496063));
#3993=DIRECTION('',(0.0,0.0,-1.0));
#3994=DIRECTION('',(-1.0,0.0,0.0));
#3995=AXIS2_PLACEMENT_3D('',#3992,#3993,#3994);
#3996=PLANE('',#3995);
#3997=ORIENTED_EDGE('',*,*,#3919,.T.);
#3998=CARTESIAN_POINT('',(0.11277774321446,0.079691911963517,0.00748031496063));
#3999=VERTEX_POINT('',#3998);
#4000=CARTESIAN_POINT('',(0.112777743214459,0.079691911963518,0.00748031496063));
#4001=DIRECTION('',(0.202712658346436,0.979238264237117,0.0));
#4002=VECTOR('',#4001,0.036016482653705);
#4003=LINE('',#4000,#4002);
#4004=EDGE_CURVE('',#3999,#3906,#4003,.T.);
#4005=ORIENTED_EDGE('',*,*,#4004,.F.);
#4006=CARTESIAN_POINT('',(0.058482099305224,0.079691911963518,0.00748031496063));
#4007=VERTEX_POINT('',#4006);
#4008=CARTESIAN_POINT('',(0.085629921259842,0.085311797702994,0.00748031496063));
#4009=DIRECTION('',(0.0,0.0,1.0));
#4010=DIRECTION('',(0.979238264237121,-0.202712658346413,0.0));
#4011=AXIS2_PLACEMENT_3D('',#4008,#4009,#4010);
#4012=CIRCLE('',#4011,0.027723408026511);
#4013=EDGE_CURVE('',#4007,#3999,#4012,.T.);
#4014=ORIENTED_EDGE('',*,*,#4013,.F.);
#4015=CARTESIAN_POINT('',(0.051181102362205,0.114960629921258,0.00748031496063));
#4016=DIRECTION('',(0.20271265834639,-0.979238264237126,0.0));
#4017=VECTOR('',#4016,0.036016482653704);
#4018=LINE('',#4015,#4017);
#4019=EDGE_CURVE('',#3263,#4007,#4018,.T.);
#4020=ORIENTED_EDGE('',*,*,#4019,.F.);
#4021=ORIENTED_EDGE('',*,*,#3290,.T.);
#4022=CARTESIAN_POINT('',(0.124235251337873,0.135039370078741,0.00748031496063));
#4023=DIRECTION('',(-1.0,0.0,0.0));
#4024=VECTOR('',#4023,0.077210660156061);
#4025=LINE('',#4022,#4024);
#4026=EDGE_CURVE('',#3914,#3279,#4025,.T.);
#4027=ORIENTED_EDGE('',*,*,#4026,.F.);
#4028=EDGE_LOOP('',(#3997,#4005,#4014,#4020,#4021,#4027));
#4029=FACE_OUTER_BOUND('',#4028,.T.);
#4030=ADVANCED_FACE('',(#4029),#3996,.T.);
#4031=CARTESIAN_POINT('',(0.080888211751649,0.135137795275591,0.150670875616811));
#4032=DIRECTION('',(0.9260204203181,0.0,0.377473417810963));
#4033=DIRECTION('',(0.377473417810963,0.0,-0.9260204203181));
#4034=AXIS2_PLACEMENT_3D('',#4031,#4032,#4033);
#4035=PLANE('',#4034);
#4036=CARTESIAN_POINT('',(0.048321378811423,0.133070866141733,0.230564057241697));
#4037=VERTEX_POINT('',#4036);
#4038=CARTESIAN_POINT('',(0.079337410183067,0.133070866141733,0.154475312837044));
#4039=VERTEX_POINT('',#4038);
#4040=CARTESIAN_POINT('',(0.048321378811423,0.133070866141733,0.230564057241697));
#4041=DIRECTION('',(0.377473417810963,0.0,-0.9260204203181));
#4042=VECTOR('',#4041,0.08216745844386);
#4043=LINE('',#4040,#4042);
#4044=EDGE_CURVE('',#4037,#4039,#4043,.T.);
#4045=ORIENTED_EDGE('',*,*,#4044,.T.);
#4046=CARTESIAN_POINT('',(0.079337410183067,0.135039370078741,0.154475312837044));
#4047=VERTEX_POINT('',#4046);
#4048=CARTESIAN_POINT('',(0.079337410183067,0.135039370078741,0.154475312837044));
#4049=DIRECTION('',(0.0,-1.0,0.0));
#4050=VECTOR('',#4049,0.001968503937008);
#4051=LINE('',#4048,#4050);
#4052=EDGE_CURVE('',#4047,#4039,#4051,.T.);
#4053=ORIENTED_EDGE('',*,*,#4052,.F.);
#4054=CARTESIAN_POINT('',(0.048321378811423,0.135039370078741,0.230564057241697));
#4055=VERTEX_POINT('',#4054);
#4056=CARTESIAN_POINT('',(0.048321378811423,0.135039370078741,0.230564057241697));
#4057=DIRECTION('',(0.377473417810963,0.0,-0.9260204203181));
#4058=VECTOR('',#4057,0.08216745844386);
#4059=LINE('',#4056,#4058);
#4060=EDGE_CURVE('',#4055,#4047,#4059,.T.);
#4061=ORIENTED_EDGE('',*,*,#4060,.F.);
#4062=CARTESIAN_POINT('',(0.048321378811423,0.135039370078741,0.230564057241697));
#4063=DIRECTION('',(0.0,-1.0,0.0));
#4064=VECTOR('',#4063,0.001968503937008);
#4065=LINE('',#4062,#4064);
#4066=EDGE_CURVE('',#4055,#4037,#4065,.T.);
#4067=ORIENTED_EDGE('',*,*,#4066,.T.);
#4068=EDGE_LOOP('',(#4045,#4053,#4061,#4067));
#4069=FACE_OUTER_BOUND('',#4068,.T.);
#4070=ADVANCED_FACE('',(#4069),#4035,.T.);
#4071=CARTESIAN_POINT('',(-0.041671942233613,0.135137795275591,0.154475312837044));
#4072=DIRECTION('',(0.0,0.0,-1.0));
#4073=DIRECTION('',(-1.0,0.0,0.0));
#4074=AXIS2_PLACEMENT_3D('',#4071,#4072,#4073);
#4075=PLANE('',#4074);
#4076=CARTESIAN_POINT('',(-0.035909592118533,0.133070866141733,0.154475312837044));
#4077=VERTEX_POINT('',#4076);
#4078=CARTESIAN_POINT('',(0.079337410183067,0.133070866141733,0.154475312837044));
#4079=DIRECTION('',(-1.0,0.0,0.0));
#4080=VECTOR('',#4079,0.1152470023016);
#4081=LINE('',#4078,#4080);
#4082=EDGE_CURVE('',#4039,#4077,#4081,.T.);
#4083=ORIENTED_EDGE('',*,*,#4082,.T.);
#4084=CARTESIAN_POINT('',(-0.035909592118533,0.135039370078741,0.154475312837044));
#4085=VERTEX_POINT('',#4084);
#4086=CARTESIAN_POINT('',(-0.035909592118533,0.135039370078741,0.154475312837044));
#4087=DIRECTION('',(0.0,-1.0,0.0));
#4088=VECTOR('',#4087,0.001968503937008);
#4089=LINE('',#4086,#4088);
#4090=EDGE_CURVE('',#4085,#4077,#4089,.T.);
#4091=ORIENTED_EDGE('',*,*,#4090,.F.);
#4092=CARTESIAN_POINT('',(0.079337410183067,0.135039370078741,0.154475312837044));
#4093=DIRECTION('',(-1.0,0.0,0.0));
#4094=VECTOR('',#4093,0.1152470023016);
#4095=LINE('',#4092,#4094);
#4096=EDGE_CURVE('',#4047,#4085,#4095,.T.);
#4097=ORIENTED_EDGE('',*,*,#4096,.F.);
#4098=ORIENTED_EDGE('',*,*,#4052,.T.);
#4099=EDGE_LOOP('',(#4083,#4091,#4097,#4098));
#4100=FACE_OUTER_BOUND('',#4099,.T.);
#4101=ADVANCED_FACE('',(#4100),#4075,.T.);
#4102=CARTESIAN_POINT('',(-0.042357632848823,0.135137795275591,0.170293691312325));
#4103=DIRECTION('',(-0.9260204203181,0.0,-0.377473417810962));
#4104=DIRECTION('',(-0.377473417810962,0.0,0.9260204203181));
#4105=AXIS2_PLACEMENT_3D('',#4102,#4103,#4104);
#4106=PLANE('',#4105);
#4107=CARTESIAN_POINT('',(-0.042050583290238,0.133070866141733,0.169540435194454));
#4108=VERTEX_POINT('',#4107);
#4109=CARTESIAN_POINT('',(-0.035909592118533,0.133070866141733,0.154475312837044));
#4110=DIRECTION('',(-0.377473417810961,0.0,0.926020420318101));
#4111=VECTOR('',#4110,0.016268671863883);
#4112=LINE('',#4109,#4111);
#4113=EDGE_CURVE('',#4077,#4108,#4112,.T.);
#4114=ORIENTED_EDGE('',*,*,#4113,.T.);
#4115=CARTESIAN_POINT('',(-0.042050583290238,0.135039370078741,0.169540435194454));
#4116=VERTEX_POINT('',#4115);
#4117=CARTESIAN_POINT('',(-0.042050583290238,0.135039370078741,0.169540435194454));
#4118=DIRECTION('',(0.0,-1.0,0.0));
#4119=VECTOR('',#4118,0.001968503937008);
#4120=LINE('',#4117,#4119);
#4121=EDGE_CURVE('',#4116,#4108,#4120,.T.);
#4122=ORIENTED_EDGE('',*,*,#4121,.F.);
#4123=CARTESIAN_POINT('',(-0.035909592118533,0.135039370078741,0.154475312837044));
#4124=DIRECTION('',(-0.377473417810963,0.0,0.9260204203181));
#4125=VECTOR('',#4124,0.016268671863883);
#4126=LINE('',#4123,#4125);
#4127=EDGE_CURVE('',#4085,#4116,#4126,.T.);
#4128=ORIENTED_EDGE('',*,*,#4127,.F.);
#4129=ORIENTED_EDGE('',*,*,#4090,.T.);
#4130=EDGE_LOOP('',(#4114,#4122,#4128,#4129));
#4131=FACE_OUTER_BOUND('',#4130,.T.);
#4132=ADVANCED_FACE('',(#4131),#4106,.T.);
#4133=CARTESIAN_POINT('',(0.06187666367091,0.135137795275591,0.169540435194454));
#4134=DIRECTION('',(0.0,0.0,1.0));
#4135=DIRECTION('',(1.0,0.0,0.0));
#4136=AXIS2_PLACEMENT_3D('',#4133,#4134,#4135);
#4137=PLANE('',#4136);
#4138=CARTESIAN_POINT('',(0.056927747148951,0.133070866141733,0.169540435194454));
#4139=VERTEX_POINT('',#4138);
#4140=CARTESIAN_POINT('',(-0.042050583290238,0.133070866141733,0.169540435194454));
#4141=DIRECTION('',(1.0,0.0,0.0));
#4142=VECTOR('',#4141,0.098978330439189);
#4143=LINE('',#4140,#4142);
#4144=EDGE_CURVE('',#4108,#4139,#4143,.T.);
#4145=ORIENTED_EDGE('',*,*,#4144,.T.);
#4146=CARTESIAN_POINT('',(0.056927747148951,0.135039370078741,0.169540435194454));
#4147=VERTEX_POINT('',#4146);
#4148=CARTESIAN_POINT('',(0.056927747148951,0.135039370078741,0.169540435194454));
#4149=DIRECTION('',(0.0,-1.0,0.0));
#4150=VECTOR('',#4149,0.001968503937008);
#4151=LINE('',#4148,#4150);
#4152=EDGE_CURVE('',#4147,#4139,#4151,.T.);
#4153=ORIENTED_EDGE('',*,*,#4152,.F.);
#4154=CARTESIAN_POINT('',(-0.042050583290238,0.135039370078741,0.169540435194454));
#4155=DIRECTION('',(1.0,0.0,0.0));
#4156=VECTOR('',#4155,0.098978330439189);
#4157=LINE('',#4154,#4156);
#4158=EDGE_CURVE('',#4116,#4147,#4157,.T.);
#4159=ORIENTED_EDGE('',*,*,#4158,.F.);
#4160=ORIENTED_EDGE('',*,*,#4121,.T.);
#4161=EDGE_LOOP('',(#4145,#4153,#4159,#4160));
#4162=FACE_OUTER_BOUND('',#4161,.T.);
#4163=ADVANCED_FACE('',(#4162),#4137,.T.);
#4164=CARTESIAN_POINT('',(0.050316391774273,0.135137795275591,0.185759458293975));
#4165=DIRECTION('',(-0.9260204203181,0.0,-0.377473417810963));
#4166=DIRECTION('',(-0.377473417810963,0.0,0.9260204203181));
#4167=AXIS2_PLACEMENT_3D('',#4164,#4165,#4166);
#4168=PLANE('',#4167);
#4169=CARTESIAN_POINT('',(0.050631218220687,0.133070866141733,0.184987123860665));
#4170=VERTEX_POINT('',#4169);
#4171=CARTESIAN_POINT('',(0.056927747148951,0.133070866141733,0.169540435194454));
#4172=DIRECTION('',(-0.377473417810963,0.0,0.9260204203181));
#4173=VECTOR('',#4172,0.016680721426105);
#4174=LINE('',#4171,#4173);
#4175=EDGE_CURVE('',#4139,#4170,#4174,.T.);
#4176=ORIENTED_EDGE('',*,*,#4175,.T.);
#4177=CARTESIAN_POINT('',(0.050631218220687,0.135039370078741,0.184987123860665));
#4178=VERTEX_POINT('',#4177);
#4179=CARTESIAN_POINT('',(0.050631218220687,0.135039370078741,0.184987123860665));
#4180=DIRECTION('',(0.0,-1.0,0.0));
#4181=VECTOR('',#4180,0.001968503937008);
#4182=LINE('',#4179,#4181);
#4183=EDGE_CURVE('',#4178,#4170,#4182,.T.);
#4184=ORIENTED_EDGE('',*,*,#4183,.F.);
#4185=CARTESIAN_POINT('',(0.056927747148951,0.135039370078741,0.169540435194454));
#4186=DIRECTION('',(-0.377473417810964,0.0,0.9260204203181));
#4187=VECTOR('',#4186,0.016680721426105);
#4188=LINE('',#4185,#4187);
#4189=EDGE_CURVE('',#4147,#4178,#4188,.T.);
#4190=ORIENTED_EDGE('',*,*,#4189,.F.);
#4191=ORIENTED_EDGE('',*,*,#4152,.T.);
#4192=EDGE_LOOP('',(#4176,#4184,#4190,#4191));
#4193=FACE_OUTER_BOUND('',#4192,.T.);
#4194=ADVANCED_FACE('',(#4193),#4168,.T.);
#4195=CARTESIAN_POINT('',(-0.053296028740463,0.135137795275591,0.184987123860665));
#4196=DIRECTION('',(0.0,0.0,-1.0));
#4197=DIRECTION('',(-1.0,0.0,0.0));
#4198=AXIS2_PLACEMENT_3D('',#4195,#4196,#4197);
#4199=PLANE('',#4198);
#4200=CARTESIAN_POINT('',(-0.048347112218503,0.133070866141733,0.184987123860665));
#4201=VERTEX_POINT('',#4200);
#4202=CARTESIAN_POINT('',(0.050631218220687,0.133070866141733,0.184987123860665));
#4203=DIRECTION('',(-1.0,0.0,0.0));
#4204=VECTOR('',#4203,0.09897833043919);
#4205=LINE('',#4202,#4204);
#4206=EDGE_CURVE('',#4170,#4201,#4205,.T.);
#4207=ORIENTED_EDGE('',*,*,#4206,.T.);
#4208=CARTESIAN_POINT('',(-0.048347112218503,0.135039370078741,0.184987123860665));
#4209=VERTEX_POINT('',#4208);
#4210=CARTESIAN_POINT('',(-0.048347112218503,0.135039370078741,0.184987123860665));
#4211=DIRECTION('',(0.0,-1.0,0.0));
#4212=VECTOR('',#4211,0.001968503937008);
#4213=LINE('',#4210,#4212);
#4214=EDGE_CURVE('',#4209,#4201,#4213,.T.);
#4215=ORIENTED_EDGE('',*,*,#4214,.F.);
#4216=CARTESIAN_POINT('',(0.050631218220687,0.135039370078741,0.184987123860665));
#4217=DIRECTION('',(-1.0,0.0,0.0));
#4218=VECTOR('',#4217,0.09897833043919);
#4219=LINE('',#4216,#4218);
#4220=EDGE_CURVE('',#4178,#4209,#4219,.T.);
#4221=ORIENTED_EDGE('',*,*,#4220,.F.);
#4222=ORIENTED_EDGE('',*,*,#4183,.T.);
#4223=EDGE_LOOP('',(#4207,#4215,#4221,#4222));
#4224=FACE_OUTER_BOUND('',#4223,.T.);
#4225=ADVANCED_FACE('',(#4224),#4199,.T.);
#4226=CARTESIAN_POINT('',(-0.054795152948794,0.135137795275591,0.200805502335947));
#4227=DIRECTION('',(-0.9260204203181,0.0,-0.377473417810963));
#4228=DIRECTION('',(-0.377473417810963,0.0,0.9260204203181));
#4229=AXIS2_PLACEMENT_3D('',#4226,#4227,#4228);
#4230=PLANE('',#4229);
#4231=CARTESIAN_POINT('',(-0.054488103390208,0.133070866141733,0.200052246218077));
#4232=VERTEX_POINT('',#4231);
#4233=CARTESIAN_POINT('',(-0.048347112218503,0.133070866141733,0.184987123860665));
#4234=DIRECTION('',(-0.377473417810963,0.0,0.9260204203181));
#4235=VECTOR('',#4234,0.016268671863885);
#4236=LINE('',#4233,#4235);
#4237=EDGE_CURVE('',#4201,#4232,#4236,.T.);
#4238=ORIENTED_EDGE('',*,*,#4237,.T.);
#4239=CARTESIAN_POINT('',(-0.054488103390208,0.135039370078741,0.200052246218077));
#4240=VERTEX_POINT('',#4239);
#4241=CARTESIAN_POINT('',(-0.054488103390208,0.135039370078741,0.200052246218077));
#4242=DIRECTION('',(0.0,-1.0,0.0));
#4243=VECTOR('',#4242,0.001968503937008);
#4244=LINE('',#4241,#4243);
#4245=EDGE_CURVE('',#4240,#4232,#4244,.T.);
#4246=ORIENTED_EDGE('',*,*,#4245,.F.);
#4247=CARTESIAN_POINT('',(-0.048347112218503,0.135039370078741,0.184987123860665));
#4248=DIRECTION('',(-0.377473417810963,0.0,0.9260204203181));
#4249=VECTOR('',#4248,0.016268671863885);
#4250=LINE('',#4247,#4249);
#4251=EDGE_CURVE('',#4209,#4240,#4250,.T.);
#4252=ORIENTED_EDGE('',*,*,#4251,.F.);
#4253=ORIENTED_EDGE('',*,*,#4214,.T.);
#4254=EDGE_LOOP('',(#4238,#4246,#4252,#4253));
#4255=FACE_OUTER_BOUND('',#4254,.T.);
#4256=ADVANCED_FACE('',(#4255),#4230,.T.);
#4257=CARTESIAN_POINT('',(0.04943914357094,0.135137795275591,0.200052246218077));
#4258=DIRECTION('',(0.0,0.0,1.0));
#4259=DIRECTION('',(1.0,0.0,0.0));
#4260=AXIS2_PLACEMENT_3D('',#4257,#4258,#4259);
#4261=PLANE('',#4260);
#4262=CARTESIAN_POINT('',(0.044490227048981,0.133070866141733,0.200052246218077));
#4263=VERTEX_POINT('',#4262);
#4264=CARTESIAN_POINT('',(-0.054488103390208,0.133070866141733,0.200052246218077));
#4265=DIRECTION('',(1.0,0.0,0.0));
#4266=VECTOR('',#4265,0.098978330439189);
#4267=LINE('',#4264,#4266);
#4268=EDGE_CURVE('',#4232,#4263,#4267,.T.);
#4269=ORIENTED_EDGE('',*,*,#4268,.T.);
#4270=CARTESIAN_POINT('',(0.044490227048981,0.135039370078741,0.200052246218077));
#4271=VERTEX_POINT('',#4270);
#4272=CARTESIAN_POINT('',(0.044490227048981,0.135039370078741,0.200052246218077));
#4273=DIRECTION('',(0.0,-1.0,0.0));
#4274=VECTOR('',#4273,0.001968503937008);
#4275=LINE('',#4272,#4274);
#4276=EDGE_CURVE('',#4271,#4263,#4275,.T.);
#4277=ORIENTED_EDGE('',*,*,#4276,.F.);
#4278=CARTESIAN_POINT('',(-0.054488103390208,0.135039370078741,0.200052246218077));
#4279=DIRECTION('',(1.0,0.0,0.0));
#4280=VECTOR('',#4279,0.098978330439189);
#4281=LINE('',#4278,#4280);
#4282=EDGE_CURVE('',#4240,#4271,#4281,.T.);
#4283=ORIENTED_EDGE('',*,*,#4282,.F.);
#4284=ORIENTED_EDGE('',*,*,#4245,.T.);
#4285=EDGE_LOOP('',(#4269,#4277,#4283,#4284));
#4286=FACE_OUTER_BOUND('',#4285,.T.);
#4287=ADVANCED_FACE('',(#4286),#4261,.T.);
#4288=CARTESIAN_POINT('',(0.037878871674303,0.135137795275591,0.216271269317598));
#4289=DIRECTION('',(-0.9260204203181,0.0,-0.377473417810963));
#4290=DIRECTION('',(-0.377473417810963,0.0,0.9260204203181));
#4291=AXIS2_PLACEMENT_3D('',#4288,#4289,#4290);
#4292=PLANE('',#4291);
#4293=CARTESIAN_POINT('',(0.038193698120717,0.133070866141733,0.215498934884288));
#4294=VERTEX_POINT('',#4293);
#4295=CARTESIAN_POINT('',(0.044490227048981,0.133070866141733,0.200052246218077));
#4296=DIRECTION('',(-0.377473417810964,0.0,0.926020420318099));
#4297=VECTOR('',#4296,0.016680721426105);
#4298=LINE('',#4295,#4297);
#4299=EDGE_CURVE('',#4263,#4294,#4298,.T.);
#4300=ORIENTED_EDGE('',*,*,#4299,.T.);
#4301=CARTESIAN_POINT('',(0.038193698120717,0.135039370078741,0.215498934884288));
#4302=VERTEX_POINT('',#4301);
#4303=CARTESIAN_POINT('',(0.038193698120717,0.135039370078741,0.215498934884288));
#4304=DIRECTION('',(0.0,-1.0,0.0));
#4305=VECTOR('',#4304,0.001968503937008);
#4306=LINE('',#4303,#4305);
#4307=EDGE_CURVE('',#4302,#4294,#4306,.T.);
#4308=ORIENTED_EDGE('',*,*,#4307,.F.);
#4309=CARTESIAN_POINT('',(0.044490227048981,0.135039370078741,0.200052246218077));
#4310=DIRECTION('',(-0.377473417810964,0.0,0.926020420318099));
#4311=VECTOR('',#4310,0.016680721426105);
#4312=LINE('',#4309,#4311);
#4313=EDGE_CURVE('',#4271,#4302,#4312,.T.);
#4314=ORIENTED_EDGE('',*,*,#4313,.F.);
#4315=ORIENTED_EDGE('',*,*,#4276,.T.);
#4316=EDGE_LOOP('',(#4300,#4308,#4314,#4315));
#4317=FACE_OUTER_BOUND('',#4316,.T.);
#4318=ADVANCED_FACE('',(#4317),#4292,.T.);
#4319=CARTESIAN_POINT('',(-0.065733548840433,0.135137795275591,0.215498934884288));
#4320=DIRECTION('',(0.0,0.0,-1.0));
#4321=DIRECTION('',(-1.0,0.0,0.0));
#4322=AXIS2_PLACEMENT_3D('',#4319,#4320,#4321);
#4323=PLANE('',#4322);
#4324=CARTESIAN_POINT('',(-0.060784632318473,0.133070866141733,0.215498934884288));
#4325=VERTEX_POINT('',#4324);
#4326=CARTESIAN_POINT('',(0.038193698120717,0.133070866141733,0.215498934884288));
#4327=DIRECTION('',(-1.0,0.0,0.0));
#4328=VECTOR('',#4327,0.09897833043919);
#4329=LINE('',#4326,#4328);
#4330=EDGE_CURVE('',#4294,#4325,#4329,.T.);
#4331=ORIENTED_EDGE('',*,*,#4330,.T.);
#4332=CARTESIAN_POINT('',(-0.060784632318473,0.135039370078741,0.215498934884288));
#4333=VERTEX_POINT('',#4332);
#4334=CARTESIAN_POINT('',(-0.060784632318473,0.135039370078741,0.215498934884288));
#4335=DIRECTION('',(0.0,-1.0,0.0));
#4336=VECTOR('',#4335,0.001968503937008);
#4337=LINE('',#4334,#4336);
#4338=EDGE_CURVE('',#4333,#4325,#4337,.T.);
#4339=ORIENTED_EDGE('',*,*,#4338,.F.);
#4340=CARTESIAN_POINT('',(0.038193698120717,0.135039370078741,0.215498934884288));
#4341=DIRECTION('',(-1.0,0.0,0.0));
#4342=VECTOR('',#4341,0.09897833043919);
#4343=LINE('',#4340,#4342);
#4344=EDGE_CURVE('',#4302,#4333,#4343,.T.);
#4345=ORIENTED_EDGE('',*,*,#4344,.F.);
#4346=ORIENTED_EDGE('',*,*,#4307,.T.);
#4347=EDGE_LOOP('',(#4331,#4339,#4345,#4346));
#4348=FACE_OUTER_BOUND('',#4347,.T.);
#4349=ADVANCED_FACE('',(#4348),#4323,.T.);
#4350=CARTESIAN_POINT('',(-0.067232673048763,0.135137795275591,0.231317313359567));
#4351=DIRECTION('',(-0.9260204203181,0.0,-0.377473417810963));
#4352=DIRECTION('',(-0.377473417810963,0.0,0.9260204203181));
#4353=AXIS2_PLACEMENT_3D('',#4350,#4351,#4352);
#4354=PLANE('',#4353);
#4355=CARTESIAN_POINT('',(-0.066925623490177,0.133070866141733,0.230564057241697));
#4356=VERTEX_POINT('',#4355);
#4357=CARTESIAN_POINT('',(-0.060784632318473,0.133070866141733,0.215498934884288));
#4358=DIRECTION('',(-0.377473417810962,0.0,0.9260204203181));
#4359=VECTOR('',#4358,0.016268671863882);
#4360=LINE('',#4357,#4359);
#4361=EDGE_CURVE('',#4325,#4356,#4360,.T.);
#4362=ORIENTED_EDGE('',*,*,#4361,.T.);
#4363=CARTESIAN_POINT('',(-0.066925623490177,0.135039370078741,0.230564057241697));
#4364=VERTEX_POINT('',#4363);
#4365=CARTESIAN_POINT('',(-0.066925623490177,0.135039370078741,0.230564057241697));
#4366=DIRECTION('',(0.0,-1.0,0.0));
#4367=VECTOR('',#4366,0.001968503937008);
#4368=LINE('',#4365,#4367);
#4369=EDGE_CURVE('',#4364,#4356,#4368,.T.);
#4370=ORIENTED_EDGE('',*,*,#4369,.F.);
#4371=CARTESIAN_POINT('',(-0.060784632318473,0.135039370078741,0.215498934884288));
#4372=DIRECTION('',(-0.377473417810962,0.0,0.9260204203181));
#4373=VECTOR('',#4372,0.016268671863882);
#4374=LINE('',#4371,#4373);
#4375=EDGE_CURVE('',#4333,#4364,#4374,.T.);
#4376=ORIENTED_EDGE('',*,*,#4375,.F.);
#4377=ORIENTED_EDGE('',*,*,#4338,.T.);
#4378=EDGE_LOOP('',(#4362,#4370,#4376,#4377));
#4379=FACE_OUTER_BOUND('',#4378,.T.);
#4380=ADVANCED_FACE('',(#4379),#4354,.T.);
#4381=CARTESIAN_POINT('',(0.054083728926503,0.135137795275591,0.230564057241697));
#4382=DIRECTION('',(0.0,0.0,1.0));
#4383=DIRECTION('',(1.0,0.0,0.0));
#4384=AXIS2_PLACEMENT_3D('',#4381,#4382,#4383);
#4385=PLANE('',#4384);
#4386=CARTESIAN_POINT('',(-0.066925623490177,0.133070866141733,0.230564057241697));
#4387=DIRECTION('',(1.0,0.0,0.0));
#4388=VECTOR('',#4387,0.1152470023016);
#4389=LINE('',#4386,#4388);
#4390=EDGE_CURVE('',#4356,#4037,#4389,.T.);
#4391=ORIENTED_EDGE('',*,*,#4390,.T.);
#4392=ORIENTED_EDGE('',*,*,#4066,.F.);
#4393=CARTESIAN_POINT('',(-0.066925623490177,0.135039370078741,0.230564057241697));
#4394=DIRECTION('',(1.0,0.0,0.0));
#4395=VECTOR('',#4394,0.1152470023016);
#4396=LINE('',#4393,#4395);
#4397=EDGE_CURVE('',#4364,#4055,#4396,.T.);
#4398=ORIENTED_EDGE('',*,*,#4397,.F.);
#4399=ORIENTED_EDGE('',*,*,#4369,.T.);
#4400=EDGE_LOOP('',(#4391,#4392,#4398,#4399));
#4401=FACE_OUTER_BOUND('',#4400,.T.);
#4402=ADVANCED_FACE('',(#4401),#4385,.T.);
#4403=CARTESIAN_POINT('',(0.055118110236221,0.135137795275591,0.231889763779528));
#4404=DIRECTION('',(0.0,0.0,1.0));
#4405=DIRECTION('',(1.0,0.0,0.0));
#4406=AXIS2_PLACEMENT_3D('',#4403,#4404,#4405);
#4407=PLANE('',#4406);
#4408=CARTESIAN_POINT('',(-0.068897637795276,0.133070866141733,0.231889763779528));
#4409=VERTEX_POINT('',#4408);
#4410=CARTESIAN_POINT('',(0.049212598425197,0.133070866141733,0.231889763779528));
#4411=VERTEX_POINT('',#4410);
#4412=CARTESIAN_POINT('',(-0.068897637795276,0.133070866141733,0.231889763779528));
#4413=DIRECTION('',(1.0,0.0,0.0));
#4414=VECTOR('',#4413,0.118110236220473);
#4415=LINE('',#4412,#4414);
#4416=EDGE_CURVE('',#4409,#4411,#4415,.T.);
#4417=ORIENTED_EDGE('',*,*,#4416,.F.);
#4418=CARTESIAN_POINT('',(-0.068897637795276,0.135039370078741,0.231889763779528));
#4419=VERTEX_POINT('',#4418);
#4420=CARTESIAN_POINT('',(-0.068897637795276,0.135039370078741,0.231889763779528));
#4421=DIRECTION('',(0.0,-1.0,0.0));
#4422=VECTOR('',#4421,0.001968503937008);
#4423=LINE('',#4420,#4422);
#4424=EDGE_CURVE('',#4419,#4409,#4423,.T.);
#4425=ORIENTED_EDGE('',*,*,#4424,.F.);
#4426=CARTESIAN_POINT('',(0.049212598425197,0.135039370078741,0.231889763779528));
#4427=VERTEX_POINT('',#4426);
#4428=CARTESIAN_POINT('',(0.049212598425197,0.135039370078741,0.231889763779528));
#4429=DIRECTION('',(-1.0,0.0,0.0));
#4430=VECTOR('',#4429,0.118110236220473);
#4431=LINE('',#4428,#4430);
#4432=EDGE_CURVE('',#4427,#4419,#4431,.T.);
#4433=ORIENTED_EDGE('',*,*,#4432,.F.);
#4434=CARTESIAN_POINT('',(0.049212598425197,0.135039370078741,0.231889763779528));
#4435=DIRECTION('',(0.0,-1.0,0.0));
#4436=VECTOR('',#4435,0.001968503937008);
#4437=LINE('',#4434,#4436);
#4438=EDGE_CURVE('',#4427,#4411,#4437,.T.);
#4439=ORIENTED_EDGE('',*,*,#4438,.T.);
#4440=EDGE_LOOP('',(#4417,#4425,#4433,#4439));
#4441=FACE_OUTER_BOUND('',#4440,.T.);
#4442=ADVANCED_FACE('',(#4441),#4407,.F.);
#4443=CARTESIAN_POINT('',(0.082914265792857,0.135137795275591,0.149212598425197));
#4444=DIRECTION('',(0.9260204203181,0.0,0.377473417810963));
#4445=DIRECTION('',(0.377473417810963,0.0,-0.9260204203181));
#4446=AXIS2_PLACEMENT_3D('',#4443,#4444,#4445);
#4447=PLANE('',#4446);
#4448=CARTESIAN_POINT('',(0.081309424489635,0.133070866141733,0.153149606299213));
#4449=VERTEX_POINT('',#4448);
#4450=CARTESIAN_POINT('',(0.049212598425197,0.133070866141733,0.231889763779528));
#4451=DIRECTION('',(0.377473417810963,0.0,-0.9260204203181));
#4452=VECTOR('',#4451,0.085030692361262);
#4453=LINE('',#4450,#4452);
#4454=EDGE_CURVE('',#4411,#4449,#4453,.T.);
#4455=ORIENTED_EDGE('',*,*,#4454,.F.);
#4456=ORIENTED_EDGE('',*,*,#4438,.F.);
#4457=CARTESIAN_POINT('',(0.081309424489635,0.135039370078741,0.153149606299213));
#4458=VERTEX_POINT('',#4457);
#4459=CARTESIAN_POINT('',(0.081309424489635,0.135039370078741,0.153149606299213));
#4460=DIRECTION('',(-0.377473417810963,0.0,0.9260204203181));
#4461=VECTOR('',#4460,0.085030692361262);
#4462=LINE('',#4459,#4461);
#4463=EDGE_CURVE('',#4458,#4427,#4462,.T.);
#4464=ORIENTED_EDGE('',*,*,#4463,.F.);
#4465=CARTESIAN_POINT('',(0.081309424489635,0.135039370078741,0.153149606299213));
#4466=DIRECTION('',(0.0,-1.0,0.0));
#4467=VECTOR('',#4466,0.001968503937008);
#4468=LINE('',#4465,#4467);
#4469=EDGE_CURVE('',#4458,#4449,#4468,.T.);
#4470=ORIENTED_EDGE('',*,*,#4469,.T.);
#4471=EDGE_LOOP('',(#4455,#4456,#4464,#4470));
#4472=FACE_OUTER_BOUND('',#4471,.T.);
#4473=ADVANCED_FACE('',(#4472),#4447,.F.);
#4474=CARTESIAN_POINT('',(-0.042706323541861,0.135137795275591,0.153149606299213));
#4475=DIRECTION('',(0.0,0.0,-1.0));
#4476=DIRECTION('',(-1.0,0.0,0.0));
#4477=AXIS2_PLACEMENT_3D('',#4474,#4475,#4476);
#4478=PLANE('',#4477);
#4479=CARTESIAN_POINT('',(-0.036800811730837,0.133070866141733,0.153149606299213));
#4480=VERTEX_POINT('',#4479);
#4481=CARTESIAN_POINT('',(0.081309424489635,0.133070866141733,0.153149606299213));
#4482=DIRECTION('',(-1.0,0.0,0.0));
#4483=VECTOR('',#4482,0.118110236220472);
#4484=LINE('',#4481,#4483);
#4485=EDGE_CURVE('',#4449,#4480,#4484,.T.);
#4486=ORIENTED_EDGE('',*,*,#4485,.F.);
#4487=ORIENTED_EDGE('',*,*,#4469,.F.);
#4488=CARTESIAN_POINT('',(-0.036800811730837,0.135039370078741,0.153149606299213));
#4489=VERTEX_POINT('',#4488);
#4490=CARTESIAN_POINT('',(-0.036800811730837,0.135039370078741,0.153149606299213));
#4491=DIRECTION('',(1.0,0.0,0.0));
#4492=VECTOR('',#4491,0.118110236220472);
#4493=LINE('',#4490,#4492);
#4494=EDGE_CURVE('',#4489,#4458,#4493,.T.);
#4495=ORIENTED_EDGE('',*,*,#4494,.F.);
#4496=CARTESIAN_POINT('',(-0.036800811730837,0.135039370078741,0.153149606299213));
#4497=DIRECTION('',(0.0,-1.0,0.0));
#4498=VECTOR('',#4497,0.001968503937008);
#4499=LINE('',#4496,#4498);
#4500=EDGE_CURVE('',#4489,#4480,#4499,.T.);
#4501=ORIENTED_EDGE('',*,*,#4500,.T.);
#4502=EDGE_LOOP('',(#4486,#4487,#4495,#4501));
#4503=FACE_OUTER_BOUND('',#4502,.T.);
#4504=ADVANCED_FACE('',(#4503),#4478,.F.);
#4505=CARTESIAN_POINT('',(-0.044383686888561,0.135137795275591,0.171751968503938));
#4506=DIRECTION('',(-0.9260204203181,0.0,-0.377473417810962));
#4507=DIRECTION('',(-0.377473417810962,0.0,0.9260204203181));
#4508=AXIS2_PLACEMENT_3D('',#4505,#4506,#4507);
#4509=PLANE('',#4508);
#4510=CARTESIAN_POINT('',(-0.044022597595336,0.133070866141733,0.170866141732284));
#4511=VERTEX_POINT('',#4510);
#4512=CARTESIAN_POINT('',(-0.036800811730837,0.133070866141733,0.153149606299213));
#4513=DIRECTION('',(-0.377473417810962,0.0,0.9260204203181));
#4514=VECTOR('',#4513,0.019131905781284);
#4515=LINE('',#4512,#4514);
#4516=EDGE_CURVE('',#4480,#4511,#4515,.T.);
#4517=ORIENTED_EDGE('',*,*,#4516,.F.);
#4518=ORIENTED_EDGE('',*,*,#4500,.F.);
#4519=CARTESIAN_POINT('',(-0.044022597595336,0.135039370078741,0.170866141732284));
#4520=VERTEX_POINT('',#4519);
#4521=CARTESIAN_POINT('',(-0.044022597595336,0.135039370078741,0.170866141732284));
#4522=DIRECTION('',(0.377473417810962,0.0,-0.9260204203181));
#4523=VECTOR('',#4522,0.019131905781284);
#4524=LINE('',#4521,#4523);
#4525=EDGE_CURVE('',#4520,#4489,#4524,.T.);
#4526=ORIENTED_EDGE('',*,*,#4525,.F.);
#4527=CARTESIAN_POINT('',(-0.044022597595336,0.135039370078741,0.170866141732284));
#4528=DIRECTION('',(0.0,-1.0,0.0));
#4529=VECTOR('',#4528,0.001968503937008);
#4530=LINE('',#4527,#4529);
#4531=EDGE_CURVE('',#4520,#4511,#4530,.T.);
#4532=ORIENTED_EDGE('',*,*,#4531,.T.);
#4533=EDGE_LOOP('',(#4517,#4518,#4526,#4532));
#4534=FACE_OUTER_BOUND('',#4533,.T.);
#4535=ADVANCED_FACE('',(#4534),#4509,.F.);
#4536=CARTESIAN_POINT('',(0.059904649365812,0.135137795275591,0.170866141732284));
#4537=DIRECTION('',(0.0,0.0,1.0));
#4538=DIRECTION('',(1.0,0.0,0.0));
#4539=AXIS2_PLACEMENT_3D('',#4536,#4537,#4538);
#4540=PLANE('',#4539);
#4541=CARTESIAN_POINT('',(0.054955732843853,0.133070866141733,0.170866141732284));
#4542=VERTEX_POINT('',#4541);
#4543=CARTESIAN_POINT('',(-0.044022597595336,0.133070866141733,0.170866141732284));
#4544=DIRECTION('',(1.0,0.0,0.0));
#4545=VECTOR('',#4544,0.098978330439189);
#4546=LINE('',#4543,#4545);
#4547=EDGE_CURVE('',#4511,#4542,#4546,.T.);
#4548=ORIENTED_EDGE('',*,*,#4547,.F.);
#4549=ORIENTED_EDGE('',*,*,#4531,.F.);
#4550=CARTESIAN_POINT('',(0.054955732843853,0.135039370078741,0.170866141732284));
#4551=VERTEX_POINT('',#4550);
#4552=CARTESIAN_POINT('',(0.054955732843853,0.135039370078741,0.170866141732284));
#4553=DIRECTION('',(-1.0,0.0,0.0));
#4554=VECTOR('',#4553,0.098978330439189);
#4555=LINE('',#4552,#4554);
#4556=EDGE_CURVE('',#4551,#4520,#4555,.T.);
#4557=ORIENTED_EDGE('',*,*,#4556,.F.);
#4558=CARTESIAN_POINT('',(0.054955732843853,0.135039370078741,0.170866141732284));
#4559=DIRECTION('',(0.0,-1.0,0.0));
#4560=VECTOR('',#4559,0.001968503937008);
#4561=LINE('',#4558,#4560);
#4562=EDGE_CURVE('',#4551,#4542,#4561,.T.);
#4563=ORIENTED_EDGE('',*,*,#4562,.T.);
#4564=EDGE_LOOP('',(#4548,#4549,#4557,#4563));
#4565=FACE_OUTER_BOUND('',#4564,.T.);
#4566=ADVANCED_FACE('',(#4565),#4540,.F.);
#4567=CARTESIAN_POINT('',(0.049479211896609,0.135137795275591,0.184301181102361));
#4568=DIRECTION('',(-0.9260204203181,0.0,-0.377473417810962));
#4569=DIRECTION('',(-0.377473417810962,0.0,0.9260204203181));
#4570=AXIS2_PLACEMENT_3D('',#4567,#4568,#4569);
#4571=PLANE('',#4570);
#4572=CARTESIAN_POINT('',(0.049739998608383,0.133070866141733,0.183661417322834));
#4573=VERTEX_POINT('',#4572);
#4574=CARTESIAN_POINT('',(0.054955732843853,0.133070866141733,0.170866141732284));
#4575=DIRECTION('',(-0.37747341781096,0.0,0.926020420318101));
#4576=VECTOR('',#4575,0.013817487508704);
#4577=LINE('',#4574,#4576);
#4578=EDGE_CURVE('',#4542,#4573,#4577,.T.);
#4579=ORIENTED_EDGE('',*,*,#4578,.F.);
#4580=ORIENTED_EDGE('',*,*,#4562,.F.);
#4581=CARTESIAN_POINT('',(0.049739998608383,0.135039370078741,0.183661417322834));
#4582=VERTEX_POINT('',#4581);
#4583=CARTESIAN_POINT('',(0.049739998608383,0.135039370078741,0.183661417322834));
#4584=DIRECTION('',(0.377473417810959,0.0,-0.926020420318101));
#4585=VECTOR('',#4584,0.013817487508704);
#4586=LINE('',#4583,#4585);
#4587=EDGE_CURVE('',#4582,#4551,#4586,.T.);
#4588=ORIENTED_EDGE('',*,*,#4587,.F.);
#4589=CARTESIAN_POINT('',(0.049739998608383,0.135039370078741,0.183661417322834));
#4590=DIRECTION('',(0.0,-1.0,0.0));
#4591=VECTOR('',#4590,0.001968503937008);
#4592=LINE('',#4589,#4591);
#4593=EDGE_CURVE('',#4582,#4573,#4592,.T.);
#4594=ORIENTED_EDGE('',*,*,#4593,.T.);
#4595=EDGE_LOOP('',(#4579,#4580,#4588,#4594));
#4596=FACE_OUTER_BOUND('',#4595,.T.);
#4597=ADVANCED_FACE('',(#4596),#4571,.F.);
#4598=CARTESIAN_POINT('',(-0.054187248352767,0.135137795275591,0.183661417322834));
#4599=DIRECTION('',(0.0,0.0,-1.0));
#4600=DIRECTION('',(-1.0,0.0,0.0));
#4601=AXIS2_PLACEMENT_3D('',#4598,#4599,#4600);
#4602=PLANE('',#4601);
#4603=CARTESIAN_POINT('',(-0.049238331830807,0.133070866141733,0.183661417322834));
#4604=VERTEX_POINT('',#4603);
#4605=CARTESIAN_POINT('',(0.049739998608383,0.133070866141733,0.183661417322834));
#4606=DIRECTION('',(-1.0,0.0,0.0));
#4607=VECTOR('',#4606,0.09897833043919);
#4608=LINE('',#4605,#4607);
#4609=EDGE_CURVE('',#4573,#4604,#4608,.T.);
#4610=ORIENTED_EDGE('',*,*,#4609,.F.);
#4611=ORIENTED_EDGE('',*,*,#4593,.F.);
#4612=CARTESIAN_POINT('',(-0.049238331830807,0.135039370078741,0.183661417322834));
#4613=VERTEX_POINT('',#4612);
#4614=CARTESIAN_POINT('',(-0.049238331830807,0.135039370078741,0.183661417322834));
#4615=DIRECTION('',(1.0,0.0,0.0));
#4616=VECTOR('',#4615,0.09897833043919);
#4617=LINE('',#4614,#4616);
#4618=EDGE_CURVE('',#4613,#4582,#4617,.T.);
#4619=ORIENTED_EDGE('',*,*,#4618,.F.);
#4620=CARTESIAN_POINT('',(-0.049238331830807,0.135039370078741,0.183661417322834));
#4621=DIRECTION('',(0.0,-1.0,0.0));
#4622=VECTOR('',#4621,0.001968503937008);
#4623=LINE('',#4620,#4622);
#4624=EDGE_CURVE('',#4613,#4604,#4623,.T.);
#4625=ORIENTED_EDGE('',*,*,#4624,.T.);
#4626=EDGE_LOOP('',(#4610,#4611,#4619,#4625));
#4627=FACE_OUTER_BOUND('',#4626,.T.);
#4628=ADVANCED_FACE('',(#4627),#4602,.F.);
#4629=CARTESIAN_POINT('',(-0.056821206988531,0.135137795275591,0.202263779527559));
#4630=DIRECTION('',(-0.9260204203181,0.0,-0.377473417810964));
#4631=DIRECTION('',(-0.377473417810964,0.0,0.9260204203181));
#4632=AXIS2_PLACEMENT_3D('',#4629,#4630,#4631);
#4633=PLANE('',#4632);
#4634=CARTESIAN_POINT('',(-0.056460117695306,0.133070866141733,0.201377952755905));
#4635=VERTEX_POINT('',#4634);
#4636=CARTESIAN_POINT('',(-0.049238331830807,0.133070866141733,0.183661417322834));
#4637=DIRECTION('',(-0.377473417810963,0.0,0.9260204203181));
#4638=VECTOR('',#4637,0.019131905781284);
#4639=LINE('',#4636,#4638);
#4640=EDGE_CURVE('',#4604,#4635,#4639,.T.);
#4641=ORIENTED_EDGE('',*,*,#4640,.F.);
#4642=ORIENTED_EDGE('',*,*,#4624,.F.);
#4643=CARTESIAN_POINT('',(-0.056460117695306,0.135039370078741,0.201377952755905));
#4644=VERTEX_POINT('',#4643);
#4645=CARTESIAN_POINT('',(-0.056460117695306,0.135039370078741,0.201377952755905));
#4646=DIRECTION('',(0.377473417810964,0.0,-0.926020420318099));
#4647=VECTOR('',#4646,0.019131905781284);
#4648=LINE('',#4645,#4647);
#4649=EDGE_CURVE('',#4644,#4613,#4648,.T.);
#4650=ORIENTED_EDGE('',*,*,#4649,.F.);
#4651=CARTESIAN_POINT('',(-0.056460117695306,0.135039370078741,0.201377952755905));
#4652=DIRECTION('',(0.0,-1.0,0.0));
#4653=VECTOR('',#4652,0.001968503937008);
#4654=LINE('',#4651,#4653);
#4655=EDGE_CURVE('',#4644,#4635,#4654,.T.);
#4656=ORIENTED_EDGE('',*,*,#4655,.T.);
#4657=EDGE_LOOP('',(#4641,#4642,#4650,#4656));
#4658=FACE_OUTER_BOUND('',#4657,.T.);
#4659=ADVANCED_FACE('',(#4658),#4633,.F.);
#4660=CARTESIAN_POINT('',(0.047467129265843,0.135137795275591,0.201377952755905));
#4661=DIRECTION('',(0.0,0.0,1.0));
#4662=DIRECTION('',(1.0,0.0,0.0));
#4663=AXIS2_PLACEMENT_3D('',#4660,#4661,#4662);
#4664=PLANE('',#4663);
#4665=CARTESIAN_POINT('',(0.042518212743884,0.133070866141733,0.201377952755905));
#4666=VERTEX_POINT('',#4665);
#4667=CARTESIAN_POINT('',(-0.056460117695306,0.133070866141733,0.201377952755905));
#4668=DIRECTION('',(1.0,0.0,0.0));
#4669=VECTOR('',#4668,0.09897833043919);
#4670=LINE('',#4667,#4669);
#4671=EDGE_CURVE('',#4635,#4666,#4670,.T.);
#4672=ORIENTED_EDGE('',*,*,#4671,.F.);
#4673=ORIENTED_EDGE('',*,*,#4655,.F.);
#4674=CARTESIAN_POINT('',(0.042518212743884,0.135039370078741,0.201377952755905));
#4675=VERTEX_POINT('',#4674);
#4676=CARTESIAN_POINT('',(0.042518212743884,0.135039370078741,0.201377952755905));
#4677=DIRECTION('',(-1.0,0.0,0.0));
#4678=VECTOR('',#4677,0.09897833043919);
#4679=LINE('',#4676,#4678);
#4680=EDGE_CURVE('',#4675,#4644,#4679,.T.);
#4681=ORIENTED_EDGE('',*,*,#4680,.F.);
#4682=CARTESIAN_POINT('',(0.042518212743884,0.135039370078741,0.201377952755905));
#4683=DIRECTION('',(0.0,-1.0,0.0));
#4684=VECTOR('',#4683,0.001968503937008);
#4685=LINE('',#4682,#4684);
#4686=EDGE_CURVE('',#4675,#4666,#4685,.T.);
#4687=ORIENTED_EDGE('',*,*,#4686,.T.);
#4688=EDGE_LOOP('',(#4672,#4673,#4681,#4687));
#4689=FACE_OUTER_BOUND('',#4688,.T.);
#4690=ADVANCED_FACE('',(#4689),#4664,.F.);
#4691=CARTESIAN_POINT('',(0.037041691796639,0.135137795275591,0.214812992125985));
#4692=DIRECTION('',(-0.9260204203181,0.0,-0.377473417810963));
#4693=DIRECTION('',(-0.377473417810963,0.0,0.9260204203181));
#4694=AXIS2_PLACEMENT_3D('',#4691,#4692,#4693);
#4695=PLANE('',#4694);
#4696=CARTESIAN_POINT('',(0.037302478508412,0.133070866141733,0.214173228346457));
#4697=VERTEX_POINT('',#4696);
#4698=CARTESIAN_POINT('',(0.042518212743884,0.133070866141733,0.201377952755905));
#4699=DIRECTION('',(-0.377473417810963,0.0,0.9260204203181));
#4700=VECTOR('',#4699,0.013817487508706);
#4701=LINE('',#4698,#4700);
#4702=EDGE_CURVE('',#4666,#4697,#4701,.T.);
#4703=ORIENTED_EDGE('',*,*,#4702,.F.);
#4704=ORIENTED_EDGE('',*,*,#4686,.F.);
#4705=CARTESIAN_POINT('',(0.037302478508412,0.135039370078741,0.214173228346457));
#4706=VERTEX_POINT('',#4705);
#4707=CARTESIAN_POINT('',(0.037302478508412,0.135039370078741,0.214173228346457));
#4708=DIRECTION('',(0.377473417810963,0.0,-0.9260204203181));
#4709=VECTOR('',#4708,0.013817487508706);
#4710=LINE('',#4707,#4709);
#4711=EDGE_CURVE('',#4706,#4675,#4710,.T.);
#4712=ORIENTED_EDGE('',*,*,#4711,.F.);
#4713=CARTESIAN_POINT('',(0.037302478508412,0.135039370078741,0.214173228346457));
#4714=DIRECTION('',(0.0,-1.0,0.0));
#4715=VECTOR('',#4714,0.001968503937008);
#4716=LINE('',#4713,#4715);
#4717=EDGE_CURVE('',#4706,#4697,#4716,.T.);
#4718=ORIENTED_EDGE('',*,*,#4717,.T.);
#4719=EDGE_LOOP('',(#4703,#4704,#4712,#4718));
#4720=FACE_OUTER_BOUND('',#4719,.T.);
#4721=ADVANCED_FACE('',(#4720),#4695,.F.);
#4722=CARTESIAN_POINT('',(-0.066624768452736,0.135137795275591,0.214173228346457));
#4723=DIRECTION('',(0.0,0.0,-1.0));
#4724=DIRECTION('',(-1.0,0.0,0.0));
#4725=AXIS2_PLACEMENT_3D('',#4722,#4723,#4724);
#4726=PLANE('',#4725);
#4727=CARTESIAN_POINT('',(-0.061675851930777,0.133070866141733,0.214173228346457));
#4728=VERTEX_POINT('',#4727);
#4729=CARTESIAN_POINT('',(0.037302478508412,0.133070866141733,0.214173228346457));
#4730=DIRECTION('',(-1.0,0.0,0.0));
#4731=VECTOR('',#4730,0.098978330439189);
#4732=LINE('',#4729,#4731);
#4733=EDGE_CURVE('',#4697,#4728,#4732,.T.);
#4734=ORIENTED_EDGE('',*,*,#4733,.F.);
#4735=ORIENTED_EDGE('',*,*,#4717,.F.);
#4736=CARTESIAN_POINT('',(-0.061675851930777,0.135039370078741,0.214173228346457));
#4737=VERTEX_POINT('',#4736);
#4738=CARTESIAN_POINT('',(-0.061675851930777,0.135039370078741,0.214173228346457));
#4739=DIRECTION('',(1.0,0.0,0.0));
#4740=VECTOR('',#4739,0.098978330439189);
#4741=LINE('',#4738,#4740);
#4742=EDGE_CURVE('',#4737,#4706,#4741,.T.);
#4743=ORIENTED_EDGE('',*,*,#4742,.F.);
#4744=CARTESIAN_POINT('',(-0.061675851930777,0.135039370078741,0.214173228346457));
#4745=DIRECTION('',(0.0,-1.0,0.0));
#4746=VECTOR('',#4745,0.001968503937008);
#4747=LINE('',#4744,#4746);
#4748=EDGE_CURVE('',#4737,#4728,#4747,.T.);
#4749=ORIENTED_EDGE('',*,*,#4748,.T.);
#4750=EDGE_LOOP('',(#4734,#4735,#4743,#4749));
#4751=FACE_OUTER_BOUND('',#4750,.T.);
#4752=ADVANCED_FACE('',(#4751),#4726,.F.);
#4753=CARTESIAN_POINT('',(-0.069258727088501,0.135137795275591,0.232775590551182));
#4754=DIRECTION('',(-0.9260204203181,0.0,-0.377473417810962));
#4755=DIRECTION('',(-0.377473417810962,0.0,0.9260204203181));
#4756=AXIS2_PLACEMENT_3D('',#4753,#4754,#4755);
#4757=PLANE('',#4756);
#4758=CARTESIAN_POINT('',(-0.061675851930777,0.133070866141733,0.214173228346457));
#4759=DIRECTION('',(-0.377473417810962,0.0,0.9260204203181));
#4760=VECTOR('',#4759,0.019131905781284);
#4761=LINE('',#4758,#4760);
#4762=EDGE_CURVE('',#4728,#4409,#4761,.T.);
#4763=ORIENTED_EDGE('',*,*,#4762,.F.);
#4764=ORIENTED_EDGE('',*,*,#4748,.F.);
#4765=CARTESIAN_POINT('',(-0.068897637795276,0.135039370078741,0.231889763779528));
#4766=DIRECTION('',(0.377473417810963,0.0,-0.9260204203181));
#4767=VECTOR('',#4766,0.019131905781284);
#4768=LINE('',#4765,#4767);
#4769=EDGE_CURVE('',#4419,#4737,#4768,.T.);
#4770=ORIENTED_EDGE('',*,*,#4769,.F.);
#4771=ORIENTED_EDGE('',*,*,#4424,.T.);
#4772=EDGE_LOOP('',(#4763,#4764,#4770,#4771));
#4773=FACE_OUTER_BOUND('',#4772,.T.);
#4774=ADVANCED_FACE('',(#4773),#4757,.F.);
#4775=CARTESIAN_POINT('',(0.088819777603881,0.133070866141733,0.149212598425197));
#4776=DIRECTION('',(0.0,-1.0,0.0));
#4777=DIRECTION('',(0.0,0.0,-1.0));
#4778=AXIS2_PLACEMENT_3D('',#4775,#4776,#4777);
#4779=PLANE('',#4778);
#4780=ORIENTED_EDGE('',*,*,#4416,.T.);
#4781=ORIENTED_EDGE('',*,*,#4454,.T.);
#4782=ORIENTED_EDGE('',*,*,#4485,.T.);
#4783=ORIENTED_EDGE('',*,*,#4516,.T.);
#4784=ORIENTED_EDGE('',*,*,#4547,.T.);
#4785=ORIENTED_EDGE('',*,*,#4578,.T.);
#4786=ORIENTED_EDGE('',*,*,#4609,.T.);
#4787=ORIENTED_EDGE('',*,*,#4640,.T.);
#4788=ORIENTED_EDGE('',*,*,#4671,.T.);
#4789=ORIENTED_EDGE('',*,*,#4702,.T.);
#4790=ORIENTED_EDGE('',*,*,#4733,.T.);
#4791=ORIENTED_EDGE('',*,*,#4762,.T.);
#4792=EDGE_LOOP('',(#4780,#4781,#4782,#4783,#4784,#4785,#4786,#4787,#4788,#4789,#4790,#4791));
#4793=FACE_OUTER_BOUND('',#4792,.T.);
#4794=ORIENTED_EDGE('',*,*,#4044,.F.);
#4795=ORIENTED_EDGE('',*,*,#4390,.F.);
#4796=ORIENTED_EDGE('',*,*,#4361,.F.);
#4797=ORIENTED_EDGE('',*,*,#4330,.F.);
#4798=ORIENTED_EDGE('',*,*,#4299,.F.);
#4799=ORIENTED_EDGE('',*,*,#4268,.F.);
#4800=ORIENTED_EDGE('',*,*,#4237,.F.);
#4801=ORIENTED_EDGE('',*,*,#4206,.F.);
#4802=ORIENTED_EDGE('',*,*,#4175,.F.);
#4803=ORIENTED_EDGE('',*,*,#4144,.F.);
#4804=ORIENTED_EDGE('',*,*,#4113,.F.);
#4805=ORIENTED_EDGE('',*,*,#4082,.F.);
#4806=EDGE_LOOP('',(#4794,#4795,#4796,#4797,#4798,#4799,#4800,#4801,#4802,#4803,#4804,#4805));
#4807=FACE_BOUND('',#4806,.T.);
#4808=ADVANCED_FACE('',(#4793,#4807),#4779,.F.);
#4809=CARTESIAN_POINT('',(0.253149606299213,-0.105118110236221,0.328917322834646));
#4810=DIRECTION('',(0.0,-1.0,0.0));
#4811=DIRECTION('',(0.0,0.0,-1.0));
#4812=AXIS2_PLACEMENT_3D('',#4809,#4810,#4811);
#4813=PLANE('',#4812);
#4814=CARTESIAN_POINT('',(0.25,-0.105118110236221,0.32992125984252));
#4815=VERTEX_POINT('',#4814);
#4816=CARTESIAN_POINT('',(0.25,-0.105118110236221,0.32992125984252));
#4817=DIRECTION('',(0.0,0.0,1.0));
#4818=VECTOR('',#4817,0.02007874015748);
#4819=LINE('',#4816,#4818);
#4820=EDGE_CURVE('',#4815,#3223,#4819,.T.);
#4821=ORIENTED_EDGE('',*,*,#4820,.T.);
#4822=ORIENTED_EDGE('',*,*,#3228,.F.);
#4823=ORIENTED_EDGE('',*,*,#3483,.F.);
#4824=CARTESIAN_POINT('',(0.25,-0.105118110236221,0.32992125984252));
#4825=DIRECTION('',(-1.0,0.0,0.0));
#4826=VECTOR('',#4825,0.062992125984252);
#4827=LINE('',#4824,#4826);
#4828=EDGE_CURVE('',#4815,#3472,#4827,.T.);
#4829=ORIENTED_EDGE('',*,*,#4828,.F.);
#4830=EDGE_LOOP('',(#4821,#4822,#4823,#4829));
#4831=FACE_OUTER_BOUND('',#4830,.T.);
#4832=ADVANCED_FACE('',(#4831),#4813,.T.);
#4833=CARTESIAN_POINT('',(0.253149606299213,0.105118110236221,0.351003937007874));
#4834=DIRECTION('',(0.0,1.0,0.0));
#4835=DIRECTION('',(0.0,0.0,1.0));
#4836=AXIS2_PLACEMENT_3D('',#4833,#4834,#4835);
#4837=PLANE('',#4836);
#4838=CARTESIAN_POINT('',(0.25,0.105118110236221,0.32992125984252));
#4839=VERTEX_POINT('',#4838);
#4840=CARTESIAN_POINT('',(0.25,0.105118110236221,0.35));
#4841=DIRECTION('',(0.0,0.0,-1.0));
#4842=VECTOR('',#4841,0.02007874015748);
#4843=LINE('',#4840,#4842);
#4844=EDGE_CURVE('',#3231,#4839,#4843,.T.);
#4845=ORIENTED_EDGE('',*,*,#4844,.T.);
#4846=CARTESIAN_POINT('',(0.187007874015748,0.10511811023622,0.32992125984252));
#4847=VERTEX_POINT('',#4846);
#4848=CARTESIAN_POINT('',(0.187007874015748,0.105118110236221,0.32992125984252));
#4849=DIRECTION('',(1.0,0.0,0.0));
#4850=VECTOR('',#4849,0.062992125984252);
#4851=LINE('',#4848,#4850);
#4852=EDGE_CURVE('',#4847,#4839,#4851,.T.);
#4853=ORIENTED_EDGE('',*,*,#4852,.F.);
#4854=CARTESIAN_POINT('',(0.187007874015748,0.105118110236221,0.35));
#4855=DIRECTION('',(0.0,0.0,-1.0));
#4856=VECTOR('',#4855,0.02007874015748);
#4857=LINE('',#4854,#4856);
#4858=EDGE_CURVE('',#3239,#4847,#4857,.T.);
#4859=ORIENTED_EDGE('',*,*,#4858,.F.);
#4860=ORIENTED_EDGE('',*,*,#3244,.T.);
#4861=EDGE_LOOP('',(#4845,#4853,#4859,#4860));
#4862=FACE_OUTER_BOUND('',#4861,.T.);
#4863=ADVANCED_FACE('',(#4862),#4837,.T.);
#4864=CARTESIAN_POINT('',(0.187007874015748,0.134787004266612,0.351003937007874));
#4865=DIRECTION('',(-1.0,0.0,0.0));
#4866=DIRECTION('',(0.0,0.0,1.0));
#4867=AXIS2_PLACEMENT_3D('',#4864,#4865,#4866);
#4868=PLANE('',#4867);
#4869=CARTESIAN_POINT('',(0.187007874015748,0.133374199788974,0.32992125984252));
#4870=VERTEX_POINT('',#4869);
#4871=CARTESIAN_POINT('',(0.187007874015748,0.10511811023622,0.32992125984252));
#4872=DIRECTION('',(0.0,1.0,0.0));
#4873=VECTOR('',#4872,0.028256089552754);
#4874=LINE('',#4871,#4873);
#4875=EDGE_CURVE('',#4847,#4870,#4874,.T.);
#4876=ORIENTED_EDGE('',*,*,#4875,.T.);
#4877=CARTESIAN_POINT('',(0.187007874015748,0.105118110236221,0.32007874015748));
#4878=DIRECTION('',(-1.0,0.0,0.0));
#4879=DIRECTION('',(0.0,0.0,1.0));
#4880=AXIS2_PLACEMENT_3D('',#4877,#4878,#4879);
#4881=CIRCLE('',#4880,0.02992125984252);
#4882=EDGE_CURVE('',#3239,#4870,#4881,.T.);
#4883=ORIENTED_EDGE('',*,*,#4882,.F.);
#4884=ORIENTED_EDGE('',*,*,#4858,.T.);
#4885=EDGE_LOOP('',(#4876,#4883,#4884));
#4886=FACE_OUTER_BOUND('',#4885,.T.);
#4887=ADVANCED_FACE('',(#4886),#4868,.F.);
#4888=CARTESIAN_POINT('',(-0.183858267716535,0.105118110236221,0.351003937007874));
#4889=DIRECTION('',(0.0,1.0,0.0));
#4890=DIRECTION('',(0.0,0.0,1.0));
#4891=AXIS2_PLACEMENT_3D('',#4888,#4889,#4890);
#4892=PLANE('',#4891);
#4893=CARTESIAN_POINT('',(-0.25,0.105118110236221,0.32992125984252));
#4894=VERTEX_POINT('',#4893);
#4895=CARTESIAN_POINT('',(-0.25,0.105118110236221,0.32992125984252));
#4896=DIRECTION('',(0.0,0.0,1.0));
#4897=VECTOR('',#4896,0.02007874015748);
#4898=LINE('',#4895,#4897);
#4899=EDGE_CURVE('',#4894,#3172,#4898,.T.);
#4900=ORIENTED_EDGE('',*,*,#4899,.T.);
#4901=ORIENTED_EDGE('',*,*,#3177,.F.);
#4902=ORIENTED_EDGE('',*,*,#3452,.F.);
#4903=CARTESIAN_POINT('',(-0.25,0.105118110236221,0.32992125984252));
#4904=DIRECTION('',(1.0,0.0,0.0));
#4905=VECTOR('',#4904,0.062992125984252);
#4906=LINE('',#4903,#4905);
#4907=EDGE_CURVE('',#4894,#3441,#4906,.T.);
#4908=ORIENTED_EDGE('',*,*,#4907,.F.);
#4909=EDGE_LOOP('',(#4900,#4901,#4902,#4908));
#4910=FACE_OUTER_BOUND('',#4909,.T.);
#4911=ADVANCED_FACE('',(#4910),#4892,.T.);
#4912=CARTESIAN_POINT('',(-0.183858267716535,-0.105118110236221,0.328917322834646));
#4913=DIRECTION('',(0.0,-1.0,0.0));
#4914=DIRECTION('',(0.0,0.0,-1.0));
#4915=AXIS2_PLACEMENT_3D('',#4912,#4913,#4914);
#4916=PLANE('',#4915);
#4917=CARTESIAN_POINT('',(-0.25,-0.105118110236221,0.32992125984252));
#4918=VERTEX_POINT('',#4917);
#4919=CARTESIAN_POINT('',(-0.25,-0.105118110236221,0.35));
#4920=DIRECTION('',(0.0,0.0,-1.0));
#4921=VECTOR('',#4920,0.02007874015748);
#4922=LINE('',#4919,#4921);
#4923=EDGE_CURVE('',#3180,#4918,#4922,.T.);
#4924=ORIENTED_EDGE('',*,*,#4923,.T.);
#4925=CARTESIAN_POINT('',(-0.187007874015748,-0.105118110236221,0.32992125984252));
#4926=VERTEX_POINT('',#4925);
#4927=CARTESIAN_POINT('',(-0.187007874015748,-0.105118110236221,0.32992125984252));
#4928=DIRECTION('',(-1.0,0.0,0.0));
#4929=VECTOR('',#4928,0.062992125984252);
#4930=LINE('',#4927,#4929);
#4931=EDGE_CURVE('',#4926,#4918,#4930,.T.);
#4932=ORIENTED_EDGE('',*,*,#4931,.F.);
#4933=CARTESIAN_POINT('',(-0.187007874015748,-0.105118110236221,0.35));
#4934=DIRECTION('',(0.0,0.0,-1.0));
#4935=VECTOR('',#4934,0.02007874015748);
#4936=LINE('',#4933,#4935);
#4937=EDGE_CURVE('',#3188,#4926,#4936,.T.);
#4938=ORIENTED_EDGE('',*,*,#4937,.F.);
#4939=ORIENTED_EDGE('',*,*,#3193,.T.);
#4940=EDGE_LOOP('',(#4924,#4932,#4938,#4939));
#4941=FACE_OUTER_BOUND('',#4940,.T.);
#4942=ADVANCED_FACE('',(#4941),#4916,.T.);
#4943=CARTESIAN_POINT('',(-0.187007874015748,-0.103705305758583,0.351003937007874));
#4944=DIRECTION('',(-1.0,0.0,0.0));
#4945=DIRECTION('',(0.0,0.0,1.0));
#4946=AXIS2_PLACEMENT_3D('',#4943,#4944,#4945);
#4947=PLANE('',#4946);
#4948=CARTESIAN_POINT('',(-0.187007874015748,-0.133374199788974,0.32992125984252));
#4949=VERTEX_POINT('',#4948);
#4950=CARTESIAN_POINT('',(-0.187007874015748,-0.105118110236221,0.32992125984252));
#4951=DIRECTION('',(0.0,-1.0,0.0));
#4952=VECTOR('',#4951,0.028256089552753);
#4953=LINE('',#4950,#4952);
#4954=EDGE_CURVE('',#4926,#4949,#4953,.T.);
#4955=ORIENTED_EDGE('',*,*,#4954,.T.);
#4956=CARTESIAN_POINT('',(-0.187007874015748,-0.105118110236221,0.32007874015748));
#4957=DIRECTION('',(1.0,0.0,0.0));
#4958=DIRECTION('',(0.0,-1.0,0.0));
#4959=AXIS2_PLACEMENT_3D('',#4956,#4957,#4958);
#4960=CIRCLE('',#4959,0.02992125984252);
#4961=EDGE_CURVE('',#3188,#4949,#4960,.T.);
#4962=ORIENTED_EDGE('',*,*,#4961,.F.);
#4963=ORIENTED_EDGE('',*,*,#4937,.T.);
#4964=EDGE_LOOP('',(#4955,#4962,#4963));
#4965=FACE_OUTER_BOUND('',#4964,.T.);
#4966=ADVANCED_FACE('',(#4965),#4947,.T.);
#4967=CARTESIAN_POINT('',(-0.205708661417323,-0.105118110236221,0.32007874015748));
#4968=DIRECTION('',(1.0,0.0,0.0));
#4969=DIRECTION('',(0.0,0.707106781186548,-0.707106781186548));
#4970=AXIS2_PLACEMENT_3D('',#4967,#4968,#4969);
#4971=CYLINDRICAL_SURFACE('',#4970,0.02992125984252);
#4972=CARTESIAN_POINT('',(0.187007874015748,-0.135039370078741,0.320078740157481));
#4973=VERTEX_POINT('',#4972);
#4974=CARTESIAN_POINT('',(0.187007874015748,-0.105118110236221,0.32007874015748));
#4975=DIRECTION('',(1.0,0.0,0.0));
#4976=DIRECTION('',(0.0,-1.0,0.0));
#4977=AXIS2_PLACEMENT_3D('',#4974,#4975,#4976);
#4978=CIRCLE('',#4977,0.02992125984252);
#4979=EDGE_CURVE('',#3470,#4973,#4978,.T.);
#4980=ORIENTED_EDGE('',*,*,#4979,.F.);
#4981=ORIENTED_EDGE('',*,*,#3490,.T.);
#4982=ORIENTED_EDGE('',*,*,#3220,.T.);
#4983=ORIENTED_EDGE('',*,*,#2873,.T.);
#4984=ORIENTED_EDGE('',*,*,#3199,.T.);
#4985=ORIENTED_EDGE('',*,*,#4961,.T.);
#4986=CARTESIAN_POINT('',(-0.187007874015748,-0.135039370078741,0.320078740157481));
#4987=VERTEX_POINT('',#4986);
#4988=CARTESIAN_POINT('',(-0.187007874015748,-0.105118110236221,0.32007874015748));
#4989=DIRECTION('',(-1.0,0.0,0.0));
#4990=DIRECTION('',(0.0,-1.0,0.0));
#4991=AXIS2_PLACEMENT_3D('',#4988,#4989,#4990);
#4992=CIRCLE('',#4991,0.02992125984252);
#4993=EDGE_CURVE('',#4987,#4949,#4992,.T.);
#4994=ORIENTED_EDGE('',*,*,#4993,.F.);
#4995=CARTESIAN_POINT('',(0.187007874015748,-0.135039370078741,0.320078740157481));
#4996=DIRECTION('',(-1.0,0.0,0.0));
#4997=VECTOR('',#4996,0.374015748031496);
#4998=LINE('',#4995,#4997);
#4999=EDGE_CURVE('',#4973,#4987,#4998,.T.);
#5000=ORIENTED_EDGE('',*,*,#4999,.F.);
#5001=EDGE_LOOP('',(#4980,#4981,#4982,#4983,#4984,#4985,#4994,#5000));
#5002=FACE_OUTER_BOUND('',#5001,.T.);
#5003=ADVANCED_FACE('',(#5002),#4971,.T.);
#5004=CARTESIAN_POINT('',(0.090944881889764,0.090944881889764,0.35));
#5005=DIRECTION('',(0.0,0.0,1.0));
#5006=DIRECTION('',(1.0,0.0,0.0));
#5007=AXIS2_PLACEMENT_3D('',#5004,#5005,#5006);
#5008=PLANE('',#5007);
#5009=ORIENTED_EDGE('',*,*,#2933,.T.);
#5010=EDGE_LOOP('',(#5009));
#5011=FACE_OUTER_BOUND('',#5010,.T.);
#5012=ADVANCED_FACE('',(#5011),#5008,.T.);
#5013=CARTESIAN_POINT('',(-0.205708661417323,0.105118110236221,0.32007874015748));
#5014=DIRECTION('',(1.0,0.0,0.0));
#5015=DIRECTION('',(0.0,-0.707106781186548,-0.707106781186548));
#5016=AXIS2_PLACEMENT_3D('',#5013,#5014,#5015);
#5017=CYLINDRICAL_SURFACE('',#5016,0.02992125984252);
#5018=ORIENTED_EDGE('',*,*,#4882,.T.);
#5019=CARTESIAN_POINT('',(0.187007874015748,0.13503937007874,0.320078740157481));
#5020=VERTEX_POINT('',#5019);
#5021=CARTESIAN_POINT('',(0.187007874015748,0.105118110236221,0.32007874015748));
#5022=DIRECTION('',(1.0,0.0,0.0));
#5023=DIRECTION('',(0.0,0.0,1.0));
#5024=AXIS2_PLACEMENT_3D('',#5021,#5022,#5023);
#5025=CIRCLE('',#5024,0.02992125984252);
#5026=EDGE_CURVE('',#5020,#4870,#5025,.T.);
#5027=ORIENTED_EDGE('',*,*,#5026,.F.);
#5028=CARTESIAN_POINT('',(-0.187007874015748,0.13503937007874,0.320078740157481));
#5029=VERTEX_POINT('',#5028);
#5030=CARTESIAN_POINT('',(0.187007874015748,0.135039370078741,0.320078740157481));
#5031=DIRECTION('',(-1.0,0.0,0.0));
#5032=VECTOR('',#5031,0.374015748031496);
#5033=LINE('',#5030,#5032);
#5034=EDGE_CURVE('',#5020,#5029,#5033,.T.);
#5035=ORIENTED_EDGE('',*,*,#5034,.T.);
#5036=CARTESIAN_POINT('',(-0.187007874015748,0.105118110236221,0.32007874015748));
#5037=DIRECTION('',(-1.0,0.0,0.0));
#5038=DIRECTION('',(0.0,0.0,1.0));
#5039=AXIS2_PLACEMENT_3D('',#5036,#5037,#5038);
#5040=CIRCLE('',#5039,0.02992125984252);
#5041=EDGE_CURVE('',#3439,#5029,#5040,.T.);
#5042=ORIENTED_EDGE('',*,*,#5041,.F.);
#5043=ORIENTED_EDGE('',*,*,#3459,.T.);
#5044=ORIENTED_EDGE('',*,*,#3169,.F.);
#5045=ORIENTED_EDGE('',*,*,#2898,.F.);
#5046=ORIENTED_EDGE('',*,*,#3250,.F.);
#5047=EDGE_LOOP('',(#5018,#5027,#5035,#5042,#5043,#5044,#5045,#5046));
#5048=FACE_OUTER_BOUND('',#5047,.T.);
#5049=ADVANCED_FACE('',(#5048),#5017,.T.);
#5050=CARTESIAN_POINT('',(0.086650561866729,0.135039370078741,0.23436849446193));
#5051=DIRECTION('',(0.0,1.0,0.0));
#5052=DIRECTION('',(0.0,0.0,1.0));
#5053=AXIS2_PLACEMENT_3D('',#5050,#5051,#5052);
#5054=PLANE('',#5053);
#5055=ORIENTED_EDGE('',*,*,#4060,.T.);
#5056=ORIENTED_EDGE('',*,*,#4096,.T.);
#5057=ORIENTED_EDGE('',*,*,#4127,.T.);
#5058=ORIENTED_EDGE('',*,*,#4158,.T.);
#5059=ORIENTED_EDGE('',*,*,#4189,.T.);
#5060=ORIENTED_EDGE('',*,*,#4220,.T.);
#5061=ORIENTED_EDGE('',*,*,#4251,.T.);
#5062=ORIENTED_EDGE('',*,*,#4282,.T.);
#5063=ORIENTED_EDGE('',*,*,#4313,.T.);
#5064=ORIENTED_EDGE('',*,*,#4344,.T.);
#5065=ORIENTED_EDGE('',*,*,#4375,.T.);
#5066=ORIENTED_EDGE('',*,*,#4397,.T.);
#5067=EDGE_LOOP('',(#5055,#5056,#5057,#5058,#5059,#5060,#5061,#5062,#5063,#5064,#5065,#5066));
#5068=FACE_OUTER_BOUND('',#5067,.T.);
#5069=ADVANCED_FACE('',(#5068),#5054,.T.);
#5070=CARTESIAN_POINT('',(0.085629921259842,0.085311797702994,-0.000374015748031));
#5071=DIRECTION('',(0.0,0.0,1.0));
#5072=DIRECTION('',(0.0,1.0,0.0));
#5073=AXIS2_PLACEMENT_3D('',#5070,#5071,#5072);
#5074=CYLINDRICAL_SURFACE('',#5073,0.027723408026511);
#5075=ORIENTED_EDGE('',*,*,#4013,.T.);
#5076=CARTESIAN_POINT('',(0.11277774321446,0.079691911963518,0.0));
#5077=DIRECTION('',(0.0,0.0,1.0));
#5078=VECTOR('',#5077,0.00748031496063);
#5079=LINE('',#5076,#5078);
#5080=EDGE_CURVE('',#2694,#3999,#5079,.T.);
#5081=ORIENTED_EDGE('',*,*,#5080,.F.);
#5082=ORIENTED_EDGE('',*,*,#2700,.F.);
#5083=ORIENTED_EDGE('',*,*,#1753,.F.);
#5084=CARTESIAN_POINT('',(0.058482099305224,0.079691911963518,0.0));
#5085=DIRECTION('',(0.0,0.0,1.0));
#5086=VECTOR('',#5085,0.00748031496063);
#5087=LINE('',#5084,#5086);
#5088=EDGE_CURVE('',#1739,#4007,#5087,.T.);
#5089=ORIENTED_EDGE('',*,*,#5088,.T.);
#5090=EDGE_LOOP('',(#5075,#5081,#5082,#5083,#5089));
#5091=FACE_OUTER_BOUND('',#5090,.T.);
#5092=ADVANCED_FACE('',(#5091),#5074,.F.);
#5093=CARTESIAN_POINT('',(-0.058847149152374,0.077928476065629,0.007854330708661));
#5094=DIRECTION('',(0.979238264237133,-0.202712658346356,0.0));
#5095=DIRECTION('',(0.0,0.0,-1.0));
#5096=AXIS2_PLACEMENT_3D('',#5093,#5094,#5095);
#5097=PLANE('',#5096);
#5098=ORIENTED_EDGE('',*,*,#3965,.T.);
#5099=CARTESIAN_POINT('',(-0.051181102362205,0.114960629921258,0.0));
#5100=DIRECTION('',(0.0,0.0,1.0));
#5101=VECTOR('',#5100,0.00748031496063);
#5102=LINE('',#5099,#5101);
#5103=EDGE_CURVE('',#2834,#3866,#5102,.T.);
#5104=ORIENTED_EDGE('',*,*,#5103,.F.);
#5105=ORIENTED_EDGE('',*,*,#2839,.F.);
#5106=ORIENTED_EDGE('',*,*,#1795,.F.);
#5107=CARTESIAN_POINT('',(-0.058482099305224,0.079691911963516,0.0));
#5108=DIRECTION('',(0.0,0.0,1.0));
#5109=VECTOR('',#5108,0.00748031496063);
#5110=LINE('',#5107,#5109);
#5111=EDGE_CURVE('',#1781,#3960,#5110,.T.);
#5112=ORIENTED_EDGE('',*,*,#5111,.T.);
#5113=EDGE_LOOP('',(#5098,#5104,#5105,#5106,#5112));
#5114=FACE_OUTER_BOUND('',#5113,.T.);
#5115=ADVANCED_FACE('',(#5114),#5097,.F.);
#5116=CARTESIAN_POINT('',(0.050816052515054,-0.116724065819147,-0.000374015748031));
#5117=DIRECTION('',(-0.979238264237126,0.20271265834639,0.0));
#5118=DIRECTION('',(0.0,0.0,1.0));
#5119=AXIS2_PLACEMENT_3D('',#5116,#5117,#5118);
#5120=PLANE('',#5119);
#5121=ORIENTED_EDGE('',*,*,#3547,.T.);
#5122=CARTESIAN_POINT('',(0.051181102362205,-0.11496062992126,0.0));
#5123=DIRECTION('',(0.0,0.0,1.0));
#5124=VECTOR('',#5123,0.00748031496063);
#5125=LINE('',#5122,#5124);
#5126=EDGE_CURVE('',#2803,#3534,#5125,.T.);
#5127=ORIENTED_EDGE('',*,*,#5126,.F.);
#5128=ORIENTED_EDGE('',*,*,#2808,.F.);
#5129=ORIENTED_EDGE('',*,*,#1828,.F.);
#5130=CARTESIAN_POINT('',(0.058482099305224,-0.079691911963519,0.0));
#5131=DIRECTION('',(0.0,0.0,1.0));
#5132=VECTOR('',#5131,0.00748031496063);
#5133=LINE('',#5130,#5132);
#5134=EDGE_CURVE('',#1821,#3542,#5133,.T.);
#5135=ORIENTED_EDGE('',*,*,#5134,.T.);
#5136=EDGE_LOOP('',(#5121,#5127,#5128,#5129,#5135));
#5137=FACE_OUTER_BOUND('',#5136,.T.);
#5138=ADVANCED_FACE('',(#5137),#5120,.F.);
#5139=CARTESIAN_POINT('',(-0.085629921259835,-0.085311797702998,-0.000374015748031));
#5140=DIRECTION('',(0.0,0.0,1.0));
#5141=DIRECTION('',(0.979238264237129,-0.202712658346377,0.0));
#5142=AXIS2_PLACEMENT_3D('',#5139,#5140,#5141);
#5143=CYLINDRICAL_SURFACE('',#5142,0.027723408026511);
#5144=ORIENTED_EDGE('',*,*,#3661,.T.);
#5145=CARTESIAN_POINT('',(-0.112777743214453,-0.079691911963522,0.0));
#5146=VERTEX_POINT('',#5145);
#5147=CARTESIAN_POINT('',(-0.112777743214453,-0.079691911963522,0.0));
#5148=DIRECTION('',(0.0,0.0,1.0));
#5149=VECTOR('',#5148,0.00748031496063);
#5150=LINE('',#5147,#5149);
#5151=EDGE_CURVE('',#5146,#3647,#5150,.T.);
#5152=ORIENTED_EDGE('',*,*,#5151,.F.);
#5153=CARTESIAN_POINT('',(-0.085629921259835,-0.085311797702998,0.0));
#5154=DIRECTION('',(0.0,0.0,1.0));
#5155=DIRECTION('',(0.979238264237129,-0.202712658346377,0.0));
#5156=AXIS2_PLACEMENT_3D('',#5153,#5154,#5155);
#5157=CIRCLE('',#5156,0.027723408026511);
#5158=EDGE_CURVE('',#2228,#5146,#5157,.T.);
#5159=ORIENTED_EDGE('',*,*,#5158,.F.);
#5160=ORIENTED_EDGE('',*,*,#2274,.F.);
#5161=CARTESIAN_POINT('',(-0.058482099305224,-0.079691911963516,0.0));
#5162=DIRECTION('',(0.0,0.0,1.0));
#5163=VECTOR('',#5162,0.00748031496063);
#5164=LINE('',#5161,#5163);
#5165=EDGE_CURVE('',#2268,#3655,#5164,.T.);
#5166=ORIENTED_EDGE('',*,*,#5165,.T.);
#5167=EDGE_LOOP('',(#5144,#5152,#5159,#5160,#5166));
#5168=FACE_OUTER_BOUND('',#5167,.T.);
#5169=ADVANCED_FACE('',(#5168),#5143,.F.);
#5170=CARTESIAN_POINT('',(-0.120443790004633,-0.116724065819147,-0.000374015748031));
#5171=DIRECTION('',(-0.97923826423707,0.202712658346663,0.0));
#5172=DIRECTION('',(0.0,0.0,1.0));
#5173=AXIS2_PLACEMENT_3D('',#5170,#5171,#5172);
#5174=PLANE('',#5173);
#5175=ORIENTED_EDGE('',*,*,#3652,.T.);
#5176=CARTESIAN_POINT('',(-0.120078740157481,-0.114960629921259,0.0));
#5177=VERTEX_POINT('',#5176);
#5178=CARTESIAN_POINT('',(-0.120078740157482,-0.11496062992126,0.0));
#5179=DIRECTION('',(0.0,0.0,1.0));
#5180=VECTOR('',#5179,0.00748031496063);
#5181=LINE('',#5178,#5180);
#5182=EDGE_CURVE('',#5177,#3639,#5181,.T.);
#5183=ORIENTED_EDGE('',*,*,#5182,.F.);
#5184=CARTESIAN_POINT('',(-0.112777743214453,-0.079691911963522,0.0));
#5185=DIRECTION('',(-0.202712658346663,-0.97923826423707,0.0));
#5186=VECTOR('',#5185,0.036016482653703);
#5187=LINE('',#5184,#5186);
#5188=EDGE_CURVE('',#5146,#5177,#5187,.T.);
#5189=ORIENTED_EDGE('',*,*,#5188,.F.);
#5190=ORIENTED_EDGE('',*,*,#5151,.T.);
#5191=EDGE_LOOP('',(#5175,#5183,#5189,#5190));
#5192=FACE_OUTER_BOUND('',#5191,.T.);
#5193=ADVANCED_FACE('',(#5192),#5174,.F.);
#5194=CARTESIAN_POINT('',(0.116732283464566,0.114960629921259,-0.001377952755906));
#5195=DIRECTION('',(0.0,1.0,0.0));
#5196=DIRECTION('',(0.0,0.0,1.0));
#5197=AXIS2_PLACEMENT_3D('',#5194,#5195,#5196);
#5198=PLANE('',#5197);
#5199=ORIENTED_EDGE('',*,*,#3833,.T.);
#5200=CARTESIAN_POINT('',(0.187007874015748,0.114960629921256,0.0));
#5201=DIRECTION('',(0.0,0.0,1.0));
#5202=VECTOR('',#5201,0.02755905511811);
#5203=LINE('',#5200,#5202);
#5204=EDGE_CURVE('',#2711,#3828,#5203,.T.);
#5205=ORIENTED_EDGE('',*,*,#5204,.F.);
#5206=ORIENTED_EDGE('',*,*,#2716,.F.);
#5207=CARTESIAN_POINT('',(0.12007874015748,0.114960629921257,0.0));
#5208=DIRECTION('',(0.0,0.0,1.0));
#5209=VECTOR('',#5208,0.00748031496063);
#5210=LINE('',#5207,#5209);
#5211=EDGE_CURVE('',#2703,#3906,#5210,.T.);
#5212=ORIENTED_EDGE('',*,*,#5211,.T.);
#5213=ORIENTED_EDGE('',*,*,#3911,.T.);
#5214=EDGE_LOOP('',(#5199,#5205,#5206,#5212,#5213));
#5215=FACE_OUTER_BOUND('',#5214,.T.);
#5216=ADVANCED_FACE('',(#5215),#5198,.T.);
#5217=CARTESIAN_POINT('',(-0.190354330708662,0.114960629921259,-0.001377952755906));
#5218=DIRECTION('',(0.0,1.0,0.0));
#5219=DIRECTION('',(0.0,0.0,1.0));
#5220=AXIS2_PLACEMENT_3D('',#5217,#5218,#5219);
#5221=PLANE('',#5220);
#5222=ORIENTED_EDGE('',*,*,#3800,.T.);
#5223=ORIENTED_EDGE('',*,*,#3308,.T.);
#5224=CARTESIAN_POINT('',(-0.120078740157481,0.114960629921258,0.0));
#5225=VERTEX_POINT('',#5224);
#5226=CARTESIAN_POINT('',(-0.120078740157482,0.114960629921259,0.00748031496063));
#5227=DIRECTION('',(0.0,0.0,-1.0));
#5228=VECTOR('',#5227,0.00748031496063);
#5229=LINE('',#5226,#5228);
#5230=EDGE_CURVE('',#3303,#5225,#5229,.T.);
#5231=ORIENTED_EDGE('',*,*,#5230,.T.);
#5232=CARTESIAN_POINT('',(-0.187007874015748,0.114960629921259,0.0));
#5233=VERTEX_POINT('',#5232);
#5234=CARTESIAN_POINT('',(-0.187007874015748,0.114960629921259,0.0));
#5235=DIRECTION('',(1.0,0.0,0.0));
#5236=VECTOR('',#5235,0.066929133858267);
#5237=LINE('',#5234,#5236);
#5238=EDGE_CURVE('',#5233,#5225,#5237,.T.);
#5239=ORIENTED_EDGE('',*,*,#5238,.F.);
#5240=CARTESIAN_POINT('',(-0.187007874015748,0.114960629921259,0.0));
#5241=DIRECTION('',(0.0,0.0,1.0));
#5242=VECTOR('',#5241,0.02755905511811);
#5243=LINE('',#5240,#5242);
#5244=EDGE_CURVE('',#5233,#3795,#5243,.T.);
#5245=ORIENTED_EDGE('',*,*,#5244,.T.);
#5246=EDGE_LOOP('',(#5222,#5223,#5231,#5239,#5245));
#5247=FACE_OUTER_BOUND('',#5246,.T.);
#5248=ADVANCED_FACE('',(#5247),#5221,.T.);
#5249=CARTESIAN_POINT('',(-0.187007874015748,0.133290941274486,0.330413385826772));
#5250=DIRECTION('',(1.0,0.0,0.0));
#5251=DIRECTION('',(0.0,0.0,-1.0));
#5252=AXIS2_PLACEMENT_3D('',#5249,#5250,#5251);
#5253=PLANE('',#5252);
#5254=ORIENTED_EDGE('',*,*,#5041,.T.);
#5255=CARTESIAN_POINT('',(-0.187007874015748,0.135039370078739,0.32992125984252));
#5256=VERTEX_POINT('',#5255);
#5257=CARTESIAN_POINT('',(-0.187007874015748,0.135039370078739,0.320078740157481));
#5258=DIRECTION('',(0.0,0.0,1.0));
#5259=VECTOR('',#5258,0.009842519685039);
#5260=LINE('',#5257,#5259);
#5261=EDGE_CURVE('',#5029,#5256,#5260,.T.);
#5262=ORIENTED_EDGE('',*,*,#5261,.T.);
#5263=CARTESIAN_POINT('',(-0.187007874015748,0.135039370078739,0.32992125984252));
#5264=DIRECTION('',(0.0,-1.0,0.0));
#5265=VECTOR('',#5264,0.001665170289765);
#5266=LINE('',#5263,#5265);
#5267=EDGE_CURVE('',#5256,#3439,#5266,.T.);
#5268=ORIENTED_EDGE('',*,*,#5267,.T.);
#5269=EDGE_LOOP('',(#5254,#5262,#5268));
#5270=FACE_OUTER_BOUND('',#5269,.T.);
#5271=ADVANCED_FACE('',(#5270),#5253,.T.);
#5272=CARTESIAN_POINT('',(-0.187007874015748,0.113956692913385,0.028937007874017));
#5273=DIRECTION('',(1.0,0.0,0.0));
#5274=DIRECTION('',(0.0,0.0,-1.0));
#5275=AXIS2_PLACEMENT_3D('',#5272,#5273,#5274);
#5276=PLANE('',#5275);
#5277=ORIENTED_EDGE('',*,*,#3808,.T.);
#5278=ORIENTED_EDGE('',*,*,#5244,.F.);
#5279=CARTESIAN_POINT('',(-0.187007874015748,0.135039370078739,0.0));
#5280=VERTEX_POINT('',#5279);
#5281=CARTESIAN_POINT('',(-0.187007874015748,0.135039370078739,0.0));
#5282=DIRECTION('',(0.0,-1.0,0.0));
#5283=VECTOR('',#5282,0.02007874015748);
#5284=LINE('',#5281,#5283);
#5285=EDGE_CURVE('',#5280,#5233,#5284,.T.);
#5286=ORIENTED_EDGE('',*,*,#5285,.F.);
#5287=CARTESIAN_POINT('',(-0.187007874015748,0.135039370078739,0.0));
#5288=DIRECTION('',(0.0,0.0,1.0));
#5289=VECTOR('',#5288,0.027559055118111);
#5290=LINE('',#5287,#5289);
#5291=EDGE_CURVE('',#5280,#3803,#5290,.T.);
#5292=ORIENTED_EDGE('',*,*,#5291,.T.);
#5293=EDGE_LOOP('',(#5277,#5278,#5286,#5292));
#5294=FACE_OUTER_BOUND('',#5293,.T.);
#5295=ADVANCED_FACE('',(#5294),#5276,.T.);
#5296=CARTESIAN_POINT('',(0.187007874015748,0.114960629921256,0.0));
#5297=DIRECTION('',(-1.0,0.0,0.0));
#5298=DIRECTION('',(0.0,0.0,1.0));
#5299=AXIS2_PLACEMENT_3D('',#5296,#5297,#5298);
#5300=PLANE('',#5299);
#5301=ORIENTED_EDGE('',*,*,#5026,.T.);
#5302=CARTESIAN_POINT('',(0.187007874015748,0.135039370078737,0.32992125984252));
#5303=VERTEX_POINT('',#5302);
#5304=CARTESIAN_POINT('',(0.187007874015748,0.133374199788974,0.32992125984252));
#5305=DIRECTION('',(0.0,1.0,0.0));
#5306=VECTOR('',#5305,0.001665170289763);
#5307=LINE('',#5304,#5306);
#5308=EDGE_CURVE('',#4870,#5303,#5307,.T.);
#5309=ORIENTED_EDGE('',*,*,#5308,.T.);
#5310=CARTESIAN_POINT('',(0.187007874015748,0.135039370078737,0.320078740157481));
#5311=DIRECTION('',(0.0,0.0,1.0));
#5312=VECTOR('',#5311,0.009842519685039);
#5313=LINE('',#5310,#5312);
#5314=EDGE_CURVE('',#5020,#5303,#5313,.T.);
#5315=ORIENTED_EDGE('',*,*,#5314,.F.);
#5316=EDGE_LOOP('',(#5301,#5309,#5315));
#5317=FACE_OUTER_BOUND('',#5316,.T.);
#5318=ADVANCED_FACE('',(#5317),#5300,.T.);
#5319=CARTESIAN_POINT('',(-0.190354330708661,-0.11496062992126,0.028937007874017));
#5320=DIRECTION('',(0.0,-1.0,0.0));
#5321=DIRECTION('',(0.0,0.0,-1.0));
#5322=AXIS2_PLACEMENT_3D('',#5319,#5320,#5321);
#5323=PLANE('',#5322);
#5324=ORIENTED_EDGE('',*,*,#3716,.T.);
#5325=CARTESIAN_POINT('',(-0.187007874015748,-0.11496062992126,0.0));
#5326=VERTEX_POINT('',#5325);
#5327=CARTESIAN_POINT('',(-0.187007874015748,-0.11496062992126,0.0));
#5328=DIRECTION('',(0.0,0.0,1.0));
#5329=VECTOR('',#5328,0.02755905511811);
#5330=LINE('',#5327,#5329);
#5331=EDGE_CURVE('',#5326,#3711,#5330,.T.);
#5332=ORIENTED_EDGE('',*,*,#5331,.F.);
#5333=CARTESIAN_POINT('',(-0.120078740157481,-0.11496062992126,0.0));
#5334=DIRECTION('',(-1.0,0.0,0.0));
#5335=VECTOR('',#5334,0.066929133858267);
#5336=LINE('',#5333,#5335);
#5337=EDGE_CURVE('',#5177,#5326,#5336,.T.);
#5338=ORIENTED_EDGE('',*,*,#5337,.F.);
#5339=ORIENTED_EDGE('',*,*,#5182,.T.);
#5340=ORIENTED_EDGE('',*,*,#3684,.T.);
#5341=EDGE_LOOP('',(#5324,#5332,#5338,#5339,#5340));
#5342=FACE_OUTER_BOUND('',#5341,.T.);
#5343=ADVANCED_FACE('',(#5342),#5323,.T.);
#5344=CARTESIAN_POINT('',(0.116732283464568,-0.11496062992126,0.028937007874017));
#5345=DIRECTION('',(0.0,-1.0,0.0));
#5346=DIRECTION('',(0.0,0.0,-1.0));
#5347=AXIS2_PLACEMENT_3D('',#5344,#5345,#5346);
#5348=PLANE('',#5347);
#5349=ORIENTED_EDGE('',*,*,#3747,.T.);
#5350=ORIENTED_EDGE('',*,*,#3348,.T.);
#5351=CARTESIAN_POINT('',(0.120078740157481,-0.11496062992126,0.00748031496063));
#5352=DIRECTION('',(0.0,0.0,-1.0));
#5353=VECTOR('',#5352,0.00748031496063);
#5354=LINE('',#5351,#5353);
#5355=EDGE_CURVE('',#3343,#2759,#5354,.T.);
#5356=ORIENTED_EDGE('',*,*,#5355,.T.);
#5357=ORIENTED_EDGE('',*,*,#2764,.F.);
#5358=CARTESIAN_POINT('',(0.187007874015747,-0.11496062992126,0.0));
#5359=DIRECTION('',(0.0,0.0,1.0));
#5360=VECTOR('',#5359,0.02755905511811);
#5361=LINE('',#5358,#5360);
#5362=EDGE_CURVE('',#2751,#3742,#5361,.T.);
#5363=ORIENTED_EDGE('',*,*,#5362,.T.);
#5364=EDGE_LOOP('',(#5349,#5350,#5356,#5357,#5363));
#5365=FACE_OUTER_BOUND('',#5364,.T.);
#5366=ADVANCED_FACE('',(#5365),#5348,.T.);
#5367=CARTESIAN_POINT('',(-0.056299212598425,-0.11496062992126,0.028937007874017));
#5368=DIRECTION('',(0.0,-1.0,0.0));
#5369=DIRECTION('',(0.0,0.0,-1.0));
#5370=AXIS2_PLACEMENT_3D('',#5367,#5368,#5369);
#5371=PLANE('',#5370);
#5372=ORIENTED_EDGE('',*,*,#3776,.T.);
#5373=ORIENTED_EDGE('',*,*,#3397,.T.);
#5374=CARTESIAN_POINT('',(-0.051181102362205,-0.11496062992126,0.00748031496063));
#5375=DIRECTION('',(0.0,0.0,-1.0));
#5376=VECTOR('',#5375,0.00748031496063);
#5377=LINE('',#5374,#5376);
#5378=EDGE_CURVE('',#3392,#2811,#5377,.T.);
#5379=ORIENTED_EDGE('',*,*,#5378,.T.);
#5380=ORIENTED_EDGE('',*,*,#2816,.F.);
#5381=ORIENTED_EDGE('',*,*,#5126,.T.);
#5382=ORIENTED_EDGE('',*,*,#3579,.T.);
#5383=EDGE_LOOP('',(#5372,#5373,#5379,#5380,#5381,#5382));
#5384=FACE_OUTER_BOUND('',#5383,.T.);
#5385=ADVANCED_FACE('',(#5384),#5371,.T.);
#5386=CARTESIAN_POINT('',(0.187007874015748,-0.135122628593229,0.319586614173228));
#5387=DIRECTION('',(-1.0,0.0,0.0));
#5388=DIRECTION('',(0.0,0.0,1.0));
#5389=AXIS2_PLACEMENT_3D('',#5386,#5387,#5388);
#5390=PLANE('',#5389);
#5391=ORIENTED_EDGE('',*,*,#4979,.T.);
#5392=CARTESIAN_POINT('',(0.187007874015748,-0.13503937007874,0.32992125984252));
#5393=VERTEX_POINT('',#5392);
#5394=CARTESIAN_POINT('',(0.187007874015748,-0.13503937007874,0.320078740157481));
#5395=DIRECTION('',(0.0,0.0,1.0));
#5396=VECTOR('',#5395,0.009842519685039);
#5397=LINE('',#5394,#5396);
#5398=EDGE_CURVE('',#4973,#5393,#5397,.T.);
#5399=ORIENTED_EDGE('',*,*,#5398,.T.);
#5400=CARTESIAN_POINT('',(0.187007874015748,-0.13503937007874,0.32992125984252));
#5401=DIRECTION('',(0.0,1.0,0.0));
#5402=VECTOR('',#5401,0.001665170289766);
#5403=LINE('',#5400,#5402);
#5404=EDGE_CURVE('',#5393,#3470,#5403,.T.);
#5405=ORIENTED_EDGE('',*,*,#5404,.T.);
#5406=EDGE_LOOP('',(#5391,#5399,#5405));
#5407=FACE_OUTER_BOUND('',#5406,.T.);
#5408=ADVANCED_FACE('',(#5407),#5390,.T.);
#5409=CARTESIAN_POINT('',(0.187007874015748,-0.136043307086615,-0.001377952755906));
#5410=DIRECTION('',(-1.0,0.0,0.0));
#5411=DIRECTION('',(0.0,0.0,1.0));
#5412=AXIS2_PLACEMENT_3D('',#5409,#5410,#5411);
#5413=PLANE('',#5412);
#5414=ORIENTED_EDGE('',*,*,#3755,.T.);
#5415=ORIENTED_EDGE('',*,*,#5362,.F.);
#5416=ORIENTED_EDGE('',*,*,#2756,.F.);
#5417=CARTESIAN_POINT('',(0.187007874015748,-0.13503937007874,0.0));
#5418=DIRECTION('',(0.0,0.0,1.0));
#5419=VECTOR('',#5418,0.027559055118111);
#5420=LINE('',#5417,#5419);
#5421=EDGE_CURVE('',#2743,#3750,#5420,.T.);
#5422=ORIENTED_EDGE('',*,*,#5421,.T.);
#5423=EDGE_LOOP('',(#5414,#5415,#5416,#5422));
#5424=FACE_OUTER_BOUND('',#5423,.T.);
#5425=ADVANCED_FACE('',(#5424),#5413,.T.);
#5426=CARTESIAN_POINT('',(-0.187007874015748,-0.135122628593229,0.330413385826772));
#5427=DIRECTION('',(1.0,0.0,0.0));
#5428=DIRECTION('',(0.0,0.0,-1.0));
#5429=AXIS2_PLACEMENT_3D('',#5426,#5427,#5428);
#5430=PLANE('',#5429);
#5431=ORIENTED_EDGE('',*,*,#4993,.T.);
#5432=CARTESIAN_POINT('',(-0.187007874015748,-0.13503937007874,0.32992125984252));
#5433=VERTEX_POINT('',#5432);
#5434=CARTESIAN_POINT('',(-0.187007874015748,-0.133374199788974,0.32992125984252));
#5435=DIRECTION('',(0.0,-1.0,0.0));
#5436=VECTOR('',#5435,0.001665170289766);
#5437=LINE('',#5434,#5436);
#5438=EDGE_CURVE('',#4949,#5433,#5437,.T.);
#5439=ORIENTED_EDGE('',*,*,#5438,.T.);
#5440=CARTESIAN_POINT('',(-0.187007874015748,-0.13503937007874,0.320078740157481));
#5441=DIRECTION('',(0.0,0.0,1.0));
#5442=VECTOR('',#5441,0.009842519685039);
#5443=LINE('',#5440,#5442);
#5444=EDGE_CURVE('',#4987,#5433,#5443,.T.);
#5445=ORIENTED_EDGE('',*,*,#5444,.F.);
#5446=EDGE_LOOP('',(#5431,#5439,#5445));
#5447=FACE_OUTER_BOUND('',#5446,.T.);
#5448=ADVANCED_FACE('',(#5447),#5430,.T.);
#5449=CARTESIAN_POINT('',(-0.187007874015748,-0.136043307086615,0.028937007874017));
#5450=DIRECTION('',(1.0,0.0,0.0));
#5451=DIRECTION('',(0.0,0.0,-1.0));
#5452=AXIS2_PLACEMENT_3D('',#5449,#5450,#5451);
#5453=PLANE('',#5452);
#5454=ORIENTED_EDGE('',*,*,#3731,.T.);
#5455=CARTESIAN_POINT('',(-0.187007874015748,-0.13503937007874,0.0));
#5456=VERTEX_POINT('',#5455);
#5457=CARTESIAN_POINT('',(-0.187007874015748,-0.13503937007874,0.0));
#5458=DIRECTION('',(0.0,0.0,1.0));
#5459=VECTOR('',#5458,0.027559055118111);
#5460=LINE('',#5457,#5459);
#5461=EDGE_CURVE('',#5456,#3720,#5460,.T.);
#5462=ORIENTED_EDGE('',*,*,#5461,.F.);
#5463=CARTESIAN_POINT('',(-0.187007874015748,-0.11496062992126,0.0));
#5464=DIRECTION('',(0.0,-1.0,0.0));
#5465=VECTOR('',#5464,0.02007874015748);
#5466=LINE('',#5463,#5465);
#5467=EDGE_CURVE('',#5326,#5456,#5466,.T.);
#5468=ORIENTED_EDGE('',*,*,#5467,.F.);
#5469=ORIENTED_EDGE('',*,*,#5331,.T.);
#5470=EDGE_LOOP('',(#5454,#5462,#5468,#5469));
#5471=FACE_OUTER_BOUND('',#5470,.T.);
#5472=ADVANCED_FACE('',(#5471),#5453,.T.);
#5473=CARTESIAN_POINT('',(0.183858267716534,-0.136535433070866,0.32992125984252));
#5474=DIRECTION('',(0.0,0.0,1.0));
#5475=DIRECTION('',(1.0,0.0,0.0));
#5476=AXIS2_PLACEMENT_3D('',#5473,#5474,#5475);
#5477=PLANE('',#5476);
#5478=ORIENTED_EDGE('',*,*,#4828,.T.);
#5479=ORIENTED_EDGE('',*,*,#3477,.F.);
#5480=ORIENTED_EDGE('',*,*,#5404,.F.);
#5481=CARTESIAN_POINT('',(0.25,-0.13503937007874,0.32992125984252));
#5482=VERTEX_POINT('',#5481);
#5483=CARTESIAN_POINT('',(0.25,-0.13503937007874,0.32992125984252));
#5484=DIRECTION('',(-1.0,0.0,0.0));
#5485=VECTOR('',#5484,0.062992125984252);
#5486=LINE('',#5483,#5485);
#5487=EDGE_CURVE('',#5482,#5393,#5486,.T.);
#5488=ORIENTED_EDGE('',*,*,#5487,.F.);
#5489=CARTESIAN_POINT('',(0.25,-0.105118110236221,0.32992125984252));
#5490=DIRECTION('',(0.0,-1.0,0.0));
#5491=VECTOR('',#5490,0.029921259842519);
#5492=LINE('',#5489,#5491);
#5493=EDGE_CURVE('',#4815,#5482,#5492,.T.);
#5494=ORIENTED_EDGE('',*,*,#5493,.F.);
#5495=EDGE_LOOP('',(#5478,#5479,#5480,#5488,#5494));
#5496=FACE_OUTER_BOUND('',#5495,.T.);
#5497=ADVANCED_FACE('',(#5496),#5477,.T.);
#5498=CARTESIAN_POINT('',(-0.253149606299213,-0.136535433070866,0.32992125984252));
#5499=DIRECTION('',(0.0,0.0,1.0));
#5500=DIRECTION('',(1.0,0.0,0.0));
#5501=AXIS2_PLACEMENT_3D('',#5498,#5499,#5500);
#5502=PLANE('',#5501);
#5503=ORIENTED_EDGE('',*,*,#4931,.T.);
#5504=CARTESIAN_POINT('',(-0.25,-0.13503937007874,0.32992125984252));
#5505=VERTEX_POINT('',#5504);
#5506=CARTESIAN_POINT('',(-0.25,-0.13503937007874,0.32992125984252));
#5507=DIRECTION('',(0.0,1.0,0.0));
#5508=VECTOR('',#5507,0.029921259842519);
#5509=LINE('',#5506,#5508);
#5510=EDGE_CURVE('',#5505,#4918,#5509,.T.);
#5511=ORIENTED_EDGE('',*,*,#5510,.F.);
#5512=CARTESIAN_POINT('',(-0.187007874015748,-0.13503937007874,0.32992125984252));
#5513=DIRECTION('',(-1.0,0.0,0.0));
#5514=VECTOR('',#5513,0.062992125984252);
#5515=LINE('',#5512,#5514);
#5516=EDGE_CURVE('',#5433,#5505,#5515,.T.);
#5517=ORIENTED_EDGE('',*,*,#5516,.F.);
#5518=ORIENTED_EDGE('',*,*,#5438,.F.);
#5519=ORIENTED_EDGE('',*,*,#4954,.F.);
#5520=EDGE_LOOP('',(#5503,#5511,#5517,#5518,#5519));
#5521=FACE_OUTER_BOUND('',#5520,.T.);
#5522=ADVANCED_FACE('',(#5521),#5502,.T.);
#5523=CARTESIAN_POINT('',(-0.253149606299213,0.103622047244094,0.32992125984252));
#5524=DIRECTION('',(0.0,0.0,1.0));
#5525=DIRECTION('',(1.0,0.0,0.0));
#5526=AXIS2_PLACEMENT_3D('',#5523,#5524,#5525);
#5527=PLANE('',#5526);
#5528=ORIENTED_EDGE('',*,*,#4907,.T.);
#5529=ORIENTED_EDGE('',*,*,#3446,.F.);
#5530=ORIENTED_EDGE('',*,*,#5267,.F.);
#5531=CARTESIAN_POINT('',(-0.25,0.13503937007874,0.32992125984252));
#5532=VERTEX_POINT('',#5531);
#5533=CARTESIAN_POINT('',(-0.25,0.13503937007874,0.32992125984252));
#5534=DIRECTION('',(1.0,0.0,0.0));
#5535=VECTOR('',#5534,0.062992125984252);
#5536=LINE('',#5533,#5535);
#5537=EDGE_CURVE('',#5532,#5256,#5536,.T.);
#5538=ORIENTED_EDGE('',*,*,#5537,.F.);
#5539=CARTESIAN_POINT('',(-0.25,0.105118110236221,0.32992125984252));
#5540=DIRECTION('',(0.0,1.0,0.0));
#5541=VECTOR('',#5540,0.029921259842519);
#5542=LINE('',#5539,#5541);
#5543=EDGE_CURVE('',#4894,#5532,#5542,.T.);
#5544=ORIENTED_EDGE('',*,*,#5543,.F.);
#5545=EDGE_LOOP('',(#5528,#5529,#5530,#5538,#5544));
#5546=FACE_OUTER_BOUND('',#5545,.T.);
#5547=ADVANCED_FACE('',(#5546),#5527,.T.);
#5548=CARTESIAN_POINT('',(4.507547E-017,-5.709563E-016,0.32992125984252));
#5549=DIRECTION('',(0.0,0.0,1.0));
#5550=DIRECTION('',(1.0,0.0,0.0));
#5551=AXIS2_PLACEMENT_3D('',#5548,#5549,#5550);
#5552=PLANE('',#5551);
#5553=ORIENTED_EDGE('',*,*,#4852,.T.);
#5554=CARTESIAN_POINT('',(0.25,0.135039370078739,0.32992125984252));
#5555=VERTEX_POINT('',#5554);
#5556=CARTESIAN_POINT('',(0.25,0.135039370078739,0.32992125984252));
#5557=DIRECTION('',(0.0,-1.0,0.0));
#5558=VECTOR('',#5557,0.029921259842518);
#5559=LINE('',#5556,#5558);
#5560=EDGE_CURVE('',#5555,#4839,#5559,.T.);
#5561=ORIENTED_EDGE('',*,*,#5560,.F.);
#5562=CARTESIAN_POINT('',(0.187007874015748,0.135039370078737,0.32992125984252));
#5563=DIRECTION('',(1.0,0.0,0.0));
#5564=VECTOR('',#5563,0.062992125984252);
#5565=LINE('',#5562,#5564);
#5566=EDGE_CURVE('',#5303,#5555,#5565,.T.);
#5567=ORIENTED_EDGE('',*,*,#5566,.F.);
#5568=ORIENTED_EDGE('',*,*,#5308,.F.);
#5569=ORIENTED_EDGE('',*,*,#4875,.F.);
#5570=EDGE_LOOP('',(#5553,#5561,#5567,#5568,#5569));
#5571=FACE_OUTER_BOUND('',#5570,.T.);
#5572=ADVANCED_FACE('',(#5571),#5552,.T.);
#5573=CARTESIAN_POINT('',(-0.050816052515054,-0.116724065819147,0.007854330708661));
#5574=DIRECTION('',(0.979238264237133,0.202712658346356,0.0));
#5575=DIRECTION('',(0.0,0.0,-1.0));
#5576=AXIS2_PLACEMENT_3D('',#5573,#5574,#5575);
#5577=PLANE('',#5576);
#5578=ORIENTED_EDGE('',*,*,#3667,.T.);
#5579=ORIENTED_EDGE('',*,*,#5165,.F.);
#5580=ORIENTED_EDGE('',*,*,#2282,.F.);
#5581=ORIENTED_EDGE('',*,*,#2822,.F.);
#5582=ORIENTED_EDGE('',*,*,#5378,.F.);
#5583=EDGE_LOOP('',(#5578,#5579,#5580,#5581,#5582));
#5584=FACE_OUTER_BOUND('',#5583,.T.);
#5585=ADVANCED_FACE('',(#5584),#5577,.F.);
#5586=CARTESIAN_POINT('',(0.085629921259842,-0.085311797702995,-0.000374015748031));
#5587=DIRECTION('',(0.0,0.0,1.0));
#5588=DIRECTION('',(0.0,-1.0,0.0));
#5589=AXIS2_PLACEMENT_3D('',#5586,#5587,#5588);
#5590=CYLINDRICAL_SURFACE('',#5589,0.027723408026511);
#5591=ORIENTED_EDGE('',*,*,#3556,.T.);
#5592=ORIENTED_EDGE('',*,*,#5134,.F.);
#5593=ORIENTED_EDGE('',*,*,#1852,.F.);
#5594=ORIENTED_EDGE('',*,*,#2779,.F.);
#5595=CARTESIAN_POINT('',(0.11277774321446,-0.079691911963518,0.0));
#5596=DIRECTION('',(0.0,0.0,1.0));
#5597=VECTOR('',#5596,0.00748031496063);
#5598=LINE('',#5595,#5597);
#5599=EDGE_CURVE('',#2767,#3550,#5598,.T.);
#5600=ORIENTED_EDGE('',*,*,#5599,.T.);
#5601=EDGE_LOOP('',(#5591,#5592,#5593,#5594,#5600));
#5602=FACE_OUTER_BOUND('',#5601,.T.);
#5603=ADVANCED_FACE('',(#5602),#5590,.F.);
#5604=CARTESIAN_POINT('',(0.120443790004632,-0.116724065819147,0.007854330708661));
#5605=DIRECTION('',(0.979238264237117,0.202712658346436,0.0));
#5606=DIRECTION('',(0.0,0.0,-1.0));
#5607=AXIS2_PLACEMENT_3D('',#5604,#5605,#5606);
#5608=PLANE('',#5607);
#5609=ORIENTED_EDGE('',*,*,#3562,.T.);
#5610=ORIENTED_EDGE('',*,*,#5599,.F.);
#5611=ORIENTED_EDGE('',*,*,#2772,.F.);
#5612=ORIENTED_EDGE('',*,*,#5355,.F.);
#5613=EDGE_LOOP('',(#5609,#5610,#5611,#5612));
#5614=FACE_OUTER_BOUND('',#5613,.T.);
#5615=ADVANCED_FACE('',(#5614),#5608,.F.);
#5616=CARTESIAN_POINT('',(0.058847149152375,0.077928476065631,-0.000374015748031));
#5617=DIRECTION('',(-0.979238264237126,-0.20271265834639,0.0));
#5618=DIRECTION('',(0.0,0.0,1.0));
#5619=AXIS2_PLACEMENT_3D('',#5616,#5617,#5618);
#5620=PLANE('',#5619);
#5621=ORIENTED_EDGE('',*,*,#4019,.T.);
#5622=ORIENTED_EDGE('',*,*,#5088,.F.);
#5623=ORIENTED_EDGE('',*,*,#1744,.F.);
#5624=ORIENTED_EDGE('',*,*,#2853,.F.);
#5625=CARTESIAN_POINT('',(0.051181102362205,0.114960629921257,0.00748031496063));
#5626=DIRECTION('',(0.0,0.0,-1.0));
#5627=VECTOR('',#5626,0.00748031496063);
#5628=LINE('',#5625,#5627);
#5629=EDGE_CURVE('',#3263,#2842,#5628,.T.);
#5630=ORIENTED_EDGE('',*,*,#5629,.F.);
#5631=EDGE_LOOP('',(#5621,#5622,#5623,#5624,#5630));
#5632=FACE_OUTER_BOUND('',#5631,.T.);
#5633=ADVANCED_FACE('',(#5632),#5620,.F.);
#5634=CARTESIAN_POINT('',(0.112412693367309,0.077928476065629,0.007854330708661));
#5635=DIRECTION('',(0.979238264237117,-0.202712658346436,0.0));
#5636=DIRECTION('',(0.0,0.0,-1.0));
#5637=AXIS2_PLACEMENT_3D('',#5634,#5635,#5636);
#5638=PLANE('',#5637);
#5639=ORIENTED_EDGE('',*,*,#4004,.T.);
#5640=ORIENTED_EDGE('',*,*,#5211,.F.);
#5641=ORIENTED_EDGE('',*,*,#2708,.F.);
#5642=ORIENTED_EDGE('',*,*,#5080,.T.);
#5643=EDGE_LOOP('',(#5639,#5640,#5641,#5642));
#5644=FACE_OUTER_BOUND('',#5643,.T.);
#5645=ADVANCED_FACE('',(#5644),#5638,.F.);
#5646=CARTESIAN_POINT('',(-0.085629921259835,0.085311797702997,-0.000374015748031));
#5647=DIRECTION('',(0.0,0.0,1.0));
#5648=DIRECTION('',(-0.979238264237078,0.202712658346623,0.0));
#5649=AXIS2_PLACEMENT_3D('',#5646,#5647,#5648);
#5650=CYLINDRICAL_SURFACE('',#5649,0.027723408026511);
#5651=ORIENTED_EDGE('',*,*,#3974,.T.);
#5652=ORIENTED_EDGE('',*,*,#5111,.F.);
#5653=ORIENTED_EDGE('',*,*,#1787,.F.);
#5654=CARTESIAN_POINT('',(-0.112777743214453,0.079691911963522,0.0));
#5655=VERTEX_POINT('',#5654);
#5656=CARTESIAN_POINT('',(-0.085629921259835,0.085311797702997,0.0));
#5657=DIRECTION('',(0.0,0.0,1.0));
#5658=DIRECTION('',(-0.979238264237078,0.202712658346623,0.0));
#5659=AXIS2_PLACEMENT_3D('',#5656,#5657,#5658);
#5660=CIRCLE('',#5659,0.027723408026511);
#5661=EDGE_CURVE('',#5655,#1779,#5660,.T.);
#5662=ORIENTED_EDGE('',*,*,#5661,.F.);
#5663=CARTESIAN_POINT('',(-0.112777743214453,0.079691911963522,0.0));
#5664=DIRECTION('',(0.0,0.0,1.0));
#5665=VECTOR('',#5664,0.00748031496063);
#5666=LINE('',#5663,#5665);
#5667=EDGE_CURVE('',#5655,#3968,#5666,.T.);
#5668=ORIENTED_EDGE('',*,*,#5667,.T.);
#5669=EDGE_LOOP('',(#5651,#5652,#5653,#5662,#5668));
#5670=FACE_OUTER_BOUND('',#5669,.T.);
#5671=ADVANCED_FACE('',(#5670),#5650,.F.);
#5672=CARTESIAN_POINT('',(-0.112412693367301,0.077928476065631,-0.000374015748031));
#5673=DIRECTION('',(-0.97923826423707,-0.202712658346663,0.0));
#5674=DIRECTION('',(0.0,0.0,1.0));
#5675=AXIS2_PLACEMENT_3D('',#5672,#5673,#5674);
#5676=PLANE('',#5675);
#5677=ORIENTED_EDGE('',*,*,#3980,.T.);
#5678=ORIENTED_EDGE('',*,*,#5667,.F.);
#5679=CARTESIAN_POINT('',(-0.120078740157482,0.114960629921258,0.0));
#5680=DIRECTION('',(0.202712658346663,-0.97923826423707,0.0));
#5681=VECTOR('',#5680,0.036016482653702);
#5682=LINE('',#5679,#5681);
#5683=EDGE_CURVE('',#5225,#5655,#5682,.T.);
#5684=ORIENTED_EDGE('',*,*,#5683,.F.);
#5685=ORIENTED_EDGE('',*,*,#5230,.F.);
#5686=EDGE_LOOP('',(#5677,#5678,#5684,#5685));
#5687=FACE_OUTER_BOUND('',#5686,.T.);
#5688=ADVANCED_FACE('',(#5687),#5676,.F.);
#5689=CARTESIAN_POINT('',(-0.056299212598426,0.114960629921259,-0.001377952755906));
#5690=DIRECTION('',(0.0,1.0,0.0));
#5691=DIRECTION('',(0.0,0.0,1.0));
#5692=AXIS2_PLACEMENT_3D('',#5689,#5690,#5691);
#5693=PLANE('',#5692);
#5694=ORIENTED_EDGE('',*,*,#3940,.T.);
#5695=ORIENTED_EDGE('',*,*,#3268,.T.);
#5696=ORIENTED_EDGE('',*,*,#5629,.T.);
#5697=ORIENTED_EDGE('',*,*,#2847,.F.);
#5698=ORIENTED_EDGE('',*,*,#5103,.T.);
#5699=ORIENTED_EDGE('',*,*,#3873,.T.);
#5700=EDGE_LOOP('',(#5694,#5695,#5696,#5697,#5698,#5699));
#5701=FACE_OUTER_BOUND('',#5700,.T.);
#5702=ADVANCED_FACE('',(#5701),#5693,.T.);
#5703=CARTESIAN_POINT('',(-0.259389763779528,-0.148543307086614,0.0));
#5704=DIRECTION('',(0.0,0.0,1.0));
#5705=DIRECTION('',(1.0,0.0,0.0));
#5706=AXIS2_PLACEMENT_3D('',#5703,#5704,#5705);
#5707=PLANE('',#5706);
#5708=ORIENTED_EDGE('',*,*,#2239,.T.);
#5709=ORIENTED_EDGE('',*,*,#5158,.T.);
#5710=ORIENTED_EDGE('',*,*,#5188,.T.);
#5711=ORIENTED_EDGE('',*,*,#5337,.T.);
#5712=ORIENTED_EDGE('',*,*,#5467,.T.);
#5713=CARTESIAN_POINT('',(-0.25,-0.13503937007874,0.0));
#5714=VERTEX_POINT('',#5713);
#5715=CARTESIAN_POINT('',(-0.187007874015748,-0.13503937007874,0.0));
#5716=DIRECTION('',(-1.0,0.0,0.0));
#5717=VECTOR('',#5716,0.062992125984252);
#5718=LINE('',#5715,#5717);
#5719=EDGE_CURVE('',#5456,#5714,#5718,.T.);
#5720=ORIENTED_EDGE('',*,*,#5719,.T.);
#5721=CARTESIAN_POINT('',(-0.25,0.13503937007874,0.0));
#5722=VERTEX_POINT('',#5721);
#5723=CARTESIAN_POINT('',(-0.25,-0.13503937007874,0.0));
#5724=DIRECTION('',(0.0,1.0,0.0));
#5725=VECTOR('',#5724,0.27007874015748);
#5726=LINE('',#5723,#5725);
#5727=EDGE_CURVE('',#5714,#5722,#5726,.T.);
#5728=ORIENTED_EDGE('',*,*,#5727,.T.);
#5729=CARTESIAN_POINT('',(-0.25,0.13503937007874,0.0));
#5730=DIRECTION('',(1.0,0.0,0.0));
#5731=VECTOR('',#5730,0.062992125984252);
#5732=LINE('',#5729,#5731);
#5733=EDGE_CURVE('',#5722,#5280,#5732,.T.);
#5734=ORIENTED_EDGE('',*,*,#5733,.T.);
#5735=ORIENTED_EDGE('',*,*,#5285,.T.);
#5736=ORIENTED_EDGE('',*,*,#5238,.T.);
#5737=ORIENTED_EDGE('',*,*,#5683,.T.);
#5738=ORIENTED_EDGE('',*,*,#5661,.T.);
#5739=EDGE_LOOP('',(#5708,#5709,#5710,#5711,#5712,#5720,#5728,#5734,#5735,#5736,#5737,#5738));
#5740=FACE_OUTER_BOUND('',#5739,.T.);
#5741=ORIENTED_EDGE('',*,*,#427,.T.);
#5742=ORIENTED_EDGE('',*,*,#601,.T.);
#5743=ORIENTED_EDGE('',*,*,#360,.T.);
#5744=ORIENTED_EDGE('',*,*,#618,.T.);
#5745=ORIENTED_EDGE('',*,*,#204,.T.);
#5746=ORIENTED_EDGE('',*,*,#523,.T.);
#5747=ORIENTED_EDGE('',*,*,#271,.T.);
#5748=ORIENTED_EDGE('',*,*,#540,.T.);
#5749=EDGE_LOOP('',(#5741,#5742,#5743,#5744,#5745,#5746,#5747,#5748));
#5750=FACE_BOUND('',#5749,.T.);
#5751=ADVANCED_FACE('',(#5740,#5750),#5707,.F.);
#5752=CARTESIAN_POINT('',(-0.275,0.13503937007874,-0.016496062992126));
#5753=DIRECTION('',(0.0,1.0,0.0));
#5754=DIRECTION('',(0.0,0.0,1.0));
#5755=AXIS2_PLACEMENT_3D('',#5752,#5753,#5754);
#5756=PLANE('',#5755);
#5757=ORIENTED_EDGE('',*,*,#5537,.T.);
#5758=ORIENTED_EDGE('',*,*,#5261,.F.);
#5759=ORIENTED_EDGE('',*,*,#5034,.F.);
#5760=ORIENTED_EDGE('',*,*,#5314,.T.);
#5761=ORIENTED_EDGE('',*,*,#5566,.T.);
#5762=CARTESIAN_POINT('',(0.25,0.13503937007874,0.0));
#5763=DIRECTION('',(0.0,0.0,1.0));
#5764=VECTOR('',#5763,0.32992125984252);
#5765=LINE('',#5762,#5764);
#5766=EDGE_CURVE('',#2727,#5555,#5765,.T.);
#5767=ORIENTED_EDGE('',*,*,#5766,.F.);
#5768=ORIENTED_EDGE('',*,*,#2732,.F.);
#5769=CARTESIAN_POINT('',(0.187007874015748,0.135039370078737,0.0));
#5770=DIRECTION('',(0.0,0.0,1.0));
#5771=VECTOR('',#5770,0.027559055118111);
#5772=LINE('',#5769,#5771);
#5773=EDGE_CURVE('',#2719,#3844,#5772,.T.);
#5774=ORIENTED_EDGE('',*,*,#5773,.T.);
#5775=ORIENTED_EDGE('',*,*,#3849,.T.);
#5776=ORIENTED_EDGE('',*,*,#3925,.T.);
#5777=ORIENTED_EDGE('',*,*,#4026,.T.);
#5778=ORIENTED_EDGE('',*,*,#3284,.T.);
#5779=ORIENTED_EDGE('',*,*,#3947,.T.);
#5780=ORIENTED_EDGE('',*,*,#3889,.T.);
#5781=ORIENTED_EDGE('',*,*,#3987,.T.);
#5782=ORIENTED_EDGE('',*,*,#3324,.T.);
#5783=ORIENTED_EDGE('',*,*,#3814,.T.);
#5784=ORIENTED_EDGE('',*,*,#5291,.F.);
#5785=ORIENTED_EDGE('',*,*,#5733,.F.);
#5786=CARTESIAN_POINT('',(-0.25,0.13503937007874,0.0));
#5787=DIRECTION('',(0.0,0.0,1.0));
#5788=VECTOR('',#5787,0.32992125984252);
#5789=LINE('',#5786,#5788);
#5790=EDGE_CURVE('',#5722,#5532,#5789,.T.);
#5791=ORIENTED_EDGE('',*,*,#5790,.T.);
#5792=EDGE_LOOP('',(#5757,#5758,#5759,#5760,#5761,#5767,#5768,#5774,#5775,#5776,#5777,#5778,#5779,#5780,#5781,#5782,#5783,#5784,#5785,#5791));
#5793=FACE_OUTER_BOUND('',#5792,.T.);
#5794=ORIENTED_EDGE('',*,*,#4432,.T.);
#5795=ORIENTED_EDGE('',*,*,#4769,.T.);
#5796=ORIENTED_EDGE('',*,*,#4742,.T.);
#5797=ORIENTED_EDGE('',*,*,#4711,.T.);
#5798=ORIENTED_EDGE('',*,*,#4680,.T.);
#5799=ORIENTED_EDGE('',*,*,#4649,.T.);
#5800=ORIENTED_EDGE('',*,*,#4618,.T.);
#5801=ORIENTED_EDGE('',*,*,#4587,.T.);
#5802=ORIENTED_EDGE('',*,*,#4556,.T.);
#5803=ORIENTED_EDGE('',*,*,#4525,.T.);
#5804=ORIENTED_EDGE('',*,*,#4494,.T.);
#5805=ORIENTED_EDGE('',*,*,#4463,.T.);
#5806=EDGE_LOOP('',(#5794,#5795,#5796,#5797,#5798,#5799,#5800,#5801,#5802,#5803,#5804,#5805));
#5807=FACE_BOUND('',#5806,.T.);
#5808=ADVANCED_FACE('',(#5793,#5807),#5756,.T.);
#5809=CARTESIAN_POINT('',(0.187007874015748,0.113956692913382,-0.001377952755906));
#5810=DIRECTION('',(-1.0,0.0,0.0));
#5811=DIRECTION('',(0.0,0.0,1.0));
#5812=AXIS2_PLACEMENT_3D('',#5809,#5810,#5811);
#5813=PLANE('',#5812);
#5814=ORIENTED_EDGE('',*,*,#3855,.T.);
#5815=ORIENTED_EDGE('',*,*,#5773,.F.);
#5816=ORIENTED_EDGE('',*,*,#2724,.F.);
#5817=ORIENTED_EDGE('',*,*,#5204,.T.);
#5818=EDGE_LOOP('',(#5814,#5815,#5816,#5817));
#5819=FACE_OUTER_BOUND('',#5818,.T.);
#5820=ADVANCED_FACE('',(#5819),#5813,.T.);
#5821=CARTESIAN_POINT('',(0.25,-0.148543307086614,0.3675));
#5822=DIRECTION('',(1.0,0.0,0.0));
#5823=DIRECTION('',(0.0,0.0,-1.0));
#5824=AXIS2_PLACEMENT_3D('',#5821,#5822,#5823);
#5825=PLANE('',#5824);
#5826=ORIENTED_EDGE('',*,*,#5560,.T.);
#5827=ORIENTED_EDGE('',*,*,#4844,.F.);
#5828=ORIENTED_EDGE('',*,*,#3236,.F.);
#5829=ORIENTED_EDGE('',*,*,#4820,.F.);
#5830=ORIENTED_EDGE('',*,*,#5493,.T.);
#5831=CARTESIAN_POINT('',(0.25,-0.13503937007874,0.0));
#5832=DIRECTION('',(0.0,0.0,1.0));
#5833=VECTOR('',#5832,0.32992125984252);
#5834=LINE('',#5831,#5833);
#5835=EDGE_CURVE('',#2735,#5482,#5834,.T.);
#5836=ORIENTED_EDGE('',*,*,#5835,.F.);
#5837=ORIENTED_EDGE('',*,*,#2740,.F.);
#5838=ORIENTED_EDGE('',*,*,#5766,.T.);
#5839=EDGE_LOOP('',(#5826,#5827,#5828,#5829,#5830,#5836,#5837,#5838));
#5840=FACE_OUTER_BOUND('',#5839,.T.);
#5841=ADVANCED_FACE('',(#5840),#5825,.T.);
#5842=CARTESIAN_POINT('',(-0.275,-0.13503937007874,0.346417322834646));
#5843=DIRECTION('',(0.0,-1.0,0.0));
#5844=DIRECTION('',(0.0,0.0,-1.0));
#5845=AXIS2_PLACEMENT_3D('',#5842,#5843,#5844);
#5846=PLANE('',#5845);
#5847=ORIENTED_EDGE('',*,*,#5487,.T.);
#5848=ORIENTED_EDGE('',*,*,#5398,.F.);
#5849=ORIENTED_EDGE('',*,*,#4999,.T.);
#5850=ORIENTED_EDGE('',*,*,#5444,.T.);
#5851=ORIENTED_EDGE('',*,*,#5516,.T.);
#5852=CARTESIAN_POINT('',(-0.25,-0.13503937007874,0.0));
#5853=DIRECTION('',(0.0,0.0,1.0));
#5854=VECTOR('',#5853,0.32992125984252);
#5855=LINE('',#5852,#5854);
#5856=EDGE_CURVE('',#5714,#5505,#5855,.T.);
#5857=ORIENTED_EDGE('',*,*,#5856,.F.);
#5858=ORIENTED_EDGE('',*,*,#5719,.F.);
#5859=ORIENTED_EDGE('',*,*,#5461,.T.);
#5860=ORIENTED_EDGE('',*,*,#3725,.T.);
#5861=ORIENTED_EDGE('',*,*,#3694,.T.);
#5862=ORIENTED_EDGE('',*,*,#3627,.F.);
#5863=ORIENTED_EDGE('',*,*,#3413,.T.);
#5864=ORIENTED_EDGE('',*,*,#3783,.T.);
#5865=ORIENTED_EDGE('',*,*,#3589,.T.);
#5866=ORIENTED_EDGE('',*,*,#3507,.F.);
#5867=ORIENTED_EDGE('',*,*,#3364,.T.);
#5868=ORIENTED_EDGE('',*,*,#3761,.T.);
#5869=ORIENTED_EDGE('',*,*,#5421,.F.);
#5870=ORIENTED_EDGE('',*,*,#2748,.F.);
#5871=ORIENTED_EDGE('',*,*,#5835,.T.);
#5872=EDGE_LOOP('',(#5847,#5848,#5849,#5850,#5851,#5857,#5858,#5859,#5860,#5861,#5862,#5863,#5864,#5865,#5866,#5867,#5868,#5869,#5870,#5871));
#5873=FACE_OUTER_BOUND('',#5872,.T.);
#5874=ADVANCED_FACE('',(#5873),#5846,.T.);
#5875=CARTESIAN_POINT('',(-0.25,-0.148543307086614,-0.0175));
#5876=DIRECTION('',(-1.0,0.0,0.0));
#5877=DIRECTION('',(0.0,0.0,1.0));
#5878=AXIS2_PLACEMENT_3D('',#5875,#5876,#5877);
#5879=PLANE('',#5878);
#5880=ORIENTED_EDGE('',*,*,#5510,.T.);
#5881=ORIENTED_EDGE('',*,*,#4923,.F.);
#5882=ORIENTED_EDGE('',*,*,#3185,.F.);
#5883=ORIENTED_EDGE('',*,*,#4899,.F.);
#5884=ORIENTED_EDGE('',*,*,#5543,.T.);
#5885=ORIENTED_EDGE('',*,*,#5790,.F.);
#5886=ORIENTED_EDGE('',*,*,#5727,.F.);
#5887=ORIENTED_EDGE('',*,*,#5856,.T.);
#5888=EDGE_LOOP('',(#5880,#5881,#5882,#5883,#5884,#5885,#5886,#5887));
#5889=FACE_OUTER_BOUND('',#5888,.T.);
#5890=ADVANCED_FACE('',(#5889),#5879,.T.);
#5891=CARTESIAN_POINT('',(-1.683439E-022,-1.296749E-046,0.558661417322834));
#5892=DIRECTION('',(0.0,0.0,1.0));
#5893=DIRECTION('',(1.0,0.0,0.0));
#5894=AXIS2_PLACEMENT_3D('',#5891,#5892,#5893);
#5895=SPHERICAL_SURFACE('',#5894,0.082677165354331);
#5896=CARTESIAN_POINT('',(-1.441435E-017,0.04642305217499,0.627074967865001));
#5897=VERTEX_POINT('',#5896);
#5898=CARTESIAN_POINT('',(-2.009953E-017,-1.296749E-046,0.627074967865001));
#5899=DIRECTION('',(0.0,0.0,1.0));
#5900=DIRECTION('',(0.0,-1.0,0.0));
#5901=AXIS2_PLACEMENT_3D('',#5898,#5899,#5900);
#5902=CIRCLE('',#5901,0.04642305217499);
#5903=EDGE_CURVE('',#5897,#5897,#5902,.T.);
#5904=ORIENTED_EDGE('',*,*,#5903,.F.);
#5905=EDGE_LOOP('',(#5904));
#5906=FACE_OUTER_BOUND('',#5905,.T.);
#5907=ADVANCED_FACE('',(#5906),#5895,.T.);
#5908=CARTESIAN_POINT('',(1.251403E-013,-3.016026E-013,0.899978224579105));
#5909=CARTESIAN_POINT('',(0.022056879244345,-3.053736E-013,0.90062183955317));
#5910=CARTESIAN_POINT('',(0.037667084457743,-2.139266E-013,0.885025633109789));
#5911=CARTESIAN_POINT('',(0.05327728967114,-1.224797E-013,0.869429426666408));
#5912=CARTESIAN_POINT('',(0.052653463781625,6.849427E-015,0.847371978865528));
#5913=CARTESIAN_POINT('',(1.251403E-013,-3.016142E-013,0.899978224579105));
#5914=CARTESIAN_POINT('',(0.022056879244345,0.022056879243913,0.900621839553299));
#5915=CARTESIAN_POINT('',(0.037667084457743,0.037667084457439,0.885025633110009));
#5916=CARTESIAN_POINT('',(0.05327728967114,0.053277289670966,0.86942942666672));
#5917=CARTESIAN_POINT('',(0.052653463781625,0.052653463781632,0.847371978865837));
#5918=CARTESIAN_POINT('',(1.251519E-013,-3.016142E-013,0.899978224579105));
#5919=CARTESIAN_POINT('',(1.266823E-013,0.022056879243913,0.900621839553352));
#5920=CARTESIAN_POINT('',(8.953014E-014,0.037667084457439,0.885025633110099));
#5921=CARTESIAN_POINT('',(5.237797E-014,0.053277289670966,0.869429426666847));
#5922=CARTESIAN_POINT('',(-1.629351E-016,0.052653463781632,0.847371978865963));
#5923=CARTESIAN_POINT('',(1.251635E-013,-3.016142E-013,0.899978224579105));
#5924=CARTESIAN_POINT('',(-0.022056879244092,0.022056879243913,0.900621839553404));
#5925=CARTESIAN_POINT('',(-0.037667084457564,0.037667084457439,0.885025633110189));
#5926=CARTESIAN_POINT('',(-0.053277289671036,0.053277289670966,0.869429426666974));
#5927=CARTESIAN_POINT('',(-0.052653463781625,0.052653463781632,0.847371978866088));
#5928=CARTESIAN_POINT('',(1.251635E-013,-3.016026E-013,0.899978224579105));
#5929=CARTESIAN_POINT('',(-0.022056879244092,-3.053790E-013,0.900621839553275));
#5930=CARTESIAN_POINT('',(-0.037667084457564,-2.139359E-013,0.885025633109968));
#5931=CARTESIAN_POINT('',(-0.053277289671036,-1.224927E-013,0.869429426666661));
#5932=CARTESIAN_POINT('',(-0.052653463781625,6.836530E-015,0.847371978865779));
#5933=CARTESIAN_POINT('',(1.251635E-013,-3.015910E-013,0.899978224579105));
#5934=CARTESIAN_POINT('',(-0.022056879244092,-0.022056879244524,0.900621839553145));
#5935=CARTESIAN_POINT('',(-0.037667084457564,-0.037667084457867,0.885025633109747));
#5936=CARTESIAN_POINT('',(-0.053277289671036,-0.053277289671211,0.869429426666349));
#5937=CARTESIAN_POINT('',(-0.052653463781625,-0.052653463781618,0.847371978865471));
#5938=CARTESIAN_POINT('',(1.251519E-013,-3.015910E-013,0.899978224579105));
#5939=CARTESIAN_POINT('',(1.266877E-013,-0.022056879244524,0.900621839553093));
#5940=CARTESIAN_POINT('',(8.953937E-014,-0.037667084457867,0.885025633109658));
#5941=CARTESIAN_POINT('',(5.239102E-014,-0.053277289671211,0.869429426666222));
#5942=CARTESIAN_POINT('',(-1.500387E-016,-0.052653463781618,0.847371978865345));
#5943=CARTESIAN_POINT('',(1.251403E-013,-3.015910E-013,0.899978224579105));
#5944=CARTESIAN_POINT('',(0.022056879244345,-0.022056879244524,0.90062183955304));
#5945=CARTESIAN_POINT('',(0.037667084457743,-0.037667084457867,0.885025633109568));
#5946=CARTESIAN_POINT('',(0.05327728967114,-0.05327728967121,0.869429426666095));
#5947=CARTESIAN_POINT('',(0.052653463781625,-0.052653463781618,0.84737197886522));
#5948=CARTESIAN_POINT('',(1.251403E-013,-3.016026E-013,0.899978224579105));
#5949=CARTESIAN_POINT('',(0.022056879244345,-3.053736E-013,0.90062183955317));
#5950=CARTESIAN_POINT('',(0.037667084457743,-2.139266E-013,0.885025633109789));
#5951=CARTESIAN_POINT('',(0.05327728967114,-1.224797E-013,0.869429426666408));
#5952=CARTESIAN_POINT('',(0.052653463781625,6.849427E-015,0.847371978865528));
#5960=(BOUNDED_SURFACE()B_SPLINE_SURFACE(2,2,((#5908,#5913,#5918,#5923,#5928,#5933,#5938,#5943,#5948),(#5909,#5914,#5919,#5924,#5929,#5934,#5939,#5944,#5949),(#5910,#5915,#5920,#5925,#5930,#5935,#5940,#5945,#5950),(#5911,#5916,#5921,#5926,#5931,#5936,#5941,#5946,#5951),(#5912,#5917,#5922,#5927,#5932,#5937,#5942,#5947,#5952)),.UNSPECIFIED.,.F.,.T.,.U.)B_SPLINE_SURFACE_WITH_KNOTS((3,2,3),(3,2,2,2,3),(-1.599967833312173,-0.785846749710603,0.028274333890967),(0.0,1.570796326794897,3.141592653589793,4.71238898038469,6.283185307179586),.UNSPECIFIED.)GEOMETRIC_REPRESENTATION_ITEM()RATIONAL_B_SPLINE_SURFACE(((1.0,0.707106781186548,1.0,0.707106781186548,1.0,0.707106781186548,1.0,0.707106781186548,1.0),(0.918288554437546,0.649328063928781,0.918288554437546,0.649328063928781,0.918288554437546,0.649328063928781,0.918288554437546,0.649328063928781,0.918288554437546),(1.0,0.707106781186548,1.0,0.707106781186548,1.0,0.707106781186548,1.0,0.707106781186548,1.0),(0.918288554437535,0.649328063928773,0.918288554437535,0.649328063928773,0.918288554437535,0.649328063928773,0.918288554437535,0.649328063928773,0.918288554437535),(1.0,0.707106781186548,1.0,0.707106781186548,1.0,0.707106781186548,1.0,0.707106781186548,1.0)))REPRESENTATION_ITEM('')SURFACE());
#5961=CARTESIAN_POINT('',(4.526648E-014,-0.001492818122122,0.900000000000007));
#5962=VERTEX_POINT('',#5961);
#5963=CARTESIAN_POINT('',(-2.009953E-017,-1.296749E-046,0.9));
#5964=DIRECTION('',(0.0,0.0,-1.0));
#5965=DIRECTION('',(0.0,-1.0,0.0));
#5966=AXIS2_PLACEMENT_3D('',#5963,#5964,#5965);
#5967=CIRCLE('',#5966,0.001492818114504);
#5968=EDGE_CURVE('',#5962,#5962,#5967,.T.);
#5969=ORIENTED_EDGE('',*,*,#5968,.T.);
#5970=EDGE_LOOP('',(#5969));
#5971=FACE_OUTER_BOUND('',#5970,.T.);
#5972=CARTESIAN_POINT('',(-1.365134E-017,0.052653463781643,0.847371978866088));
#5973=VERTEX_POINT('',#5972);
#5974=CARTESIAN_POINT('',(-2.332352E-017,-1.296749E-046,0.847371978866088));
#5975=DIRECTION('',(0.0,0.0,1.0));
#5976=DIRECTION('',(0.0,-1.0,0.0));
#5977=AXIS2_PLACEMENT_3D('',#5974,#5975,#5976);
#5978=CIRCLE('',#5977,0.052653463781643);
#5979=EDGE_CURVE('',#5973,#5973,#5978,.T.);
#5980=ORIENTED_EDGE('',*,*,#5979,.T.);
#5981=EDGE_LOOP('',(#5980));
#5982=FACE_BOUND('',#5981,.T.);
#5983=ADVANCED_FACE('',(#5971,#5982),#5960,.T.);
#5984=CARTESIAN_POINT('',(-2.009953E-017,-1.296612E-046,34.34397276336184));
#5985=DIRECTION('',(0.0,0.0,1.0));
#5986=DIRECTION('',(0.0,1.0,0.0));
#5987=AXIS2_PLACEMENT_3D('',#5984,#5985,#5986);
#5988=CONICAL_SURFACE('',#5987,1.0,1.62);
#5989=ORIENTED_EDGE('',*,*,#5979,.F.);
#5990=EDGE_LOOP('',(#5989));
#5991=FACE_OUTER_BOUND('',#5990,.T.);
#5992=ORIENTED_EDGE('',*,*,#5903,.T.);
#5993=EDGE_LOOP('',(#5992));
#5994=FACE_BOUND('',#5993,.T.);
#5995=ADVANCED_FACE('',(#5991,#5994),#5988,.T.);
#5996=CARTESIAN_POINT('',(0.001642099925954,0.001642099925954,0.9));
#5997=DIRECTION('',(0.0,0.0,-1.0));
#5998=DIRECTION('',(-1.0,0.0,0.0));
#5999=AXIS2_PLACEMENT_3D('',#5996,#5997,#5998);
#6000=PLANE('',#5999);
#6001=ORIENTED_EDGE('',*,*,#5968,.F.);
#6002=EDGE_LOOP('',(#6001));
#6003=FACE_OUTER_BOUND('',#6002,.T.);
#6004=ADVANCED_FACE('',(#6003),#6000,.F.);
#6005=CLOSED_SHELL('',(#189,#221,#256,#288,#310,#345,#377,#412,#444,#466,#488,#510,#527,#544,#590,#607,#624,#655,#733,#758,#828,#845,#862,#884,#901,#918,#930,#942,#977,#1009,#1044,#1076,#1098,#1133,#1165,#1200,#1232,#1254,#1276,#1298,#1315,#1332,#1378,#1395,#1412,#1443,#1521,#1546,#1570,#1595,#1612,#1662,#1684,#1701,#1718,#1730,#1772,#1814,#1856,#1891,#1922,#1957,#1998,#2020,#2055,#2086,#2121,#2152,#2174,#2196,#2218,#2244,#2261,#2286,#2332,#2351,#2368,#2399,#2477,#2509,#2533,#2551,#2583,#2607,#2631,#2649,#2674,#2686,#2793,#2826,#2859,#2884,#2909,#2937,#3023,#3041,#3074,#3098,#3122,#3156,#3203,#3254,#3294,#3334,#3383,#3432,#3463,#3494,#3526,#3567,#3599,#3631,#3672,#3704,#3735,#3766,#3788,#3819,#3859,#3899,#3930,#3952,#3991,#4030,#4070,#4101,#4132,#4163,#4194,#4225,#4256,#4287,#4318,#4349,#4380,#4402,#4442,#4473,#4504,#4535,#4566,#4597,#4628,#4659,#4690,#4721,#4752,#4774,#4808,#4832,#4863,#4887,#4911,#4942,#4966,#5003,#5012,#5049,#5069,#5092,#5115,#5138,#5169,#5193,#5216,#5248,#5271,#5295,#5318,#5343,#5366,#5385,#5408,#5425,#5448,#5472,#5497,#5522,#5547,#5572,#5585,#5603,#5615,#5633,#5645,#5671,#5688,#5702,#5751,#5808,#5820,#5841,#5874,#5890,#5907,#5983,#5995,#6004));
#6006=MANIFOLD_SOLID_BREP('',#6005);
#6007=COLOUR_RGB('',0.75,0.75,0.75);
#6008=FILL_AREA_STYLE_COLOUR('',#6007);
#6009=FILL_AREA_STYLE('',(#6008));
#6010=SURFACE_STYLE_FILL_AREA(#6009);
#6011=SURFACE_SIDE_STYLE('',(#6010));
#6012=SURFACE_STYLE_USAGE(.BOTH.,#6011);
#6013=PRESENTATION_STYLE_ASSIGNMENT((#6012));
#6014=STYLED_ITEM('',(#6013),#6006);
#6015=MECHANICAL_DESIGN_GEOMETRIC_PRESENTATION_REPRESENTATION('',(#6014),#123);
#6016=ADVANCED_BREP_SHAPE_REPRESENTATION('ABSR',(#6006),#123);
#6017=SHAPE_REPRESENTATION_RELATIONSHIP('SRR','None',#6016,#128);
ENDSEC;
END-ISO-10303-21;
